{
	"parent": "item/handheld",
	"textures": {
		"layer0": "item/bread"
	},
	"overrides": [
		{ "predicate": { "custom_model_data": 1}, "model": "item/bread/1" },
		{ "predicate": { "custom_model_data": 2}, "model": "item/bread/2" },
		{ "predicate": { "custom_model_data": 3}, "model": "item/bread/3" },
		{ "predicate": { "custom_model_data": 4}, "model": "item/bread/4" },
		{ "predicate": { "custom_model_data": 5}, "model": "item/bread/5" },
		{ "predicate": { "custom_model_data": 6}, "model": "item/bread/6" },
		{ "predicate": { "custom_model_data": 7}, "model": "item/bread/7" },
		{ "predicate": { "custom_model_data": 8}, "model": "item/bread/8" }
	]
}
