{
	"credit": "Made with Blockbench",
	"parent": "trumpet",
	"texture_size": [64, 64],
	"textures": {
		"2": "dee_instruments/brass/trompet_orange"
	},
	"elements": [
		{
			"from": [5.5, 3, -2.5],
			"to": [10.5, 8, -2],
			"faces": {
				"north": {"uv": [0.25, 0.25, 1.5, 1.5], "texture": "#2"},
				"east": {"uv": [0, 0.25, 0.25, 1.5], "texture": "#2"},
				"south": {"uv": [1.5, 0.25, 2.75, 1.5], "texture": "#2"},
				"west": {"uv": [2.75, 0.25, 3, 1.5], "texture": "#2"},
				"up": {"uv": [1.5, 0, 0.25, 0.25], "texture": "#2"},
				"down": {"uv": [2.75, 0, 1.5, 0.25], "texture": "#2"}
			}
		},
		{
			"from": [7, 4.5, 1],
			"to": [9, 6.5, 3],
			"faces": {
				"north": {"uv": [8.5, 0.5, 9, 1], "texture": "#2"},
				"east": {"uv": [8, 0.5, 8.5, 1], "texture": "#2"},
				"south": {"uv": [9, 0.5, 9.5, 1], "texture": "#2"},
				"west": {"uv": [9.5, 0.5, 10, 1], "texture": "#2"},
				"up": {"uv": [8.5, 0, 9, 0.5], "texture": "#2"},
				"down": {"uv": [9, 0, 9.5, 0.5], "texture": "#2"}
			}
		},
		{
			"from": [6.5, 4, -1],
			"to": [9.5, 7, 1],
			"faces": {
				"north": {"uv": [6, 0.5, 6.75, 1.25], "texture": "#2"},
				"east": {"uv": [5.5, 0.5, 6, 1.25], "texture": "#2"},
				"south": {"uv": [6.75, 0.5, 7.5, 1.25], "texture": "#2"},
				"west": {"uv": [7.5, 0.5, 8, 1.25], "texture": "#2"},
				"up": {"uv": [6.75, 0.5, 6, 0], "texture": "#2"},
				"down": {"uv": [7.5, 0.5, 6.75, 0], "texture": "#2"}
			}
		},
		{
			"from": [6, 3.5, -2],
			"to": [10, 7.5, -1],
			"faces": {
				"north": {"uv": [3.25, 0.25, 4.25, 1.25], "texture": "#2"},
				"east": {"uv": [3, 0.25, 3.25, 1.25], "texture": "#2"},
				"south": {"uv": [4.25, 0.25, 5.25, 1.25], "texture": "#2"},
				"west": {"uv": [5.25, 0.25, 5.5, 1.25], "texture": "#2"},
				"up": {"uv": [4.25, 0.25, 3.25, 0], "texture": "#2"},
				"down": {"uv": [5.25, 0.25, 4.25, 0], "texture": "#2"}
			}
		},
		{
			"from": [7.25, 4.75, 3],
			"to": [8.25, 6.25, 18],
			"faces": {
				"north": {"uv": [0, 5, 0.5, 5.5], "texture": "#2"},
				"east": {"uv": [0, 5, 3.75, 5.5], "texture": "#2"},
				"south": {"uv": [0, 5, 0.5, 5.5], "texture": "#2"},
				"west": {"uv": [0, 5, 3.75, 5.5], "texture": "#2"},
				"up": {"uv": [0.25, 5.25, 0, 1.5], "texture": "#2"},
				"down": {"uv": [0.25, 9, 0, 5.25], "texture": "#2"}
			}
		},
		{
			"from": [7.2495, 2.5, 17.25],
			"to": [8.2505, 5.5, 18.75],
			"faces": {
				"north": {"uv": [5.25, 2.5, 5.5, 4], "texture": "#2"},
				"east": {"uv": [4.75, 2.5, 5.25, 4], "texture": "#2"},
				"south": {"uv": [4.5, 2.5, 4.75, 4], "texture": "#2"},
				"west": {"uv": [4, 2.5, 4.5, 4], "texture": "#2"},
				"up": {"uv": [4.75, 2.5, 4.5, 2], "texture": "#2"},
				"down": {"uv": [5, 2, 4.75, 2.5], "texture": "#2"}
			}
		},
		{
			"from": [7.25, 2, 13.25],
			"to": [8.25, 3, 18.25],
			"rotation": {"angle": 0, "axis": "y", "origin": [8, 2.5, 14.75]},
			"faces": {
				"north": {"uv": [0, 5, 0.5, 5.5], "texture": "#2"},
				"east": {"uv": [0, 5, 1.25, 5.5], "texture": "#2"},
				"south": {"uv": [0, 5, 0.5, 5.5], "texture": "#2"},
				"west": {"uv": [0, 5, 1.25, 5.5], "texture": "#2"},
				"up": {"uv": [0.25, 5.25, 0, 4], "texture": "#2"},
				"down": {"uv": [0.25, 5.25, 0, 6.5], "texture": "#2"}
			}
		},
		{
			"from": [10.515, 2, 12.045],
			"to": [11.515, 3.001, 13.145],
			"rotation": {"angle": -45, "axis": "y", "origin": [8.75, 2.5, 9.25]},
			"faces": {
				"north": {"uv": [0, 5, 0.5, 5.5], "texture": "#2"},
				"east": {"uv": [0, 5, 0.5, 5.5], "texture": "#2"},
				"south": {"uv": [0, 5, 0.5, 5.5], "texture": "#2"},
				"west": {"uv": [0, 5, 0.5, 5.5], "texture": "#2"},
				"up": {"uv": [0, 5, 0.25, 5.25], "texture": "#2"},
				"down": {"uv": [0, 5.25, 0.25, 5.5], "texture": "#2"}
			}
		},
		{
			"from": [7.75, 1, 9],
			"to": [8.75, 7, 10],
			"rotation": {"angle": 0, "axis": "y", "origin": [0, 0, -1]},
			"faces": {
				"north": {"uv": [10.5, 1.25, 10.75, 2.75], "texture": "#2"},
				"east": {"uv": [10.25, 1.25, 10.5, 2.75], "texture": "#2"},
				"south": {"uv": [10.75, 1.25, 11, 2.75], "texture": "#2"},
				"west": {"uv": [11, 1.25, 11.25, 2.75], "texture": "#2"},
				"up": {"uv": [10.75, 1.25, 10.5, 1], "texture": "#2"},
				"down": {"uv": [11, 1.25, 10.75, 1], "texture": "#2"}
			}
		},
		{
			"from": [8, 7, 9.25],
			"to": [8.5, 7.5, 9.75],
			"rotation": {"angle": 0, "axis": "y", "origin": [0, 0, -1]},
			"faces": {
				"north": {"uv": [10.75, 1, 10.5, 0.75], "texture": "#2"},
				"east": {"uv": [10.5, 1, 10.25, 0.75], "texture": "#2"},
				"south": {"uv": [11, 1, 10.75, 0.75], "texture": "#2"},
				"west": {"uv": [11.25, 1, 11, 0.75], "texture": "#2"},
				"up": {"uv": [10.75, 0.75, 10.5, 0.5], "texture": "#2"},
				"down": {"uv": [11, 0.75, 10.75, 0.5], "texture": "#2"}
			}
		},
		{
			"from": [7.75, 7.5, 9],
			"to": [8.75, 7.6, 10],
			"rotation": {"angle": 0, "axis": "y", "origin": [0, 0, -1]},
			"faces": {
				"north": {"uv": [10.75, 0.5, 10.5, 0.25], "texture": "#2"},
				"east": {"uv": [11.25, 0.5, 11, 0.25], "texture": "#2"},
				"south": {"uv": [11, 0.5, 10.75, 0.25], "texture": "#2"},
				"west": {"uv": [10.5, 0.5, 10.25, 0.25], "texture": "#2"},
				"up": {"uv": [10.75, 0.25, 10.5, 0], "texture": "#2"},
				"down": {"uv": [11, 0.25, 10.75, 0], "texture": "#2"}
			}
		},
		{
			"from": [7.05, 2, 5.95],
			"to": [8.05, 3, 8.95],
			"rotation": {"angle": 0, "axis": "y", "origin": [8, 2.5, 14.5]},
			"faces": {
				"north": {"uv": [0, 5, 0.5, 5.5], "texture": "#2"},
				"east": {"uv": [0, 5, 0.75, 5.5], "texture": "#2"},
				"south": {"uv": [0, 5, 0.5, 5.5], "texture": "#2"},
				"west": {"uv": [0, 5, 0.75, 5.5], "texture": "#2"},
				"up": {"uv": [0.25, 5.25, 0, 4.5], "texture": "#2"},
				"down": {"uv": [0.25, 5.25, 0, 6], "texture": "#2"}
			}
		},
		{
			"from": [7.0495, 2.5, 5.45],
			"to": [8.0505, 4, 6.45],
			"rotation": {"angle": 0, "axis": "y", "origin": [8, 2.5, 14.5]},
			"faces": {
				"north": {"uv": [2.75, 2.5, 3, 3.25], "texture": "#2"},
				"east": {"uv": [2.25, 2.5, 2.75, 3.25], "texture": "#2"},
				"south": {"uv": [3.5, 2.5, 3.75, 3.25], "texture": "#2"},
				"west": {"uv": [3, 2.5, 3.5, 3.25], "texture": "#2"},
				"up": {"uv": [2.75, 2, 3, 2.5], "texture": "#2"},
				"down": {"uv": [3, 2, 3.25, 2.5], "texture": "#2"}
			}
		},
		{
			"from": [7.05, 3.5, 5.95],
			"to": [8.05, 4.5, 8.95],
			"rotation": {"angle": 0, "axis": "y", "origin": [8, 2.5, 14.5]},
			"faces": {
				"north": {"uv": [0, 5, 0.5, 5.5], "texture": "#2"},
				"east": {"uv": [0, 5, 0.75, 5.5], "texture": "#2"},
				"south": {"uv": [0, 5, 0.5, 5.5], "texture": "#2"},
				"west": {"uv": [0, 5, 0.75, 5.5], "texture": "#2"},
				"up": {"uv": [0.25, 5.25, 0, 4.5], "texture": "#2"},
				"down": {"uv": [0.25, 5.25, 0, 6], "texture": "#2"}
			}
		},
		{
			"from": [7.79, 3.5, 8.26289],
			"to": [8.79, 4.5, 9.36289],
			"rotation": {"angle": 45, "axis": "y", "origin": [8.25, 2.5, 9.5]},
			"faces": {
				"north": {"uv": [0, 5, 0.5, 5.5], "texture": "#2"},
				"east": {"uv": [0, 5, 0.5, 5.5], "texture": "#2"},
				"south": {"uv": [0, 5, 0.5, 5.5], "texture": "#2"},
				"west": {"uv": [0, 5, 0.5, 5.5], "texture": "#2"},
				"up": {"uv": [0, 5, 0.25, 5.25], "texture": "#2"},
				"down": {"uv": [0, 5.25, 0.25, 5.5], "texture": "#2"}
			}
		},
		{
			"from": [7.79, 2, 8.26289],
			"to": [8.79, 2.9999, 9.36289],
			"rotation": {"angle": 45, "axis": "y", "origin": [8.25, 2.5, 9.5]},
			"faces": {
				"north": {"uv": [0, 5, 0.5, 5.5], "texture": "#2"},
				"east": {"uv": [0, 5, 0.5, 5.5], "texture": "#2"},
				"south": {"uv": [0, 5, 0.5, 5.5], "texture": "#2"},
				"west": {"uv": [0, 5, 0.5, 5.5], "texture": "#2"},
				"up": {"uv": [0, 5, 0.25, 5.25], "texture": "#2"},
				"down": {"uv": [0, 5.25, 0.25, 5.5], "texture": "#2"}
			}
		},
		{
			"from": [7.75, 1, 10.5],
			"to": [8.75, 7, 11.5],
			"rotation": {"angle": 0, "axis": "y", "origin": [0, 0, -1]},
			"faces": {
				"north": {"uv": [10.5, 1.25, 10.75, 2.75], "texture": "#2"},
				"east": {"uv": [10.25, 1.25, 10.5, 2.75], "texture": "#2"},
				"south": {"uv": [10.75, 1.25, 11, 2.75], "texture": "#2"},
				"west": {"uv": [11, 1.25, 11.25, 2.75], "texture": "#2"},
				"up": {"uv": [10.75, 1.25, 10.5, 1], "texture": "#2"},
				"down": {"uv": [11, 1.25, 10.75, 1], "texture": "#2"}
			}
		},
		{
			"from": [8, 7, 10.75],
			"to": [8.5, 7.5, 11.25],
			"rotation": {"angle": 0, "axis": "y", "origin": [0, 0, -1]},
			"faces": {
				"north": {"uv": [10.75, 1, 10.5, 0.75], "texture": "#2"},
				"east": {"uv": [10.5, 1, 10.25, 0.75], "texture": "#2"},
				"south": {"uv": [11, 1, 10.75, 0.75], "texture": "#2"},
				"west": {"uv": [11.25, 1, 11, 0.75], "texture": "#2"},
				"up": {"uv": [10.75, 0.75, 10.5, 0.5], "texture": "#2"},
				"down": {"uv": [11, 0.75, 10.75, 0.5], "texture": "#2"}
			}
		},
		{
			"from": [7.75, 7.5, 10.5],
			"to": [8.75, 7.6, 11.5],
			"rotation": {"angle": 0, "axis": "y", "origin": [0, 0, -1]},
			"faces": {
				"north": {"uv": [10.75, 0.5, 10.5, 0.25], "texture": "#2"},
				"east": {"uv": [11.25, 0.5, 11, 0.25], "texture": "#2"},
				"south": {"uv": [11, 0.5, 10.75, 0.25], "texture": "#2"},
				"west": {"uv": [10.5, 0.5, 10.25, 0.25], "texture": "#2"},
				"up": {"uv": [10.75, 0.25, 10.5, 0], "texture": "#2"},
				"down": {"uv": [11, 0.25, 10.75, 0], "texture": "#2"}
			}
		},
		{
			"from": [8.25, 2, 10.72487],
			"to": [9.5, 2.5, 11.22487],
			"rotation": {"angle": -22.5, "axis": "y", "origin": [8.75, 2.5, 11.47487]},
			"faces": {
				"north": {"uv": [0, 5, 0.25, 5.5], "texture": "#2"},
				"east": {"uv": [0, 5, 0.25, 5.5], "texture": "#2"},
				"south": {"uv": [0, 5, 0.25, 5.5], "texture": "#2"},
				"west": {"uv": [0, 5, 0.25, 5.5], "texture": "#2"},
				"up": {"uv": [0, 5, 0.25, 5.25], "texture": "#2"},
				"down": {"uv": [0, 5.25, 0.25, 5.5], "texture": "#2"}
			}
		},
		{
			"from": [9.25, 2.25, 10.7244],
			"to": [9.75, 3.25, 11.2254],
			"rotation": {"angle": -22.5, "axis": "y", "origin": [8.75, 2.5, 11.47487]},
			"faces": {
				"north": {"uv": [4.75, 3, 5.25, 4], "texture": "#2"},
				"east": {"uv": [4.5, 3, 4.75, 4], "texture": "#2"},
				"south": {"uv": [4, 3, 4.5, 4], "texture": "#2"},
				"west": {"uv": [5.25, 3, 5.5, 4], "texture": "#2"},
				"up": {"uv": [4.25, 2, 4.75, 2.25], "texture": "#2"},
				"down": {"uv": [4.5, 2, 5, 2.25], "texture": "#2"}
			}
		},
		{
			"from": [8.25, 3, 10.72487],
			"to": [9.5, 3.5, 11.22487],
			"rotation": {"angle": -22.5, "axis": "y", "origin": [8.75, 2.5, 11.47487]},
			"faces": {
				"north": {"uv": [0, 5, 0.25, 5.5], "texture": "#2"},
				"east": {"uv": [0, 5, 0.25, 5.5], "texture": "#2"},
				"south": {"uv": [0, 5, 0.25, 5.5], "texture": "#2"},
				"west": {"uv": [0, 5, 0.25, 5.5], "texture": "#2"},
				"up": {"uv": [0, 5, 0.25, 5.25], "texture": "#2"},
				"down": {"uv": [0, 5.25, 0.25, 5.5], "texture": "#2"}
			}
		},
		{
			"from": [7.75, 1, 12],
			"to": [8.75, 7, 13],
			"rotation": {"angle": 0, "axis": "y", "origin": [0, 0, -1]},
			"faces": {
				"north": {"uv": [10.5, 1.25, 10.75, 2.75], "texture": "#2"},
				"east": {"uv": [10.25, 1.25, 10.5, 2.75], "texture": "#2"},
				"south": {"uv": [10.75, 1.25, 11, 2.75], "texture": "#2"},
				"west": {"uv": [11, 1.25, 11.25, 2.75], "texture": "#2"},
				"up": {"uv": [10.75, 1.25, 10.5, 1], "texture": "#2"},
				"down": {"uv": [11, 1.25, 10.75, 1], "texture": "#2"}
			}
		},
		{
			"from": [8, 7, 12.25],
			"to": [8.5, 7.5, 12.75],
			"rotation": {"angle": 0, "axis": "y", "origin": [0, 0, -1]},
			"faces": {
				"north": {"uv": [10.75, 1, 10.5, 0.75], "texture": "#2"},
				"east": {"uv": [10.5, 1, 10.25, 0.75], "texture": "#2"},
				"south": {"uv": [11, 1, 10.75, 0.75], "texture": "#2"},
				"west": {"uv": [11.25, 1, 11, 0.75], "texture": "#2"},
				"up": {"uv": [10.75, 0.75, 10.5, 0.5], "texture": "#2"},
				"down": {"uv": [11, 0.75, 10.75, 0.5], "texture": "#2"}
			}
		},
		{
			"from": [7.75, 7.5, 12],
			"to": [8.75, 7.6, 13],
			"rotation": {"angle": 0, "axis": "y", "origin": [0, 0, -1]},
			"faces": {
				"north": {"uv": [10.75, 0.5, 10.5, 0.25], "texture": "#2"},
				"east": {"uv": [11.25, 0.5, 11, 0.25], "texture": "#2"},
				"south": {"uv": [11, 0.5, 10.75, 0.25], "texture": "#2"},
				"west": {"uv": [10.5, 0.5, 10.25, 0.25], "texture": "#2"},
				"up": {"uv": [10.75, 0.25, 10.5, 0], "texture": "#2"},
				"down": {"uv": [11, 0.25, 10.75, 0], "texture": "#2"}
			}
		},
		{
			"from": [8.74394, 2, 13.32869],
			"to": [9.74394, 3, 15.32869],
			"rotation": {"angle": 0, "axis": "y", "origin": [9.14697, 3.25, 14.51434]},
			"faces": {
				"north": {"uv": [0, 5, 0.5, 5.5], "texture": "#2"},
				"east": {"uv": [0, 5, 0.5, 5.5], "texture": "#2"},
				"south": {"uv": [0, 5, 0.5, 5.5], "texture": "#2"},
				"west": {"uv": [0, 5, 0.5, 5.5], "texture": "#2"},
				"up": {"uv": [0.25, 5.25, 0, 4.75], "texture": "#2"},
				"down": {"uv": [0.25, 5.25, 0, 5.75], "texture": "#2"}
			}
		},
		{
			"from": [8.7434, 2.5, 14.82869],
			"to": [9.7444, 4, 15.82869],
			"rotation": {"angle": 0, "axis": "y", "origin": [9.14697, 3.25, 14.51434]},
			"faces": {
				"north": {"uv": [3.5, 2.5, 3.75, 3.25], "texture": "#2"},
				"east": {"uv": [3, 2.5, 3.5, 3.25], "texture": "#2"},
				"south": {"uv": [2.75, 2.5, 3, 3.25], "texture": "#2"},
				"west": {"uv": [2.25, 2.5, 2.75, 3.25], "texture": "#2"},
				"up": {"uv": [2.5, 2, 2.75, 2.5], "texture": "#2"},
				"down": {"uv": [3, 2, 3.25, 2.5], "texture": "#2"}
			}
		},
		{
			"from": [8.74394, 3.5, 13.32869],
			"to": [9.74394, 4.5, 15.32869],
			"rotation": {"angle": 0, "axis": "y", "origin": [9.14697, 3.25, 14.51434]},
			"faces": {
				"north": {"uv": [0, 5, 0.5, 5.5], "texture": "#2"},
				"east": {"uv": [0, 5, 0.5, 5.5], "texture": "#2"},
				"south": {"uv": [0, 5, 0.5, 5.5], "texture": "#2"},
				"west": {"uv": [0, 5, 0.5, 5.5], "texture": "#2"},
				"up": {"uv": [0.25, 5.25, 0, 4.75], "texture": "#2"},
				"down": {"uv": [0.25, 5.25, 0, 5.75], "texture": "#2"}
			}
		},
		{
			"from": [7.82118, 3.5, 12.91605],
			"to": [9.22118, 4.5, 13.91605],
			"rotation": {"angle": -45, "axis": "y", "origin": [9, 3.25, 13.75]},
			"faces": {
				"north": {"uv": [0, 5, 0.5, 5.5], "texture": "#2"},
				"east": {"uv": [0, 5, 0.5, 5.5], "texture": "#2"},
				"south": {"uv": [0, 5, 0.5, 5.5], "texture": "#2"},
				"west": {"uv": [0, 5, 0.5, 5.5], "texture": "#2"},
				"up": {"uv": [0, 5, 0.25, 5.25], "texture": "#2"},
				"down": {"uv": [0, 5.25, 0.25, 5.5], "texture": "#2"}
			}
		},
		{
			"from": [7.82118, 2, 12.91605],
			"to": [9.22118, 2.999, 13.91605],
			"rotation": {"angle": -45, "axis": "y", "origin": [9, 3.25, 13.75]},
			"faces": {
				"north": {"uv": [0, 5, 0.5, 5.5], "texture": "#2"},
				"east": {"uv": [0, 5, 0.5, 5.5], "texture": "#2"},
				"south": {"uv": [0, 5, 0.5, 5.5], "texture": "#2"},
				"west": {"uv": [0, 5, 0.5, 5.5], "texture": "#2"},
				"up": {"uv": [0, 5, 0.25, 5.25], "texture": "#2"},
				"down": {"uv": [0, 5.25, 0.25, 5.5], "texture": "#2"}
			}
		},
		{
			"from": [8, 2, 9.75],
			"to": [8.5, 2.5, 10.75],
			"rotation": {"angle": 0, "axis": "y", "origin": [7.125, 2.25, 10.25]},
			"faces": {
				"north": {"uv": [0, 5, 0.25, 5.5], "texture": "#2"},
				"east": {"uv": [0, 5, 0.25, 5.5], "texture": "#2"},
				"south": {"uv": [0, 5, 0.25, 5.5], "texture": "#2"},
				"west": {"uv": [0, 5, 0.25, 5.5], "texture": "#2"},
				"up": {"uv": [0, 5, 0.25, 5.25], "texture": "#2"},
				"down": {"uv": [0, 5.25, 0.25, 5.5], "texture": "#2"}
			}
		},
		{
			"from": [8, 2.25, 11.25],
			"to": [8.5, 2.75, 12.25],
			"rotation": {"angle": 0, "axis": "y", "origin": [7.125, 2.25, 10.25]},
			"faces": {
				"north": {"uv": [0, 5, 0.25, 5.5], "texture": "#2"},
				"east": {"uv": [0, 5, 0.25, 5.5], "texture": "#2"},
				"south": {"uv": [0, 5, 0.25, 5.5], "texture": "#2"},
				"west": {"uv": [0, 5, 0.25, 5.5], "texture": "#2"},
				"up": {"uv": [0, 5, 0.25, 5.25], "texture": "#2"},
				"down": {"uv": [0, 5.25, 0.25, 5.5], "texture": "#2"}
			}
		},
		{
			"from": [8.29, 2, 8.47],
			"to": [9.29, 3.0001, 9.57],
			"rotation": {"angle": -45, "axis": "y", "origin": [8.75, 2.5, 9]},
			"faces": {
				"north": {"uv": [0, 5, 0.5, 5.5], "texture": "#2"},
				"east": {"uv": [0, 5, 0.5, 5.5], "texture": "#2"},
				"south": {"uv": [0, 5, 0.5, 5.5], "texture": "#2"},
				"west": {"uv": [0, 5, 0.5, 5.5], "texture": "#2"},
				"up": {"uv": [0, 5, 0.25, 5.25], "texture": "#2"},
				"down": {"uv": [0, 5.25, 0.25, 5.5], "texture": "#2"}
			}
		},
		{
			"from": [8.5, 2, 4],
			"to": [9.5, 3, 9],
			"rotation": {"angle": 0, "axis": "y", "origin": [0, 0, -1]},
			"faces": {
				"north": {"uv": [0, 5, 0.5, 5.5], "texture": "#2"},
				"east": {"uv": [0, 5, 1.25, 5.5], "texture": "#2"},
				"south": {"uv": [0, 5, 0.5, 5.5], "texture": "#2"},
				"west": {"uv": [0, 5, 1.25, 5.5], "texture": "#2"},
				"up": {"uv": [0.25, 5.25, 0, 4], "texture": "#2"},
				"down": {"uv": [0.25, 5.25, 0, 6.5], "texture": "#2"}
			}
		},
		{
			"from": [8.4995, 2.5, 3.5],
			"to": [9.5005, 5.5, 4.5],
			"rotation": {"angle": 0, "axis": "y", "origin": [0, 0, -1]},
			"faces": {
				"north": {"uv": [4.5, 2.5, 4.75, 4], "texture": "#2"},
				"east": {"uv": [4, 2.5, 4.5, 4], "texture": "#2"},
				"south": {"uv": [5.25, 2.5, 5.5, 4], "texture": "#2"},
				"west": {"uv": [4.75, 2.5, 5.25, 4], "texture": "#2"},
				"up": {"uv": [4.5, 2, 4.75, 2.5], "texture": "#2"},
				"down": {"uv": [4.75, 2, 5, 2.5], "texture": "#2"}
			}
		},
		{
			"from": [8.5, 5, 4],
			"to": [9.5, 6, 20],
			"rotation": {"angle": 0, "axis": "y", "origin": [0, 0, -1]},
			"faces": {
				"north": {"uv": [7.75, 5.25, 8.25, 5.75], "texture": "#2"},
				"east": {"uv": [4, 5.25, 12, 5.75], "texture": "#2"},
				"south": {"uv": [11.5, 4.75, 12, 5.25], "texture": "#2"},
				"west": {"uv": [4, 4.75, 12, 5.25], "texture": "#2"},
				"up": {"uv": [8, 13.75, 7.75, 5.75], "texture": "#2"},
				"down": {"uv": [8.25, 13.75, 8, 5.75], "texture": "#2"}
			}
		},
		{
			"name": "mouthpiece",
			"from": [8.25, 4.75, 20],
			"to": [9.75, 6.25, 21],
			"rotation": {"angle": 0, "axis": "y", "origin": [0, 0, -1]},
			"faces": {
				"north": {"uv": [7.5, 3, 8.25, 3.75], "texture": "#2"},
				"east": {"uv": [8.25, 3, 8.5, 3.75], "texture": "#2"},
				"south": {"uv": [6.75, 3, 7.5, 3.75], "texture": "#2"},
				"west": {"uv": [6.5, 3, 6.75, 3.75], "texture": "#2"},
				"up": {"uv": [6.75, 2.75, 7.5, 3], "texture": "#2"},
				"down": {"uv": [7.5, 2.75, 8.25, 3], "texture": "#2"}
			}
		}
	],
	"display": {
		"thirdperson_righthand": {
			"translation": [-0.25, 4, 1.25],
			"scale": [0.7, 0.7, 0.7]
		},
		"thirdperson_lefthand": {
			"translation": [0.25, 4, 1.25],
			"scale": [0.7, 0.7, 0.7]
		},
		"firstperson_righthand": {
			"rotation": [-20, 0, 0],
			"translation": [0, 5.5, 1],
			"scale": [0.8, 0.8, 0.8]
		},
		"firstperson_lefthand": {
			"rotation": [-20, 0, 0],
			"translation": [0, 5.5, 1],
			"scale": [0.8, 0.8, 0.8]
		},
		"ground": {
			"translation": [0, 2, 0],
			"scale": [0.4, 0.4, 0.4]
		},
		"gui": {
			"rotation": [20, 140, 0],
			"translation": [0, 2, 0],
			"scale": [0.7, 0.7, 0.7]
		},
		"head": {
			"rotation": [-90, 0, 0],
			"translation": [0, 16.75, -3]
		},
		"fixed": {
			"rotation": [0, 90, 0],
			"translation": [-0.75, 2.25, 0],
			"scale": [0.7, 0.7, 0.7]
		}
	},
	"groups": [
		{
			"name": "bell",
			"origin": [8, 8, 8],
			"color": 0,
			"children": [0, 1, 2, 3]
		},
		{
			"name": "pipework",
			"origin": [8, 8, 8],
			"color": 0,
			"children": [
				{
					"name": "beginning_pipe",
					"origin": [8.75, 2.5, 10],
					"color": 0,
					"children": [4, 5, 6, 7]
				},
				{
					"name": "valves",
					"origin": [0, 0, 0],
					"color": 0,
					"children": [
						{
							"name": "valve1",
							"origin": [0, 0, 0],
							"color": 0,
							"children": [8, 9, 10,
								{
									"name": "front_sticky_outie_bit",
									"origin": [8.25, 2.5, 10.5],
									"color": 0,
									"children": [11, 12, 13, 14, 15]
								}
							]
						},
						{
							"name": "valve2",
							"origin": [0, 0, 0],
							"color": 0,
							"children": [16, 17, 18,
								{
									"name": "small_middle_sticky_outie_bit",
									"origin": [8.75, 2.5, 12.47487],
									"color": 0,
									"children": [19, 20, 21]
								}
							]
						},
						{
							"name": "valve3",
							"origin": [0, 0, 0],
							"color": 0,
							"children": [22, 23, 24,
								{
									"name": "back_sticky_outie_bit",
									"origin": [8.25, 2.5, 10.5],
									"color": 0,
									"children": [25, 26, 27, 28, 29]
								}
							]
						}, 30, 31]
				},
				{
					"name": "final_pipe",
					"origin": [0, 0, 0],
					"color": 0,
					"children": [32, 33, 34, 35]
				}
			]
		}, 36]
}