{"credit":"Made with Blockbench","textures":{"0":"custom/testfourhandle","1":"custom/texturefourblunt","2":"custom/texturefourspike","particle":"custom/testfourhandle"},"elements":[{"from":[8,0,8],"to":[9,19,9],"faces":{"north":{"uv":[0,0,1,16],"texture":"#0"},"east":{"uv":[0,0,1,16],"texture":"#0"},"south":{"uv":[0,0,1,16],"texture":"#0"},"west":{"uv":[0,0,1,16],"texture":"#0"},"up":{"uv":[0,0,1,16],"texture":"#0"},"down":{"uv":[0,0,1,16],"texture":"#0"}}},{"from":[5,11,5],"to":[12,18,12],"rotation":{"angle":0,"axis":"y","origin":[9,8,9]},"faces":{"north":{"uv":[0,0,7,7],"texture":"#1"},"east":{"uv":[0,0,7,7],"texture":"#1"},"south":{"uv":[0,0,7,7],"texture":"#1"},"west":{"uv":[0,0,7,7],"texture":"#1"},"up":{"uv":[0,0,7,7],"texture":"#1"},"down":{"uv":[0,0,7,7],"texture":"#1"}}},{"from":[10,16,4],"to":[11,17,5],"rotation":{"angle":0,"axis":"y","origin":[18,24,12]},"faces":{"north":{"uv":[0,0,1,1],"texture":"#2"},"east":{"uv":[0,0,1,1],"texture":"#2"},"south":{"uv":[0,0,1,1],"texture":"#2"},"west":{"uv":[0,0,1,1],"texture":"#2"},"up":{"uv":[0,0,1,1],"texture":"#2"},"down":{"uv":[0,0,1,1],"texture":"#2"}}},{"from":[10,16,12],"to":[11,17,13],"rotation":{"angle":0,"axis":"y","origin":[18,24,20]},"faces":{"north":{"uv":[0,0,1,1],"texture":"#2"},"east":{"uv":[0,0,1,1],"texture":"#2"},"south":{"uv":[0,0,1,1],"texture":"#2"},"west":{"uv":[0,0,1,1],"texture":"#2"},"up":{"uv":[0,0,1,1],"texture":"#2"},"down":{"uv":[0,0,1,1],"texture":"#2"}}},{"from":[12,16,6],"to":[13,17,7],"rotation":{"angle":0,"axis":"y","origin":[20,24,-1]},"faces":{"north":{"uv":[0,0,1,1],"texture":"#2"},"east":{"uv":[0,0,1,1],"texture":"#2"},"south":{"uv":[0,0,1,1],"texture":"#2"},"west":{"uv":[0,0,1,1],"texture":"#2"},"up":{"uv":[0,0,1,1],"rotation":270,"texture":"#2"},"down":{"uv":[0,0,1,1],"rotation":90,"texture":"#2"}}},{"from":[4,16,6],"to":[5,17,7],"rotation":{"angle":0,"axis":"y","origin":[12,24,-1]},"faces":{"north":{"uv":[0,0,1,1],"texture":"#2"},"east":{"uv":[0,0,1,1],"texture":"#2"},"south":{"uv":[0,0,1,1],"texture":"#2"},"west":{"uv":[0,0,1,1],"texture":"#2"},"up":{"uv":[0,0,1,1],"rotation":270,"texture":"#2"},"down":{"uv":[0,0,1,1],"rotation":90,"texture":"#2"}}},{"from":[6,16,4],"to":[7,17,5],"rotation":{"angle":0,"axis":"y","origin":[14,24,12]},"faces":{"north":{"uv":[0,0,1,1],"texture":"#2"},"east":{"uv":[0,0,1,1],"texture":"#2"},"south":{"uv":[0,0,1,1],"texture":"#2"},"west":{"uv":[0,0,1,1],"texture":"#2"},"up":{"uv":[0,0,1,1],"texture":"#2"},"down":{"uv":[0,0,1,1],"texture":"#2"}}},{"from":[6,16,12],"to":[7,17,13],"rotation":{"angle":0,"axis":"y","origin":[14,24,20]},"faces":{"north":{"uv":[0,0,1,1],"texture":"#2"},"east":{"uv":[0,0,1,1],"texture":"#2"},"south":{"uv":[0,0,1,1],"texture":"#2"},"west":{"uv":[0,0,1,1],"texture":"#2"},"up":{"uv":[0,0,1,1],"texture":"#2"},"down":{"uv":[0,0,1,1],"texture":"#2"}}},{"from":[12,16,10],"to":[13,17,11],"rotation":{"angle":0,"axis":"y","origin":[20,24,-1]},"faces":{"north":{"uv":[0,0,1,1],"texture":"#2"},"east":{"uv":[0,0,1,1],"texture":"#2"},"south":{"uv":[0,0,1,1],"texture":"#2"},"west":{"uv":[0,0,1,1],"texture":"#2"},"up":{"uv":[0,0,1,1],"rotation":270,"texture":"#2"},"down":{"uv":[0,0,1,1],"rotation":90,"texture":"#2"}}},{"from":[4,16,10],"to":[5,17,11],"rotation":{"angle":0,"axis":"y","origin":[12,24,-1]},"faces":{"north":{"uv":[0,0,1,1],"texture":"#2"},"east":{"uv":[0,0,1,1],"texture":"#2"},"south":{"uv":[0,0,1,1],"texture":"#2"},"west":{"uv":[0,0,1,1],"texture":"#2"},"up":{"uv":[0,0,1,1],"rotation":270,"texture":"#2"},"down":{"uv":[0,0,1,1],"rotation":90,"texture":"#2"}}},{"from":[6,14,4],"to":[7,15,5],"rotation":{"angle":0,"axis":"y","origin":[14,22,12]},"faces":{"north":{"uv":[0,0,1,1],"texture":"#2"},"east":{"uv":[0,0,1,1],"texture":"#2"},"south":{"uv":[0,0,1,1],"texture":"#2"},"west":{"uv":[0,0,1,1],"texture":"#2"},"up":{"uv":[0,0,1,1],"texture":"#2"},"down":{"uv":[0,0,1,1],"texture":"#2"}}},{"from":[6,14,12],"to":[7,15,13],"rotation":{"angle":0,"axis":"y","origin":[14,22,20]},"faces":{"north":{"uv":[0,0,1,1],"texture":"#2"},"east":{"uv":[0,0,1,1],"texture":"#2"},"south":{"uv":[0,0,1,1],"texture":"#2"},"west":{"uv":[0,0,1,1],"texture":"#2"},"up":{"uv":[0,0,1,1],"texture":"#2"},"down":{"uv":[0,0,1,1],"texture":"#2"}}},{"from":[12,14,10],"to":[13,15,11],"rotation":{"angle":0,"axis":"y","origin":[20,24,-1]},"faces":{"north":{"uv":[0,0,1,1],"texture":"#2"},"east":{"uv":[0,0,1,1],"texture":"#2"},"south":{"uv":[0,0,1,1],"texture":"#2"},"west":{"uv":[0,0,1,1],"texture":"#2"},"up":{"uv":[0,0,1,1],"rotation":270,"texture":"#2"},"down":{"uv":[0,0,1,1],"rotation":90,"texture":"#2"}}},{"from":[4,14,10],"to":[5,15,11],"rotation":{"angle":0,"axis":"y","origin":[12,24,-1]},"faces":{"north":{"uv":[0,0,1,1],"texture":"#2"},"east":{"uv":[0,0,1,1],"texture":"#2"},"south":{"uv":[0,0,1,1],"texture":"#2"},"west":{"uv":[0,0,1,1],"texture":"#2"},"up":{"uv":[0,0,1,1],"rotation":270,"texture":"#2"},"down":{"uv":[0,0,1,1],"rotation":90,"texture":"#2"}}},{"from":[6,12,4],"to":[7,13,5],"rotation":{"angle":0,"axis":"y","origin":[14,20,12]},"faces":{"north":{"uv":[0,0,1,1],"texture":"#2"},"east":{"uv":[0,0,1,1],"texture":"#2"},"south":{"uv":[0,0,1,1],"texture":"#2"},"west":{"uv":[0,0,1,1],"texture":"#2"},"up":{"uv":[0,0,1,1],"texture":"#2"},"down":{"uv":[0,0,1,1],"texture":"#2"}}},{"from":[6,12,12],"to":[7,13,13],"rotation":{"angle":0,"axis":"y","origin":[14,20,20]},"faces":{"north":{"uv":[0,0,1,1],"texture":"#2"},"east":{"uv":[0,0,1,1],"texture":"#2"},"south":{"uv":[0,0,1,1],"texture":"#2"},"west":{"uv":[0,0,1,1],"texture":"#2"},"up":{"uv":[0,0,1,1],"texture":"#2"},"down":{"uv":[0,0,1,1],"texture":"#2"}}},{"from":[12,12,10],"to":[13,13,11],"rotation":{"angle":0,"axis":"y","origin":[20,24,-1]},"faces":{"north":{"uv":[0,0,1,1],"texture":"#2"},"east":{"uv":[0,0,1,1],"texture":"#2"},"south":{"uv":[0,0,1,1],"texture":"#2"},"west":{"uv":[0,0,1,1],"texture":"#2"},"up":{"uv":[0,0,1,1],"rotation":270,"texture":"#2"},"down":{"uv":[0,0,1,1],"rotation":90,"texture":"#2"}}},{"from":[4,12,10],"to":[5,13,11],"rotation":{"angle":0,"axis":"y","origin":[12,24,-1]},"faces":{"north":{"uv":[0,0,1,1],"texture":"#2"},"east":{"uv":[0,0,1,1],"texture":"#2"},"south":{"uv":[0,0,1,1],"texture":"#2"},"west":{"uv":[0,0,1,1],"texture":"#2"},"up":{"uv":[0,0,1,1],"rotation":270,"texture":"#2"},"down":{"uv":[0,0,1,1],"rotation":90,"texture":"#2"}}},{"from":[8,12,4],"to":[9,13,5],"rotation":{"angle":0,"axis":"y","origin":[16,20,12]},"faces":{"north":{"uv":[0,0,1,1],"texture":"#2"},"east":{"uv":[0,0,1,1],"texture":"#2"},"south":{"uv":[0,0,1,1],"texture":"#2"},"west":{"uv":[0,0,1,1],"texture":"#2"},"up":{"uv":[0,0,1,1],"texture":"#2"},"down":{"uv":[0,0,1,1],"texture":"#2"}}},{"from":[8,12,12],"to":[9,13,13],"rotation":{"angle":0,"axis":"y","origin":[16,20,20]},"faces":{"north":{"uv":[0,0,1,1],"texture":"#2"},"east":{"uv":[0,0,1,1],"texture":"#2"},"south":{"uv":[0,0,1,1],"texture":"#2"},"west":{"uv":[0,0,1,1],"texture":"#2"},"up":{"uv":[0,0,1,1],"texture":"#2"},"down":{"uv":[0,0,1,1],"texture":"#2"}}},{"from":[12,12,8],"to":[13,13,9],"rotation":{"angle":0,"axis":"y","origin":[20,24,-1]},"faces":{"north":{"uv":[0,0,1,1],"texture":"#2"},"east":{"uv":[0,0,1,1],"texture":"#2"},"south":{"uv":[0,0,1,1],"texture":"#2"},"west":{"uv":[0,0,1,1],"texture":"#2"},"up":{"uv":[0,0,1,1],"rotation":270,"texture":"#2"},"down":{"uv":[0,0,1,1],"rotation":90,"texture":"#2"}}},{"from":[4,12,8],"to":[5,13,9],"rotation":{"angle":0,"axis":"y","origin":[12,24,-1]},"faces":{"north":{"uv":[0,0,1,1],"texture":"#2"},"east":{"uv":[0,0,1,1],"texture":"#2"},"south":{"uv":[0,0,1,1],"texture":"#2"},"west":{"uv":[0,0,1,1],"texture":"#2"},"up":{"uv":[0,0,1,1],"rotation":270,"texture":"#2"},"down":{"uv":[0,0,1,1],"rotation":90,"texture":"#2"}}},{"from":[10,12,4],"to":[11,13,5],"rotation":{"angle":0,"axis":"y","origin":[18,20,12]},"faces":{"north":{"uv":[0,0,1,1],"texture":"#2"},"east":{"uv":[0,0,1,1],"texture":"#2"},"south":{"uv":[0,0,1,1],"texture":"#2"},"west":{"uv":[0,0,1,1],"texture":"#2"},"up":{"uv":[0,0,1,1],"texture":"#2"},"down":{"uv":[0,0,1,1],"texture":"#2"}}},{"from":[10,12,12],"to":[11,13,13],"rotation":{"angle":0,"axis":"y","origin":[18,20,20]},"faces":{"north":{"uv":[0,0,1,1],"texture":"#2"},"east":{"uv":[0,0,1,1],"texture":"#2"},"south":{"uv":[0,0,1,1],"texture":"#2"},"west":{"uv":[0,0,1,1],"texture":"#2"},"up":{"uv":[0,0,1,1],"texture":"#2"},"down":{"uv":[0,0,1,1],"texture":"#2"}}},{"from":[12,12,6],"to":[13,13,7],"rotation":{"angle":0,"axis":"y","origin":[20,24,-1]},"faces":{"north":{"uv":[0,0,1,1],"texture":"#2"},"east":{"uv":[0,0,1,1],"texture":"#2"},"south":{"uv":[0,0,1,1],"texture":"#2"},"west":{"uv":[0,0,1,1],"texture":"#2"},"up":{"uv":[0,0,1,1],"rotation":270,"texture":"#2"},"down":{"uv":[0,0,1,1],"rotation":90,"texture":"#2"}}},{"from":[4,12,6],"to":[5,13,7],"rotation":{"angle":0,"axis":"y","origin":[12,24,-1]},"faces":{"north":{"uv":[0,0,1,1],"texture":"#2"},"east":{"uv":[0,0,1,1],"texture":"#2"},"south":{"uv":[0,0,1,1],"texture":"#2"},"west":{"uv":[0,0,1,1],"texture":"#2"},"up":{"uv":[0,0,1,1],"rotation":270,"texture":"#2"},"down":{"uv":[0,0,1,1],"rotation":90,"texture":"#2"}}},{"from":[10,14,4],"to":[11,15,5],"rotation":{"angle":0,"axis":"y","origin":[18,22,12]},"faces":{"north":{"uv":[0,0,1,1],"texture":"#2"},"east":{"uv":[0,0,1,1],"texture":"#2"},"south":{"uv":[0,0,1,1],"texture":"#2"},"west":{"uv":[0,0,1,1],"texture":"#2"},"up":{"uv":[0,0,1,1],"texture":"#2"},"down":{"uv":[0,0,1,1],"texture":"#2"}}},{"from":[10,14,12],"to":[11,15,13],"rotation":{"angle":0,"axis":"y","origin":[18,22,20]},"faces":{"north":{"uv":[0,0,1,1],"texture":"#2"},"east":{"uv":[0,0,1,1],"texture":"#2"},"south":{"uv":[0,0,1,1],"texture":"#2"},"west":{"uv":[0,0,1,1],"texture":"#2"},"up":{"uv":[0,0,1,1],"texture":"#2"},"down":{"uv":[0,0,1,1],"texture":"#2"}}},{"from":[12,14,6],"to":[13,15,7],"rotation":{"angle":0,"axis":"y","origin":[20,24,-1]},"faces":{"north":{"uv":[0,0,1,1],"texture":"#2"},"east":{"uv":[0,0,1,1],"texture":"#2"},"south":{"uv":[0,0,1,1],"texture":"#2"},"west":{"uv":[0,0,1,1],"texture":"#2"},"up":{"uv":[0,0,1,1],"rotation":270,"texture":"#2"},"down":{"uv":[0,0,1,1],"rotation":90,"texture":"#2"}}},{"from":[4,14,6],"to":[5,15,7],"rotation":{"angle":0,"axis":"y","origin":[12,24,-1]},"faces":{"north":{"uv":[0,0,1,1],"texture":"#2"},"east":{"uv":[0,0,1,1],"texture":"#2"},"south":{"uv":[0,0,1,1],"texture":"#2"},"west":{"uv":[0,0,1,1],"texture":"#2"},"up":{"uv":[0,0,1,1],"rotation":270,"texture":"#2"},"down":{"uv":[0,0,1,1],"rotation":90,"texture":"#2"}}},{"from":[8,16,4],"to":[9,17,5],"rotation":{"angle":0,"axis":"y","origin":[16,24,12]},"faces":{"north":{"uv":[0,0,1,1],"texture":"#2"},"east":{"uv":[0,0,1,1],"texture":"#2"},"south":{"uv":[0,0,1,1],"texture":"#2"},"west":{"uv":[0,0,1,1],"texture":"#2"},"up":{"uv":[0,0,1,1],"texture":"#2"},"down":{"uv":[0,0,1,1],"texture":"#2"}}},{"from":[8,16,12],"to":[9,17,13],"rotation":{"angle":0,"axis":"y","origin":[16,24,20]},"faces":{"north":{"uv":[0,0,1,1],"texture":"#2"},"east":{"uv":[0,0,1,1],"texture":"#2"},"south":{"uv":[0,0,1,1],"texture":"#2"},"west":{"uv":[0,0,1,1],"texture":"#2"},"up":{"uv":[0,0,1,1],"texture":"#2"},"down":{"uv":[0,0,1,1],"texture":"#2"}}},{"from":[12,16,8],"to":[13,17,9],"rotation":{"angle":0,"axis":"y","origin":[20,24,-1]},"faces":{"north":{"uv":[0,0,1,1],"texture":"#2"},"east":{"uv":[0,0,1,1],"texture":"#2"},"south":{"uv":[0,0,1,1],"texture":"#2"},"west":{"uv":[0,0,1,1],"texture":"#2"},"up":{"uv":[0,0,1,1],"rotation":270,"texture":"#2"},"down":{"uv":[0,0,1,1],"rotation":90,"texture":"#2"}}},{"from":[4,16,8],"to":[5,17,9],"rotation":{"angle":0,"axis":"y","origin":[12,24,-1]},"faces":{"north":{"uv":[0,0,1,1],"texture":"#2"},"east":{"uv":[0,0,1,1],"texture":"#2"},"south":{"uv":[0,0,1,1],"texture":"#2"},"west":{"uv":[0,0,1,1],"texture":"#2"},"up":{"uv":[0,0,1,1],"rotation":270,"texture":"#2"},"down":{"uv":[0,0,1,1],"rotation":90,"texture":"#2"}}},{"from":[8,14,4],"to":[9,15,5],"rotation":{"angle":0,"axis":"y","origin":[16,22,12]},"faces":{"north":{"uv":[0,0,1,1],"texture":"#2"},"east":{"uv":[0,0,1,1],"texture":"#2"},"south":{"uv":[0,0,1,1],"texture":"#2"},"west":{"uv":[0,0,1,1],"texture":"#2"},"up":{"uv":[0,0,1,1],"texture":"#2"},"down":{"uv":[0,0,1,1],"texture":"#2"}}},{"from":[8,14,12],"to":[9,15,13],"rotation":{"angle":0,"axis":"y","origin":[16,22,20]},"faces":{"north":{"uv":[0,0,1,1],"texture":"#2"},"east":{"uv":[0,0,1,1],"texture":"#2"},"south":{"uv":[0,0,1,1],"texture":"#2"},"west":{"uv":[0,0,1,1],"texture":"#2"},"up":{"uv":[0,0,1,1],"texture":"#2"},"down":{"uv":[0,0,1,1],"texture":"#2"}}},{"from":[12,14,8],"to":[13,15,9],"rotation":{"angle":0,"axis":"y","origin":[20,24,-1]},"faces":{"north":{"uv":[0,0,1,1],"texture":"#2"},"east":{"uv":[0,0,1,1],"texture":"#2"},"south":{"uv":[0,0,1,1],"texture":"#2"},"west":{"uv":[0,0,1,1],"texture":"#2"},"up":{"uv":[0,0,1,1],"rotation":270,"texture":"#2"},"down":{"uv":[0,0,1,1],"rotation":90,"texture":"#2"}}},{"from":[4,14,8],"to":[5,15,9],"rotation":{"angle":0,"axis":"y","origin":[12,24,-1]},"faces":{"north":{"uv":[0,0,1,1],"texture":"#2"},"east":{"uv":[0,0,1,1],"texture":"#2"},"south":{"uv":[0,0,1,1],"texture":"#2"},"west":{"uv":[0,0,1,1],"texture":"#2"},"up":{"uv":[0,0,1,1],"rotation":270,"texture":"#2"},"down":{"uv":[0,0,1,1],"rotation":90,"texture":"#2"}}}],"display":{"thirdperson_righthand":{"translation":[-0.5,2.5,1]},"thirdperson_lefthand":{"translation":[0.5,2.75,0.5]},"firstperson_righthand":{"translation":[0,1.25,0]},"firstperson_lefthand":{"translation":[0,1.5,0]},"gui":{"rotation":[16,33,0],"translation":[-0.5,-1.5,0]},"fixed":{"translation":[-0.25,0,-7.25]}}}