{
	"credit": "Made with Blockbench",
	"textures": {
		"0": "dee_instruments/block/amp_bottom",
		"2": "dee_instruments/block/amp_top",
		"3": "dee_instruments/block/amp_front",
		"particle": "dee_instruments/block/amp_bottom"
	},
	"elements": [
		{
			"from": [5, 15.75, 7],
			"to": [11, 16.75, 9],
			"rotation": {"angle": 0, "axis": "y", "origin": [8, 0, 8]},
			"faces": {
				"north": {"uv": [7, 5, 9, 11], "texture": "#2"},
				"east": {"uv": [7, 5, 9, 11], "texture": "#2"},
				"south": {"uv": [7, 5, 9, 11], "texture": "#2"},
				"west": {"uv": [7, 5, 9, 11], "texture": "#2"},
				"up": {"uv": [7, 5, 9, 11], "rotation": 270, "texture": "#2"},
				"down": {"uv": [7, 5, 9, 11], "rotation": 90, "texture": "#2"}
			}
		},
		{
			"from": [4, 15.5, 7],
			"to": [12, 16.5, 9],
			"rotation": {"angle": 0, "axis": "y", "origin": [8, 0, 8]},
			"faces": {
				"north": {"uv": [7, 5, 9, 11], "texture": "#2"},
				"east": {"uv": [7, 5, 9, 11], "texture": "#2"},
				"south": {"uv": [7, 5, 9, 11], "texture": "#2"},
				"west": {"uv": [7, 5, 9, 11], "texture": "#2"},
				"up": {"uv": [7, 5, 9, 11], "rotation": 270, "texture": "#2"},
				"down": {"uv": [7, 5, 9, 11], "rotation": 90, "texture": "#2"}
			}
		},
		{
			"name": "body",
			"from": [0, 0, 0],
			"to": [16, 16, 16],
			"rotation": {"angle": 0, "axis": "y", "origin": [8, 0, 8]},
			"faces": {
				"north": {"uv": [0, 0, 16, 16], "texture": "#3"},
				"east": {"uv": [0, 0, 16, 16], "texture": "#3"},
				"south": {"uv": [0, 0, 16, 16], "texture": "#3"},
				"west": {"uv": [0, 0, 16, 16], "texture": "#3"},
				"up": {"uv": [0, 0, 16, 16], "rotation": 270, "texture": "#2"},
				"down": {"uv": [0, 0, 16, 16], "rotation": 90, "texture": "#0"}
			}
		}
	],
	"display": {
		"thirdperson_righthand": {
			"rotation": [90, 0, 0],
			"translation": [0, -2, -3.25],
			"scale": [0.375, 0.375, 0.375]
		},
		"thirdperson_lefthand": {
			"rotation": [90, 0, 0],
			"translation": [0, -2, -3.25],
			"scale": [0.375, 0.375, 0.375]
		},
		"firstperson_righthand": {
			"rotation": [0, 45, 0],
			"scale": [0.4, 0.4, 0.4]
		},
		"firstperson_lefthand": {
			"rotation": [0, 225, 0],
			"scale": [0.4, 0.4, 0.4]
		},
		"ground": {
			"translation": [0, 3, 0],
			"scale": [0.25, 0.25, 0.25]
		},
		"gui": {
			"rotation": [30, 225, 0],
			"scale": [0.625, 0.625, 0.625]
		},
		"head": {
			"translation": [-18.25, -14.75, -18.25],
			"scale": [2.3, 2.3, 2.3]
		},
		"fixed": {
			"scale": [0.5, 0.5, 0.5]
		}
	},
	"groups": [
		{
			"name": "handle",
			"origin": [16, 23.5, 12],
			"children": [0, 1]
		}, 2]
}