{
	"credit": "Made with Blockbench",
	"textures": {
		"0": "custom/rice_stage2",
		"particle": "custom/rice_stage2"
	},
	"elements": [
		{
			"name": "part1",
			"from": [12, -0.25, 1],
			"to": [12, 6.75, 23.5],
			"rotation": {"angle": 45, "axis": "y", "origin": [5, 7.75, 15]},
			"faces": {
				"north": {"uv": [2, 12, 3, 16], "texture": "#0"},
				"east": {"uv": [0, 10, 16, 16], "texture": "#0"},
				"south": {"uv": [7, 11, 8, 16], "texture": "#0"},
				"west": {"uv": [0, 10, 16, 16], "texture": "#0"},
				"up": {"uv": [1, 15, 3, 16], "rotation": 90, "texture": "#0"},
				"down": {"uv": [1, 15, 3, 16], "rotation": 270, "texture": "#0"}
			}
		},
		{
			"name": "part2",
			"from": [8, -0.25, -9],
			"to": [8, 6.75, 13.5],
			"rotation": {"angle": -45, "axis": "y", "origin": [1, 7.75, 5]},
			"faces": {
				"north": {"uv": [2, 12, 3, 16], "texture": "#0"},
				"east": {"uv": [0, 10, 16, 16], "texture": "#0"},
				"south": {"uv": [7, 11, 8, 16], "texture": "#0"},
				"west": {"uv": [0, 10, 16, 16], "texture": "#0"},
				"up": {"uv": [1, 15, 3, 16], "rotation": 90, "texture": "#0"},
				"down": {"uv": [1, 15, 3, 16], "rotation": 270, "texture": "#0"}
			}
		}
	],
	"display": {
		"fixed": {
			"rotation": [-90, 0, 0],
			"translation": [0, 0, -11.25],
			"scale": [1.57, 1.70, 1.57]
		}
	}
}