{
	"credit": "Made with Blockbench",
	"textures": {
		"0": "custom/tomato_stage3",
		"particle": "custom/tomato_stage3"
	},
	"elements": [
		{
			"name": "part1",
			"from": [12, -0.25, 1],
			"to": [12, 8.75, 23.5],
			"rotation": {"angle": 45, "axis": "y", "origin": [5, 7.75, 15]},
			"faces": {
				"north": {"uv": [0, 7, 16, 16], "texture": "#0"},
				"east": {"uv": [0, 7, 16, 16], "texture": "#0"},
				"south": {"uv": [0, 7, 16, 16], "texture": "#0"},
				"west": {"uv": [0, 7, 16, 16], "texture": "#0"},
				"up": {"uv": [0, 7, 16, 16], "texture": "#0"},
				"down": {"uv": [0, 7, 16, 16], "texture": "#0"}
			}
		},
		{
			"name": "part2",
			"from": [8, -0.25, -9],
			"to": [8, 8.75, 13.5],
			"rotation": {"angle": -45, "axis": "y", "origin": [1, 7.75, 5]},
			"faces": {
				"north": {"uv": [0, 7, 16, 16], "texture": "#0"},
				"east": {"uv": [0, 7, 16, 16], "texture": "#0"},
				"south": {"uv": [0, 7, 16, 16], "texture": "#0"},
				"west": {"uv": [0, 7, 16, 16], "texture": "#0"},
				"up": {"uv": [0, 7, 16, 16], "texture": "#0"},
				"down": {"uv": [0, 7, 16, 16], "texture": "#0"}
			}
		}
	],
	"display": {
		"fixed": {
			"rotation": [-90, 0, 0],
			"translation": [0, 0, -11.25],
			"scale": [1.57, 1.57, 1.57]
		}
	}
}