{
	"parent": "item/handheld",
	"textures": {
		"layer0": "item/blue_dye"
	},
	"overrides": [
		{ "predicate": { "custom_model_data": 1}, "model": "item/blue_dye/1" },
		{ "predicate": { "custom_model_data": 2}, "model": "item/blue_dye/2" },
		{ "predicate": { "custom_model_data": 3}, "model": "item/blue_dye/3" },
		{ "predicate": { "custom_model_data": 4}, "model": "item/blue_dye/4" },
		{ "predicate": { "custom_model_data": 5}, "model": "item/blue_dye/5" },
		{ "predicate": { "custom_model_data": 6}, "model": "item/blue_dye/6" },
		{ "predicate": { "custom_model_data": 7}, "model": "item/blue_dye/7" },
		{ "predicate": { "custom_model_data": 8}, "model": "item/blue_dye/8" },
		{ "predicate": { "custom_model_data": 9}, "model": "item/blue_dye/9" }
	]
}
