{
	"credit": "Made with Blockbench",
	"textures": {
		"0": "block/oak_log",
		"1": "block/red_wool",
		"particle": "block/oak_log"
	},
	"elements": [
		{
			"from": [12, 0, 1],
			"to": [14, 2, 3],
			"faces": {
				"north": {"uv": [0, 0, 2, 2], "texture": "#0"},
				"east": {"uv": [0, 0, 2, 2], "texture": "#0"},
				"south": {"uv": [0, 0, 2, 2], "texture": "#0"},
				"west": {"uv": [0, 0, 2, 2], "texture": "#0"},
				"up": {"uv": [0, 0, 2, 2], "rotation": 180, "texture": "#0"},
				"down": {"uv": [0, 0, 2, 2], "rotation": 180, "texture": "#0"}
			}
		},
		{
			"from": [3, 0, 1],
			"to": [5, 2, 3],
			"faces": {
				"north": {"uv": [0, 0, 2, 2], "texture": "#0"},
				"east": {"uv": [0, 0, 2, 2], "texture": "#0"},
				"south": {"uv": [0, 0, 2, 2], "texture": "#0"},
				"west": {"uv": [0, 0, 2, 2], "texture": "#0"},
				"up": {"uv": [0, 0, 2, 2], "rotation": 180, "texture": "#0"},
				"down": {"uv": [0, 0, 2, 2], "rotation": 180, "texture": "#0"}
			}
		},
		{
			"from": [12, 0, 11],
			"to": [14, 2, 13],
			"faces": {
				"north": {"uv": [0, 0, 2, 2], "texture": "#0"},
				"east": {"uv": [0, 0, 2, 2], "texture": "#0"},
				"south": {"uv": [0, 0, 2, 2], "texture": "#0"},
				"west": {"uv": [0, 0, 2, 2], "texture": "#0"},
				"up": {"uv": [0, 0, 2, 2], "rotation": 180, "texture": "#0"},
				"down": {"uv": [0, 0, 2, 2], "rotation": 180, "texture": "#0"}
			}
		},
		{
			"from": [3, 0, 11],
			"to": [5, 2, 13],
			"faces": {
				"north": {"uv": [0, 0, 2, 2], "texture": "#0"},
				"east": {"uv": [0, 0, 2, 2], "texture": "#0"},
				"south": {"uv": [0, 0, 2, 2], "texture": "#0"},
				"west": {"uv": [0, 0, 2, 2], "texture": "#0"},
				"up": {"uv": [0, 0, 2, 2], "rotation": 180, "texture": "#0"},
				"down": {"uv": [0, 0, 2, 2], "rotation": 180, "texture": "#0"}
			}
		},
		{
			"from": [3, 2, 1],
			"to": [14, 6, 13],
			"faces": {
				"north": {"uv": [0, 0, 11, 4], "texture": "#1"},
				"east": {"uv": [0, 0, 12, 4], "texture": "#1"},
				"south": {"uv": [0, 0, 11, 4], "texture": "#1"},
				"west": {"uv": [0, 0, 12, 4], "texture": "#1"},
				"up": {"uv": [0, 0, 11, 12], "rotation": 180, "texture": "#1"},
				"down": {"uv": [0, 0, 11, 12], "rotation": 180, "texture": "#1"}
			}
		},
		{
			"from": [3, 6, 1],
			"to": [14, 15, 4],
			"faces": {
				"north": {"uv": [0, 0, 11, 9], "texture": "#1"},
				"east": {"uv": [0, 0, 3, 9], "texture": "#1"},
				"south": {"uv": [0, 0, 11, 9], "texture": "#1"},
				"west": {"uv": [0, 0, 3, 9], "texture": "#1"},
				"up": {"uv": [0, 0, 11, 3], "rotation": 180, "texture": "#1"},
				"down": {"uv": [0, 0, 11, 3], "rotation": 180, "texture": "#1"}
			}
		},
		{
			"from": [14, 6, 2],
			"to": [17, 9, 11],
			"faces": {
				"north": {"uv": [0, 0, 3, 3], "texture": "#1"},
				"east": {"uv": [0, 0, 9, 3], "texture": "#1"},
				"south": {"uv": [0, 0, 3, 3], "texture": "#1"},
				"west": {"uv": [0, 0, 9, 3], "texture": "#1"},
				"up": {"uv": [0, 0, 3, 9], "rotation": 180, "texture": "#1"},
				"down": {"uv": [0, 0, 3, 9], "rotation": 180, "texture": "#1"}
			}
		},
		{
			"from": [0, 6, 2],
			"to": [3, 9, 11],
			"faces": {
				"north": {"uv": [0, 0, 3, 3], "texture": "#1"},
				"east": {"uv": [0, 0, 9, 3], "texture": "#1"},
				"south": {"uv": [0, 0, 3, 3], "texture": "#1"},
				"west": {"uv": [0, 0, 9, 3], "texture": "#1"},
				"up": {"uv": [0, 0, 3, 9], "rotation": 180, "texture": "#1"},
				"down": {"uv": [0, 0, 3, 9], "rotation": 180, "texture": "#1"}
			}
		}
	],
	"display": {
		"thirdperson_righthand": {
			"rotation": [0, -180, 0],
			"translation": [0, 0, -3.5],
			"scale": [0.5, 0.5, 0.5]
		},
		"thirdperson_lefthand": {
			"rotation": [0, -180, 0],
			"translation": [0, 0, -3.5],
			"scale": [0.5, 0.5, 0.5]
		},
		"firstperson_righthand": {
			"rotation": [0, -180, 0],
			"translation": [0, 0, -2.5],
			"scale": [0.5, 0.5, 0.5]
		},
		"firstperson_lefthand": {
			"rotation": [0, -180, 0],
			"translation": [0, 0, -2.5],
			"scale": [0.5, 0.5, 0.5]
		},
		"ground": {
			"scale": [-0.5, 0.5, -0.5]
		},
		"gui": {
			"rotation": [0, 58, 0],
			"translation": [1.5, 0, 0]
		},
		"head": {
			"rotation": [0, -180, 0],
			"translation": [1.5, -20, 0],
			"scale": [3, 3, 3]
		},
		"fixed": {
			"rotation": [-90, -180, 0],
			"translation": [2, -2, -25],
			"scale": [4, 4, 4]
		}
	},
	"groups": [
		{
			"name": "chair",
			"origin": [8, 8, 8],
			"children": [
				{
					"name": "back left leg",
					"origin": [8, 8, 8],
					"children": [0]
				},
				{
					"name": "back right leg",
					"origin": [8, 8, 8],
					"children": [1]
				},
				{
					"name": "front left leg",
					"origin": [8, 8, 8],
					"children": [2]
				},
				{
					"name": "front right leg",
					"origin": [8, 8, 8],
					"children": [3]
				},
				{
					"name": "stool",
					"origin": [8, 8, 8],
					"children": [4]
				},
				{
					"name": "backrest",
					"origin": [8, 8, 8],
					"children": [5]
				},
				{
					"name": "left armrest",
					"origin": [8, 8, 8],
					"children": [6]
				},
				{
					"name": "right armrest",
					"origin": [8, 8, 8],
					"children": [7]
				}
			]
		}
	]
}