{
	"credit": "Made with Blockbench",
	"textures": {
		"0": "custom/chungus"
	},
	"elements": [
		{
			"name": "chungus",
			"from": [0.08, -14.472, -1.504],
			"to": [4.832, -12.888, 4.832],
			"rotation": {"angle": 22.5, "axis": "y", "origin": [8, -1.8, 4.832]},
			"faces": {
				"north": {"uv": [3.49981, 0.24981, 4.24805, 0.99926], "texture": "#0"},
				"east": {"uv": [3.49981, 0.24981, 4.24805, 0.99926], "texture": "#0"},
				"south": {"uv": [3.49981, 0.24981, 4.24805, 0.99926], "texture": "#0"},
				"west": {"uv": [3.49981, 0.24981, 4.24805, 0.99926], "texture": "#0"},
				"up": {"uv": [3.49981, 0.24981, 4.24805, 0.99926], "texture": "#0"},
				"down": {"uv": [3.49981, 0.24981, 4.24805, 0.99926], "texture": "#0"}
			}
		},
		{
			"name": "chungus",
			"from": [11.168, -14.472, -1.504],
			"to": [15.92, -12.888, 4.832],
			"rotation": {"angle": -22.5, "axis": "y", "origin": [8, -1.8, 4.832]},
			"faces": {
				"north": {"uv": [4.24805, 0.24981, 3.49981, 0.99926], "texture": "#0"},
				"east": {"uv": [4.24805, 0.24981, 3.49981, 0.99926], "texture": "#0"},
				"south": {"uv": [4.24805, 0.24981, 3.49981, 0.99926], "texture": "#0"},
				"west": {"uv": [4.24805, 0.24981, 3.49981, 0.99926], "texture": "#0"},
				"up": {"uv": [4.24805, 0.24981, 3.49981, 0.99926], "texture": "#0"},
				"down": {"uv": [4.24805, 0.24981, 3.49981, 0.99926], "texture": "#0"}
			}
		},
		{
			"name": "chungus",
			"from": [1.64927, 1.71128, 5.624],
			"to": [13.28727, 11.50452, 11.96],
			"rotation": {"angle": -22.5, "axis": "z", "origin": [0.61527, -5.2721, 8]},
			"faces": {
				"north": {"uv": [0.24981, 0.24981, 1.24968, 1.24968], "texture": "#0"},
				"east": {"uv": [0.24981, 0.24981, 1.24968, 1.24968], "texture": "#0"},
				"south": {"uv": [0.24981, 0.24981, 1.24968, 1.24968], "texture": "#0"},
				"west": {"uv": [0.24981, 0.24981, 1.24968, 1.24968], "texture": "#0"},
				"up": {"uv": [0.24981, 0.24981, 1.24968, 1.24968], "rotation": 90, "texture": "#0"},
				"down": {"uv": [0.24981, 0.24981, 1.24968, 1.24968], "rotation": 270, "texture": "#0"}
			}
		},
		{
			"name": "chungus",
			"from": [2.71273, 3.29528, 5.624],
			"to": [14.35073, 11.50452, 11.96],
			"rotation": {"angle": 22.5, "axis": "z", "origin": [15.38473, -5.2721, 8]},
			"faces": {
				"north": {"uv": [1.24968, 0.24981, 0.24981, 1.24968], "texture": "#0"},
				"east": {"uv": [1.24968, 0.24981, 0.24981, 1.24968], "texture": "#0"},
				"south": {"uv": [1.24968, 0.24981, 0.24981, 1.24968], "texture": "#0"},
				"west": {"uv": [1.24968, 0.24981, 0.24981, 1.24968], "texture": "#0"},
				"up": {"uv": [1.24968, 0.24981, 0.24981, 1.24968], "rotation": 90, "texture": "#0"},
				"down": {"uv": [1.24968, 0.24981, 0.24981, 1.24968], "rotation": 270, "texture": "#0"}
			}
		},
		{
			"name": "chungus",
			"from": [5.47938, -14.472, 5.624],
			"to": [10.52062, 1.368, 11.96],
			"rotation": {"angle": 22.5, "axis": "z", "origin": [8, -1.8, 8]},
			"faces": {
				"north": {"uv": [1.24968, 0.24981, 0.24981, 1.24968], "texture": "#0"},
				"east": {"uv": [1.24968, 0.24981, 0.24981, 1.24968], "texture": "#0"},
				"south": {"uv": [1.24968, 0.24981, 0.24981, 1.24968], "texture": "#0"},
				"west": {"uv": [1.24968, 0.24981, 0.24981, 1.24968], "texture": "#0"},
				"up": {"uv": [1.24968, 0.24981, 0.24981, 1.24968], "rotation": 90, "texture": "#0"},
				"down": {"uv": [1.24968, 0.24981, 0.24981, 1.24968], "rotation": 270, "texture": "#0"}
			}
		},
		{
			"name": "chungus",
			"from": [5.47938, -14.472, 5.624],
			"to": [10.52062, 1.368, 11.96],
			"faces": {
				"north": {"uv": [1.24968, 0.24981, 0.24981, 1.24968], "texture": "#0"},
				"east": {"uv": [1.24968, 0.24981, 0.24981, 1.24968], "texture": "#0"},
				"south": {"uv": [1.24968, 0.24981, 0.24981, 1.24968], "texture": "#0"},
				"west": {"uv": [1.24968, 0.24981, 0.24981, 1.24968], "texture": "#0"},
				"up": {"uv": [1.24968, 0.24981, 0.24981, 1.24968], "rotation": 90, "texture": "#0"},
				"down": {"uv": [1.24968, 0.24981, 0.24981, 1.24968], "rotation": 270, "texture": "#0"}
			}
		},
		{
			"name": "chungus",
			"from": [5.47938, -14.472, 5.624],
			"to": [10.52062, 1.368, 11.96],
			"rotation": {"angle": -22.5, "axis": "z", "origin": [8, -1.8, 8]},
			"faces": {
				"north": {"uv": [1.24968, 0.24981, 0.24981, 1.24968], "texture": "#0"},
				"east": {"uv": [1.24968, 0.24981, 0.24981, 1.24968], "texture": "#0"},
				"south": {"uv": [1.24968, 0.24981, 0.24981, 1.24968], "texture": "#0"},
				"west": {"uv": [1.24968, 0.24981, 0.24981, 1.24968], "texture": "#0"},
				"up": {"uv": [1.24968, 0.24981, 0.24981, 1.24968], "rotation": 90, "texture": "#0"},
				"down": {"uv": [1.24968, 0.24981, 0.24981, 1.24968], "rotation": 270, "texture": "#0"}
			}
		},
		{
			"name": "chungus",
			"from": [-4.672, -4.32062, 5.624],
			"to": [9.584, 0.72062, 11.96],
			"rotation": {"angle": 45, "axis": "z", "origin": [8, -1.8, 8]},
			"faces": {
				"north": {"uv": [1.24968, 0.24981, 0.24981, 1.24968], "texture": "#0"},
				"east": {"uv": [1.24968, 0.24981, 0.24981, 1.24968], "texture": "#0"},
				"south": {"uv": [1.24968, 0.24981, 0.24981, 1.24968], "texture": "#0"},
				"west": {"uv": [1.24968, 0.24981, 0.24981, 1.24968], "texture": "#0"},
				"up": {"uv": [1.24968, 0.24981, 0.24981, 1.24968], "rotation": 90, "texture": "#0"},
				"down": {"uv": [1.24968, 0.24981, 0.24981, 1.24968], "rotation": 270, "texture": "#0"}
			}
		},
		{
			"name": "chungus",
			"from": [-4.672, -4.32062, 5.624],
			"to": [20.672, 0.72062, 11.96],
			"rotation": {"angle": 22.5, "axis": "z", "origin": [8, -1.8, 8]},
			"faces": {
				"north": {"uv": [1.24968, 0.24981, 0.24981, 1.24968], "texture": "#0"},
				"east": {"uv": [1.24968, 0.24981, 0.24981, 1.24968], "texture": "#0"},
				"south": {"uv": [1.24968, 0.24981, 0.24981, 1.24968], "texture": "#0"},
				"west": {"uv": [1.24968, 0.24981, 0.24981, 1.24968], "texture": "#0"},
				"up": {"uv": [1.24968, 0.24981, 0.24981, 1.24968], "rotation": 90, "texture": "#0"},
				"down": {"uv": [1.24968, 0.24981, 0.24981, 1.24968], "rotation": 270, "texture": "#0"}
			}
		},
		{
			"name": "chungus",
			"from": [-4.672, -4.32062, 5.624],
			"to": [20.672, 0.72062, 11.96],
			"faces": {
				"north": {"uv": [1.24968, 0.24981, 0.24981, 1.24968], "texture": "#0"},
				"east": {"uv": [1.24968, 0.24981, 0.24981, 1.24968], "texture": "#0"},
				"south": {"uv": [1.24968, 0.24981, 0.24981, 1.24968], "texture": "#0"},
				"west": {"uv": [1.24968, 0.24981, 0.24981, 1.24968], "texture": "#0"},
				"up": {"uv": [1.24968, 0.24981, 0.24981, 1.24968], "rotation": 90, "texture": "#0"},
				"down": {"uv": [1.24968, 0.24981, 0.24981, 1.24968], "rotation": 270, "texture": "#0"}
			}
		},
		{
			"name": "chungus",
			"from": [-4.672, -4.32062, 5.624],
			"to": [20.672, 0.72062, 11.96],
			"rotation": {"angle": -22.5, "axis": "z", "origin": [8, -1.8, 8]},
			"faces": {
				"north": {"uv": [1.24968, 0.24981, 0.24981, 1.24968], "texture": "#0"},
				"east": {"uv": [1.24968, 0.24981, 0.24981, 1.24968], "texture": "#0"},
				"south": {"uv": [1.24968, 0.24981, 0.24981, 1.24968], "texture": "#0"},
				"west": {"uv": [1.24968, 0.24981, 0.24981, 1.24968], "texture": "#0"},
				"up": {"uv": [1.24968, 0.24981, 0.24981, 1.24968], "rotation": 90, "texture": "#0"},
				"down": {"uv": [1.24968, 0.24981, 0.24981, 1.24968], "rotation": 270, "texture": "#0"}
			}
		},
		{
			"name": "chungus",
			"from": [4.832, -4.32062, 5.624],
			"to": [20.672, 0.72062, 11.96],
			"rotation": {"angle": -45, "axis": "z", "origin": [8, -1.8, 8]},
			"faces": {
				"north": {"uv": [1.24968, 0.24981, 0.24981, 1.24968], "texture": "#0"},
				"east": {"uv": [1.24968, 0.24981, 0.24981, 1.24968], "texture": "#0"},
				"south": {"uv": [1.24968, 0.24981, 0.24981, 1.24968], "texture": "#0"},
				"west": {"uv": [1.24968, 0.24981, 0.24981, 1.24968], "texture": "#0"},
				"up": {"uv": [1.24968, 0.24981, 0.24981, 1.24968], "rotation": 90, "texture": "#0"},
				"down": {"uv": [1.24968, 0.24981, 0.24981, 1.24968], "rotation": 270, "texture": "#0"}
			}
		},
		{
			"name": "chungus",
			"from": [-3.29817, 2.67657, 6.812],
			"to": [-0.13017, 5.05257, 9.584],
			"faces": {
				"north": {"uv": [0.24981, 0, 1.24968, 1.49889], "texture": "#0"},
				"east": {"uv": [0.24981, 0, 1.24968, 1.49889], "texture": "#0"},
				"south": {"uv": [0.24981, 0, 1.24968, 1.49889], "texture": "#0"},
				"west": {"uv": [0.24981, 0, 1.24968, 1.49889], "texture": "#0"},
				"up": {"uv": [0.24981, 0, 1.24968, 1.49889], "texture": "#0"},
				"down": {"uv": [0.24981, 0, 1.24968, 1.49889], "texture": "#0"}
			}
		},
		{
			"name": "chungus",
			"from": [7.4242, 12.23953, 3.248],
			"to": [8.63653, 13.03153, 6.1784],
			"faces": {
				"north": {"uv": [1.74991, 0.24981, 2.74977, 1.24968], "texture": "#0"},
				"east": {"uv": [1.74991, 0.24981, 2.74977, 1.24968], "texture": "#0"},
				"south": {"uv": [1.74991, 0.24981, 2.74977, 1.24968], "texture": "#0"},
				"west": {"uv": [1.74991, 0.24981, 2.74977, 1.24968], "texture": "#0"},
				"up": {"uv": [1.74991, 0.24981, 2.74977, 1.24968], "texture": "#0"},
				"down": {"uv": [1.74991, 0.24981, 2.74977, 1.24968], "texture": "#0"}
			}
		},
		{
			"name": "chungus",
			"from": [8.34423, 11.79497, 3.4064],
			"to": [8.76457, 12.27017, 6.2576],
			"faces": {
				"north": {"uv": [4.49967, 0.24981, 3.49981, 1.24968], "texture": "#0"},
				"east": {"uv": [4.49967, 0.24981, 3.49981, 1.24968], "texture": "#0"},
				"south": {"uv": [4.49967, 0.24981, 3.49981, 1.24968], "texture": "#0"},
				"west": {"uv": [4.49967, 0.24981, 3.49981, 1.24968], "texture": "#0"},
				"up": {"uv": [4.49967, 0.24981, 3.49981, 1.24968], "texture": "#0"},
				"down": {"uv": [4.49967, 0.24981, 3.49981, 1.24968], "texture": "#0"}
			}
		},
		{
			"name": "chungus",
			"from": [7.23543, 11.79497, 3.4064],
			"to": [7.65577, 12.27017, 6.2576],
			"faces": {
				"north": {"uv": [3.49981, 0.24981, 4.49967, 1.24968], "texture": "#0"},
				"east": {"uv": [3.49981, 0.24981, 4.49967, 1.24968], "texture": "#0"},
				"south": {"uv": [3.49981, 0.24981, 4.49967, 1.24968], "texture": "#0"},
				"west": {"uv": [3.49981, 0.24981, 4.49967, 1.24968], "texture": "#0"},
				"up": {"uv": [3.49981, 0.24981, 4.49967, 1.24968], "texture": "#0"},
				"down": {"uv": [3.49981, 0.24981, 4.49967, 1.24968], "texture": "#0"}
			}
		},
		{
			"name": "chungus",
			"from": [5.4656, 14.04, 4.1984],
			"to": [6.812, 15.8616, 5.7824],
			"faces": {
				"north": {"uv": [0, 1.49949, 0.74944, 2.49935], "texture": "#0"},
				"east": {"uv": [0, 1.49949, 0.74944, 2.49935], "texture": "#0"},
				"south": {"uv": [0, 0, 0.75, 1], "texture": "#0"},
				"west": {"uv": [0.49971, 1.4998, 0.99909, 2.49956], "texture": "#0"},
				"up": {"uv": [0.24981, 0.49963, 0.99926, 1.49949], "texture": "#0"},
				"down": {"uv": [3.49981, 0.24981, 4.24925, 1.24968], "texture": "#0"}
			}
		},
		{
			"name": "chungus",
			"from": [6.02, 10.08, 3.62816],
			"to": [9.98, 12.852, 3.62816],
			"faces": {
				"north": {"uv": [10.24962, 0, 15.99776, 3.74842], "texture": "#0"},
				"east": {"uv": [2.99958, 12.99999, 5.49893, 14.49948], "texture": "#0"},
				"south": {"uv": [2.99958, 12.99999, 5.49893, 14.49948], "texture": "#0"},
				"west": {"uv": [2.99958, 12.99999, 5.49893, 14.49948], "texture": "#0"},
				"up": {"uv": [2.99958, 12.99999, 5.49893, 14.49948], "texture": "#0"},
				"down": {"uv": [2.99958, 12.99999, 5.49893, 14.49948], "texture": "#0"}
			}
		},
		{
			"name": "chungus",
			"from": [9.188, 14.04, 4.1984],
			"to": [10.6136, 15.9408, 5.7824],
			"faces": {
				"north": {"uv": [0.74944, 1.49949, 0, 2.49935], "texture": "#0"},
				"east": {"uv": [0.99909, 1.4998, 0.49971, 2.49956], "texture": "#0"},
				"south": {"uv": [0.75, 0, 0, 1], "texture": "#0"},
				"west": {"uv": [0.74944, 1.49949, 0, 2.49935], "texture": "#0"},
				"up": {"uv": [0.99926, 0.49963, 0.24981, 1.49949], "texture": "#0"},
				"down": {"uv": [4.24925, 0.24981, 3.49981, 1.24968], "texture": "#0"}
			}
		},
		{
			"name": "chungus",
			"from": [7.39383, 14.87244, 10.60644],
			"to": [8.60617, 15.66444, 13.53684],
			"rotation": {"angle": -22.5, "axis": "x", "origin": [9.44184, -4.13556, 11.16084]},
			"faces": {
				"north": {"uv": [0.24981, 0.49963, 1.24968, 1.49949], "texture": "#0"},
				"east": {"uv": [0.24981, 0.49963, 1.24968, 1.49949], "texture": "#0"},
				"south": {"uv": [0.24981, 0.49963, 1.24968, 1.49949], "texture": "#0"},
				"west": {"uv": [0.24981, 0.49963, 1.24968, 1.49949], "texture": "#0"},
				"up": {"uv": [0.24981, 0.49963, 1.24968, 1.49949], "texture": "#0"},
				"down": {"uv": [0.24981, 0.49963, 1.24968, 1.49949], "texture": "#0"}
			}
		},
		{
			"name": "chungus",
			"from": [7.39383, 13.06217, 3.0896],
			"to": [8.60617, 13.85417, 6.02],
			"faces": {
				"north": {"uv": [0.24981, 0.49963, 1.24968, 1.49949], "texture": "#0"},
				"east": {"uv": [0.24981, 0.49963, 1.24968, 1.49949], "texture": "#0"},
				"south": {"uv": [0.24981, 0.49963, 1.24968, 1.49949], "texture": "#0"},
				"west": {"uv": [0.24981, 0.49963, 1.24968, 1.49949], "texture": "#0"},
				"up": {"uv": [0.24981, 0.49963, 1.24968, 1.49949], "texture": "#0"},
				"down": {"uv": [0.24981, 0.49963, 1.24968, 1.49949], "texture": "#0"}
			}
		},
		{
			"name": "chungus",
			"from": [-2.296, -5.432, 4.04],
			"to": [18.296, -1.336, 5.624],
			"faces": {
				"north": {"uv": [1.74991, 0, 2.74977, 0.99986], "texture": "#0"},
				"east": {"uv": [1.74991, 0, 2.74977, 0.99986], "texture": "#0"},
				"south": {"uv": [1.74991, 0, 2.74977, 0.99986], "texture": "#0"},
				"west": {"uv": [1.74991, 0, 2.74977, 0.99986], "texture": "#0"},
				"up": {"uv": [1.74991, 0, 2.74977, 0.99986], "texture": "#0"},
				"down": {"uv": [1.74991, 0, 2.74977, 0.99986], "texture": "#0"}
			}
		},
		{
			"name": "chungus",
			"from": [10.99609, 2.57485, 4.04],
			"to": [20.50009, 6.67085, 5.624],
			"rotation": {"angle": 22.5, "axis": "z", "origin": [10.20409, -12.80115, 4.832]},
			"faces": {
				"north": {"uv": [1.74991, 0, 2.74977, 0.99986], "texture": "#0"},
				"east": {"uv": [1.74991, 0, 2.74977, 0.99986], "texture": "#0"},
				"south": {"uv": [1.74991, 0, 2.74977, 0.99986], "texture": "#0"},
				"west": {"uv": [1.74991, 0, 2.74977, 0.99986], "texture": "#0"},
				"up": {"uv": [1.74991, 0, 2.74977, 0.99986], "texture": "#0"},
				"down": {"uv": [1.74991, 0, 2.74977, 0.99986], "texture": "#0"}
			}
		},
		{
			"name": "chungus",
			"from": [-4.50009, 2.57485, 4.04],
			"to": [5.00391, 6.67085, 5.624],
			"rotation": {"angle": -22.5, "axis": "z", "origin": [5.79591, -12.80115, 4.832]},
			"faces": {
				"north": {"uv": [1.74991, 0, 2.74977, 0.99986], "texture": "#0"},
				"east": {"uv": [1.74991, 0, 2.74977, 0.99986], "texture": "#0"},
				"south": {"uv": [1.74991, 0, 2.74977, 0.99986], "texture": "#0"},
				"west": {"uv": [1.74991, 0, 2.74977, 0.99986], "texture": "#0"},
				"up": {"uv": [1.74991, 0, 2.74977, 0.99986], "texture": "#0"},
				"down": {"uv": [1.74991, 0, 2.74977, 0.99986], "texture": "#0"}
			}
		},
		{
			"name": "chungus",
			"from": [-2.296, -5.432, 4.04],
			"to": [18.296, -1.336, 5.624],
			"rotation": {"angle": 22.5, "axis": "z", "origin": [8, -3.384, 4.832]},
			"faces": {
				"north": {"uv": [1.74991, 0, 2.74977, 0.99986], "texture": "#0"},
				"east": {"uv": [1.74991, 0, 2.74977, 0.99986], "texture": "#0"},
				"south": {"uv": [1.74991, 0, 2.74977, 0.99986], "texture": "#0"},
				"west": {"uv": [1.74991, 0, 2.74977, 0.99986], "texture": "#0"},
				"up": {"uv": [1.74991, 0, 2.74977, 0.99986], "texture": "#0"},
				"down": {"uv": [1.74991, 0, 2.74977, 0.99986], "texture": "#0"}
			}
		},
		{
			"name": "chungus",
			"from": [3.73525, 5.96074, 4.04],
			"to": [12.26475, 11.336, 5.624],
			"faces": {
				"north": {"uv": [1.74991, 7.24944, 7.13419, 10.64244], "texture": "#0"},
				"east": {"uv": [1.74991, 7.24944, 7.13419, 10.64244], "texture": "#0"},
				"south": {"uv": [1.74991, 7.24944, 7.13419, 10.64244], "texture": "#0"},
				"west": {"uv": [1.74991, 7.24944, 7.13419, 10.64244], "texture": "#0"},
				"up": {"uv": [1.74991, 7.24944, 7.13419, 10.64244], "texture": "#0"},
				"down": {"uv": [1.74991, 7.24944, 7.13419, 10.64244], "texture": "#0"}
			}
		},
		{
			"name": "chungus",
			"from": [-2.296, -5.432, 4.04],
			"to": [18.296, -1.336, 5.624],
			"rotation": {"angle": -22.5, "axis": "z", "origin": [8, -3.384, 4.832]},
			"faces": {
				"north": {"uv": [1.74991, 0, 2.74977, 0.99986], "texture": "#0"},
				"east": {"uv": [1.74991, 0, 2.74977, 0.99986], "texture": "#0"},
				"south": {"uv": [1.74991, 0, 2.74977, 0.99986], "texture": "#0"},
				"west": {"uv": [1.74991, 0, 2.74977, 0.99986], "texture": "#0"},
				"up": {"uv": [1.74991, 0, 2.74977, 0.99986], "texture": "#0"},
				"down": {"uv": [1.74991, 0, 2.74977, 0.99986], "texture": "#0"}
			}
		},
		{
			"name": "chungus",
			"from": [5.952, -13.68, 4.04],
			"to": [10.048, 6.912, 5.624],
			"rotation": {"angle": 45, "axis": "z", "origin": [8, -3.384, 4.832]},
			"faces": {
				"north": {"uv": [1.74991, 0, 2.74977, 0.99986], "texture": "#0"},
				"east": {"uv": [1.74991, 0, 2.74977, 0.99986], "texture": "#0"},
				"south": {"uv": [1.74991, 0, 2.74977, 0.99986], "texture": "#0"},
				"west": {"uv": [1.74991, 0, 2.74977, 0.99986], "texture": "#0"},
				"up": {"uv": [1.74991, 0, 2.74977, 0.99986], "texture": "#0"},
				"down": {"uv": [1.74991, 0, 2.74977, 0.99986], "texture": "#0"}
			}
		},
		{
			"name": "chungus",
			"from": [2.16779, -12.11252, 4.02416],
			"to": [13.83221, 5.31148, 5.60816],
			"faces": {
				"north": {"uv": [1.74991, 0, 2.74977, 0.99986], "texture": "#0"},
				"east": {"uv": [1.74991, 0, 2.74977, 0.99986], "texture": "#0"},
				"south": {"uv": [1.74991, 0, 2.74977, 0.99986], "texture": "#0"},
				"west": {"uv": [1.74991, 0, 2.74977, 0.99986], "texture": "#0"},
				"up": {"uv": [1.74991, 0, 2.74977, 0.99986], "texture": "#0"},
				"down": {"uv": [1.74991, 0, 2.74977, 0.99986], "texture": "#0"}
			}
		},
		{
			"name": "chungus",
			"from": [5.952, -13.68, 4.04],
			"to": [10.048, 6.912, 5.624],
			"rotation": {"angle": -45, "axis": "z", "origin": [8, -3.384, 4.832]},
			"faces": {
				"north": {"uv": [1.74991, 0, 2.74977, 0.99986], "texture": "#0"},
				"east": {"uv": [1.74991, 0, 2.74977, 0.99986], "texture": "#0"},
				"south": {"uv": [1.74991, 0, 2.74977, 0.99986], "texture": "#0"},
				"west": {"uv": [1.74991, 0, 2.74977, 0.99986], "texture": "#0"},
				"up": {"uv": [1.74991, 0, 2.74977, 0.99986], "texture": "#0"},
				"down": {"uv": [1.74991, 0, 2.74977, 0.99986], "texture": "#0"}
			}
		},
		{
			"name": "chungus",
			"from": [3.72924, 19.188, 6.02],
			"to": [6.72676, 24.336, 7.208],
			"faces": {
				"north": {"uv": [0.24981, 0.24981, 1.24968, 1.24968], "texture": "#0"},
				"east": {"uv": [0.24981, 0.24981, 1.24968, 1.24968], "texture": "#0"},
				"south": {"uv": [0.24981, 0.24981, 1.24968, 1.24968], "texture": "#0"},
				"west": {"uv": [0.24981, 0.24981, 1.24968, 1.24968], "texture": "#0"},
				"up": {"uv": [0.24981, 0.24981, 1.24968, 1.24968], "texture": "#0"},
				"down": {"uv": [0.24981, 0.24981, 1.24968, 1.24968], "texture": "#0"}
			}
		},
		{
			"name": "chungus",
			"from": [4.12524, 14.832, 6.02],
			"to": [6.33076, 24.732, 7.208],
			"faces": {
				"north": {"uv": [0.24981, 0.24981, 1.24968, 1.24968], "texture": "#0"},
				"east": {"uv": [0.24981, 0.24981, 1.24968, 1.24968], "texture": "#0"},
				"south": {"uv": [0.24981, 0.24981, 1.24968, 1.24968], "texture": "#0"},
				"west": {"uv": [0.24981, 0.24981, 1.24968, 1.24968], "texture": "#0"},
				"up": {"uv": [0.24981, 0.24981, 1.24968, 1.24968], "texture": "#0"},
				"down": {"uv": [0.24981, 0.24981, 1.24968, 1.24968], "texture": "#0"}
			}
		},
		{
			"name": "chungus",
			"from": [7.95042, 16.57866, 6.02],
			"to": [8.96795, 21.72666, 7.208],
			"rotation": {"angle": 22.5, "axis": "z", "origin": [12.22119, 9.84666, 6.416]},
			"faces": {
				"north": {"uv": [0.24981, 0.24981, 1.24968, 1.24968], "texture": "#0"},
				"east": {"uv": [0.24981, 0.24981, 1.24968, 1.24968], "texture": "#0"},
				"south": {"uv": [0.24981, 0.24981, 1.24968, 1.24968], "texture": "#0"},
				"west": {"uv": [0.24981, 0.24981, 1.24968, 1.24968], "texture": "#0"},
				"up": {"uv": [0.24981, 0.24981, 1.24968, 1.24968], "texture": "#0"},
				"down": {"uv": [0.24981, 0.24981, 1.24968, 1.24968], "texture": "#0"}
			}
		},
		{
			"name": "chungus",
			"from": [1.48805, 16.57866, 6.02],
			"to": [2.50558, 21.72666, 7.208],
			"rotation": {"angle": -22.5, "axis": "z", "origin": [-1.76519, 9.84666, 6.416]},
			"faces": {
				"north": {"uv": [1.24968, 0.24981, 0.24981, 1.24968], "texture": "#0"},
				"east": {"uv": [1.24968, 0.24981, 0.24981, 1.24968], "texture": "#0"},
				"south": {"uv": [1.24968, 0.24981, 0.24981, 1.24968], "texture": "#0"},
				"west": {"uv": [1.24968, 0.24981, 0.24981, 1.24968], "texture": "#0"},
				"up": {"uv": [1.24968, 0.24981, 0.24981, 1.24968], "texture": "#0"},
				"down": {"uv": [1.24968, 0.24981, 0.24981, 1.24968], "texture": "#0"}
			}
		},
		{
			"name": "chungus",
			"from": [7.95042, 21.79734, 6.02],
			"to": [9.36395, 23.77734, 7.208],
			"rotation": {"angle": -22.5, "axis": "z", "origin": [12.22119, 33.67734, 6.416]},
			"faces": {
				"north": {"uv": [0.24981, 1.24968, 1.24968, 0.24981], "texture": "#0"},
				"east": {"uv": [0.24981, 1.24968, 1.24968, 0.24981], "texture": "#0"},
				"south": {"uv": [0.24981, 1.24968, 1.24968, 0.24981], "texture": "#0"},
				"west": {"uv": [0.24981, 1.24968, 1.24968, 0.24981], "texture": "#0"},
				"up": {"uv": [0.24981, 1.24968, 1.24968, 0.24981], "texture": "#0"},
				"down": {"uv": [0.24981, 1.24968, 1.24968, 0.24981], "texture": "#0"}
			}
		},
		{
			"name": "chungus",
			"from": [1.48805, 21.79734, 6.02],
			"to": [2.50558, 23.77734, 7.208],
			"rotation": {"angle": 22.5, "axis": "z", "origin": [-1.76519, 33.67734, 6.416]},
			"faces": {
				"north": {"uv": [1.24968, 1.24968, 0.24981, 0.24981], "texture": "#0"},
				"east": {"uv": [1.24968, 1.24968, 0.24981, 0.24981], "texture": "#0"},
				"south": {"uv": [1.24968, 1.24968, 0.24981, 0.24981], "texture": "#0"},
				"west": {"uv": [1.24968, 1.24968, 0.24981, 0.24981], "texture": "#0"},
				"up": {"uv": [1.24968, 1.24968, 0.24981, 0.24981], "texture": "#0"},
				"down": {"uv": [1.24968, 1.24968, 0.24981, 0.24981], "texture": "#0"}
			}
		},
		{
			"name": "chungus",
			"from": [4.71125, 25.25824, 6.02],
			"to": [5.75926, 26.30624, 7.208],
			"rotation": {"angle": 45, "axis": "z", "origin": [4.76926, 25.965, 6.614]},
			"faces": {
				"north": {"uv": [0.24981, 1.24968, 1.24968, 0.24981], "rotation": 270, "texture": "#0"},
				"east": {"uv": [0.24981, 1.24968, 1.24968, 0.24981], "rotation": 270, "texture": "#0"},
				"south": {"uv": [0.24981, 1.24968, 1.24968, 0.24981], "rotation": 270, "texture": "#0"},
				"west": {"uv": [0.24981, 1.24968, 1.24968, 0.24981], "rotation": 270, "texture": "#0"},
				"up": {"uv": [0.24981, 1.24968, 1.24968, 0.24981], "rotation": 270, "texture": "#0"},
				"down": {"uv": [0.24981, 1.24968, 1.24968, 0.24981], "rotation": 270, "texture": "#0"}
			}
		},
		{
			"name": "chungus",
			"from": [4.39912, 20.17547, 5.82042],
			"to": [6.06828, 24.49979, 6.71949],
			"faces": {
				"north": {"uv": [4.74949, 0.24981, 5.74935, 1.24968], "texture": "#0"},
				"east": {"uv": [4.74949, 0.24981, 5.74935, 1.24968], "texture": "#0"},
				"south": {"uv": [4.74949, 0.24981, 5.74935, 1.24968], "texture": "#0"},
				"west": {"uv": [4.74949, 0.24981, 5.74935, 1.24968], "texture": "#0"},
				"up": {"uv": [4.74949, 0.24981, 5.74935, 1.24968], "texture": "#0"},
				"down": {"uv": [4.74949, 0.24981, 5.74935, 1.24968], "texture": "#0"}
			}
		},
		{
			"name": "chungus",
			"from": [4.09943, 20.30409, 5.82042],
			"to": [6.36797, 24.20009, 6.71949],
			"faces": {
				"north": {"uv": [4.74949, 0.24981, 5.74935, 1.24968], "texture": "#0"},
				"east": {"uv": [4.74949, 0.24981, 5.74935, 1.24968], "texture": "#0"},
				"south": {"uv": [4.74949, 0.24981, 5.74935, 1.24968], "texture": "#0"},
				"west": {"uv": [4.74949, 0.24981, 5.74935, 1.24968], "texture": "#0"},
				"up": {"uv": [4.74949, 0.24981, 5.74935, 1.24968], "texture": "#0"},
				"down": {"uv": [4.74949, 0.24981, 5.74935, 1.24968], "texture": "#0"}
			}
		},
		{
			"name": "chungus",
			"from": [4.84263, 24.89803, 5.82042],
			"to": [5.63575, 25.69118, 6.71949],
			"rotation": {"angle": 45, "axis": "z", "origin": [4.88652, 25.43292, 6.26996]},
			"faces": {
				"north": {"uv": [4.74949, 0.24981, 5.74935, 1.24968], "rotation": 270, "texture": "#0"},
				"east": {"uv": [4.74949, 0.24981, 5.74935, 1.24968], "rotation": 270, "texture": "#0"},
				"south": {"uv": [4.74949, 0.24981, 5.74935, 1.24968], "rotation": 270, "texture": "#0"},
				"west": {"uv": [4.74949, 0.24981, 5.74935, 1.24968], "rotation": 270, "texture": "#0"},
				"up": {"uv": [4.74949, 0.24981, 5.74935, 1.24968], "rotation": 270, "texture": "#0"},
				"down": {"uv": [4.74949, 0.24981, 5.74935, 1.24968], "rotation": 270, "texture": "#0"}
			}
		},
		{
			"name": "chungus",
			"from": [7.29403, 22.27883, 5.82042],
			"to": [8.3638, 23.77729, 6.71949],
			"rotation": {"angle": -22.5, "axis": "z", "origin": [10.52615, 31.26961, 6.12011]},
			"faces": {
				"north": {"uv": [4.74949, 0.24981, 5.74935, 1.24968], "texture": "#0"},
				"east": {"uv": [4.74949, 0.24981, 5.74935, 1.24968], "texture": "#0"},
				"south": {"uv": [4.74949, 0.24981, 5.74935, 1.24968], "texture": "#0"},
				"west": {"uv": [4.74949, 0.24981, 5.74935, 1.24968], "texture": "#0"},
				"up": {"uv": [4.74949, 0.24981, 5.74935, 1.24968], "texture": "#0"},
				"down": {"uv": [4.74949, 0.24981, 5.74935, 1.24968], "texture": "#0"}
			}
		},
		{
			"name": "chungus",
			"from": [2.4033, 22.27883, 5.82042],
			"to": [3.17338, 23.77729, 6.71949],
			"rotation": {"angle": 22.5, "axis": "z", "origin": [-0.05874, 31.26961, 6.12011]},
			"faces": {
				"north": {"uv": [4.74949, 0.24981, 5.74935, 1.24968], "texture": "#0"},
				"east": {"uv": [4.74949, 0.24981, 5.74935, 1.24968], "texture": "#0"},
				"south": {"uv": [4.74949, 0.24981, 5.74935, 1.24968], "texture": "#0"},
				"west": {"uv": [4.74949, 0.24981, 5.74935, 1.24968], "texture": "#0"},
				"up": {"uv": [4.74949, 0.24981, 5.74935, 1.24968], "texture": "#0"},
				"down": {"uv": [4.74949, 0.24981, 5.74935, 1.24968], "texture": "#0"}
			}
		},
		{
			"name": "chungus",
			"from": [7.29403, 20.72689, 5.82042],
			"to": [8.3638, 22.22535, 6.71949],
			"rotation": {"angle": 22.5, "axis": "z", "origin": [10.52615, 13.23457, 6.12011]},
			"faces": {
				"north": {"uv": [4.74949, 1.24968, 5.74935, 0.24981], "texture": "#0"},
				"east": {"uv": [4.74949, 1.24968, 5.74935, 0.24981], "texture": "#0"},
				"south": {"uv": [4.74949, 1.24968, 5.74935, 0.24981], "texture": "#0"},
				"west": {"uv": [4.74949, 1.24968, 5.74935, 0.24981], "texture": "#0"},
				"up": {"uv": [4.74949, 1.24968, 5.74935, 0.24981], "texture": "#0"},
				"down": {"uv": [4.74949, 1.24968, 5.74935, 0.24981], "texture": "#0"}
			}
		},
		{
			"name": "chungus",
			"from": [4.84263, 18.813, 5.82042],
			"to": [5.63575, 19.60614, 6.71949],
			"rotation": {"angle": -45, "axis": "z", "origin": [4.88652, 19.07126, 6.26996]},
			"faces": {
				"north": {"uv": [5.74935, 0.24981, 4.74949, 1.24968], "rotation": 270, "texture": "#0"},
				"east": {"uv": [5.74935, 0.24981, 4.74949, 1.24968], "rotation": 270, "texture": "#0"},
				"south": {"uv": [5.74935, 0.24981, 4.74949, 1.24968], "rotation": 270, "texture": "#0"},
				"west": {"uv": [5.74935, 0.24981, 4.74949, 1.24968], "rotation": 270, "texture": "#0"},
				"up": {"uv": [5.74935, 0.24981, 4.74949, 1.24968], "rotation": 270, "texture": "#0"},
				"down": {"uv": [5.74935, 0.24981, 4.74949, 1.24968], "rotation": 270, "texture": "#0"}
			}
		},
		{
			"name": "chungus",
			"from": [2.0073, 20.72689, 5.82042],
			"to": [3.17338, 22.22535, 6.71949],
			"rotation": {"angle": -22.5, "axis": "z", "origin": [-0.05874, 13.23457, 6.12011]},
			"faces": {
				"north": {"uv": [4.74949, 1.24968, 5.74935, 0.24981], "texture": "#0"},
				"east": {"uv": [4.74949, 1.24968, 5.74935, 0.24981], "texture": "#0"},
				"south": {"uv": [4.74949, 1.24968, 5.74935, 0.24981], "texture": "#0"},
				"west": {"uv": [4.74949, 1.24968, 5.74935, 0.24981], "texture": "#0"},
				"up": {"uv": [4.74949, 1.24968, 5.74935, 0.24981], "texture": "#0"},
				"down": {"uv": [4.74949, 1.24968, 5.74935, 0.24981], "texture": "#0"}
			}
		},
		{
			"name": "chungus",
			"from": [9.27324, 19.188, 6.02],
			"to": [12.27076, 24.336, 7.208],
			"faces": {
				"north": {"uv": [1.24968, 0.24981, 0.24981, 1.24968], "texture": "#0"},
				"east": {"uv": [1.24968, 0.24981, 0.24981, 1.24968], "texture": "#0"},
				"south": {"uv": [1.24968, 0.24981, 0.24981, 1.24968], "texture": "#0"},
				"west": {"uv": [1.24968, 0.24981, 0.24981, 1.24968], "texture": "#0"},
				"up": {"uv": [1.24968, 0.24981, 0.24981, 1.24968], "texture": "#0"},
				"down": {"uv": [1.24968, 0.24981, 0.24981, 1.24968], "texture": "#0"}
			}
		},
		{
			"name": "chungus",
			"from": [9.66924, 14.832, 6.02],
			"to": [11.87476, 24.732, 7.208],
			"faces": {
				"north": {"uv": [1.24968, 0.24981, 0.24981, 1.24968], "texture": "#0"},
				"east": {"uv": [1.24968, 0.24981, 0.24981, 1.24968], "texture": "#0"},
				"south": {"uv": [1.24968, 0.24981, 0.24981, 1.24968], "texture": "#0"},
				"west": {"uv": [1.24968, 0.24981, 0.24981, 1.24968], "texture": "#0"},
				"up": {"uv": [1.24968, 0.24981, 0.24981, 1.24968], "texture": "#0"},
				"down": {"uv": [1.24968, 0.24981, 0.24981, 1.24968], "texture": "#0"}
			}
		},
		{
			"name": "chungus",
			"from": [7.03205, 16.57866, 6.02],
			"to": [8.04958, 21.72666, 7.208],
			"rotation": {"angle": -22.5, "axis": "z", "origin": [3.77881, 9.84666, 6.416]},
			"faces": {
				"north": {"uv": [1.24968, 0.24981, 0.24981, 1.24968], "texture": "#0"},
				"east": {"uv": [1.24968, 0.24981, 0.24981, 1.24968], "texture": "#0"},
				"south": {"uv": [1.24968, 0.24981, 0.24981, 1.24968], "texture": "#0"},
				"west": {"uv": [1.24968, 0.24981, 0.24981, 1.24968], "texture": "#0"},
				"up": {"uv": [1.24968, 0.24981, 0.24981, 1.24968], "texture": "#0"},
				"down": {"uv": [1.24968, 0.24981, 0.24981, 1.24968], "texture": "#0"}
			}
		},
		{
			"name": "chungus",
			"from": [13.49442, 16.57866, 6.02],
			"to": [14.51195, 21.72666, 7.208],
			"rotation": {"angle": 22.5, "axis": "z", "origin": [17.76519, 9.84666, 6.416]},
			"faces": {
				"north": {"uv": [0.24981, 0.24981, 1.24968, 1.24968], "texture": "#0"},
				"east": {"uv": [0.24981, 0.24981, 1.24968, 1.24968], "texture": "#0"},
				"south": {"uv": [0.24981, 0.24981, 1.24968, 1.24968], "texture": "#0"},
				"west": {"uv": [0.24981, 0.24981, 1.24968, 1.24968], "texture": "#0"},
				"up": {"uv": [0.24981, 0.24981, 1.24968, 1.24968], "texture": "#0"},
				"down": {"uv": [0.24981, 0.24981, 1.24968, 1.24968], "texture": "#0"}
			}
		},
		{
			"name": "chungus",
			"from": [6.63605, 21.79734, 6.02],
			"to": [8.04958, 23.77734, 7.208],
			"rotation": {"angle": 22.5, "axis": "z", "origin": [3.77881, 33.67734, 6.416]},
			"faces": {
				"north": {"uv": [1.24968, 1.24968, 0.24981, 0.24981], "texture": "#0"},
				"east": {"uv": [1.24968, 1.24968, 0.24981, 0.24981], "texture": "#0"},
				"south": {"uv": [1.24968, 1.24968, 0.24981, 0.24981], "texture": "#0"},
				"west": {"uv": [1.24968, 1.24968, 0.24981, 0.24981], "texture": "#0"},
				"up": {"uv": [1.24968, 1.24968, 0.24981, 0.24981], "texture": "#0"},
				"down": {"uv": [1.24968, 1.24968, 0.24981, 0.24981], "texture": "#0"}
			}
		},
		{
			"name": "chungus",
			"from": [13.49442, 21.79734, 6.02],
			"to": [14.51195, 23.77734, 7.208],
			"rotation": {"angle": -22.5, "axis": "z", "origin": [17.76519, 33.67734, 6.416]},
			"faces": {
				"north": {"uv": [0.24981, 1.24968, 1.24968, 0.24981], "texture": "#0"},
				"east": {"uv": [0.24981, 1.24968, 1.24968, 0.24981], "texture": "#0"},
				"south": {"uv": [0.24981, 1.24968, 1.24968, 0.24981], "texture": "#0"},
				"west": {"uv": [0.24981, 1.24968, 1.24968, 0.24981], "texture": "#0"},
				"up": {"uv": [0.24981, 1.24968, 1.24968, 0.24981], "texture": "#0"},
				"down": {"uv": [0.24981, 1.24968, 1.24968, 0.24981], "texture": "#0"}
			}
		},
		{
			"name": "chungus",
			"from": [10.24074, 25.25824, 6.02],
			"to": [11.28875, 26.30624, 7.208],
			"rotation": {"angle": -45, "axis": "z", "origin": [11.23074, 25.965, 6.614]},
			"faces": {
				"north": {"uv": [0.24981, 0.24981, 1.24968, 1.24968], "rotation": 270, "texture": "#0"},
				"east": {"uv": [0.24981, 0.24981, 1.24968, 1.24968], "rotation": 270, "texture": "#0"},
				"south": {"uv": [0.24981, 0.24981, 1.24968, 1.24968], "rotation": 270, "texture": "#0"},
				"west": {"uv": [0.24981, 0.24981, 1.24968, 1.24968], "rotation": 270, "texture": "#0"},
				"up": {"uv": [0.24981, 0.24981, 1.24968, 1.24968], "rotation": 270, "texture": "#0"},
				"down": {"uv": [0.24981, 0.24981, 1.24968, 1.24968], "rotation": 270, "texture": "#0"}
			}
		},
		{
			"name": "chungus",
			"from": [9.93172, 20.17547, 5.82042],
			"to": [11.60088, 24.49979, 6.71949],
			"faces": {
				"north": {"uv": [5.74935, 0.24981, 4.74949, 1.24968], "texture": "#0"},
				"east": {"uv": [5.74935, 0.24981, 4.74949, 1.24968], "texture": "#0"},
				"south": {"uv": [5.74935, 0.24981, 4.74949, 1.24968], "texture": "#0"},
				"west": {"uv": [5.74935, 0.24981, 4.74949, 1.24968], "texture": "#0"},
				"up": {"uv": [5.74935, 0.24981, 4.74949, 1.24968], "texture": "#0"},
				"down": {"uv": [5.74935, 0.24981, 4.74949, 1.24968], "texture": "#0"}
			}
		},
		{
			"name": "chungus",
			"from": [9.63203, 20.30409, 5.82042],
			"to": [11.90057, 24.20009, 6.71949],
			"faces": {
				"north": {"uv": [5.74935, 0.24981, 4.74949, 1.24968], "texture": "#0"},
				"east": {"uv": [5.74935, 0.24981, 4.74949, 1.24968], "texture": "#0"},
				"south": {"uv": [5.74935, 0.24981, 4.74949, 1.24968], "texture": "#0"},
				"west": {"uv": [5.74935, 0.24981, 4.74949, 1.24968], "texture": "#0"},
				"up": {"uv": [5.74935, 0.24981, 4.74949, 1.24968], "texture": "#0"},
				"down": {"uv": [5.74935, 0.24981, 4.74949, 1.24968], "texture": "#0"}
			}
		},
		{
			"name": "chungus",
			"from": [10.36425, 24.89803, 5.82042],
			"to": [11.15737, 25.69118, 6.71949],
			"rotation": {"angle": -45, "axis": "z", "origin": [11.11348, 25.43292, 6.26996]},
			"faces": {
				"north": {"uv": [4.74949, 1.24968, 5.74935, 0.24981], "rotation": 270, "texture": "#0"},
				"east": {"uv": [4.74949, 1.24968, 5.74935, 0.24981], "rotation": 270, "texture": "#0"},
				"south": {"uv": [4.74949, 1.24968, 5.74935, 0.24981], "rotation": 270, "texture": "#0"},
				"west": {"uv": [4.74949, 1.24968, 5.74935, 0.24981], "rotation": 270, "texture": "#0"},
				"up": {"uv": [4.74949, 1.24968, 5.74935, 0.24981], "rotation": 270, "texture": "#0"},
				"down": {"uv": [4.74949, 1.24968, 5.74935, 0.24981], "rotation": 270, "texture": "#0"}
			}
		},
		{
			"name": "chungus",
			"from": [7.6362, 22.27883, 5.82042],
			"to": [8.70597, 23.77729, 6.71949],
			"rotation": {"angle": 22.5, "axis": "z", "origin": [5.47385, 31.26961, 6.12011]},
			"faces": {
				"north": {"uv": [5.74935, 0.24981, 4.74949, 1.24968], "texture": "#0"},
				"east": {"uv": [5.74935, 0.24981, 4.74949, 1.24968], "texture": "#0"},
				"south": {"uv": [5.74935, 0.24981, 4.74949, 1.24968], "texture": "#0"},
				"west": {"uv": [5.74935, 0.24981, 4.74949, 1.24968], "texture": "#0"},
				"up": {"uv": [5.74935, 0.24981, 4.74949, 1.24968], "texture": "#0"},
				"down": {"uv": [5.74935, 0.24981, 4.74949, 1.24968], "texture": "#0"}
			}
		},
		{
			"name": "chungus",
			"from": [12.82662, 22.27883, 5.82042],
			"to": [13.5967, 23.77729, 6.71949],
			"rotation": {"angle": -22.5, "axis": "z", "origin": [16.05874, 31.26961, 6.12011]},
			"faces": {
				"north": {"uv": [5.74935, 0.24981, 4.74949, 1.24968], "texture": "#0"},
				"east": {"uv": [5.74935, 0.24981, 4.74949, 1.24968], "texture": "#0"},
				"south": {"uv": [5.74935, 0.24981, 4.74949, 1.24968], "texture": "#0"},
				"west": {"uv": [5.74935, 0.24981, 4.74949, 1.24968], "texture": "#0"},
				"up": {"uv": [5.74935, 0.24981, 4.74949, 1.24968], "texture": "#0"},
				"down": {"uv": [5.74935, 0.24981, 4.74949, 1.24968], "texture": "#0"}
			}
		},
		{
			"name": "chungus",
			"from": [7.6362, 20.72689, 5.82042],
			"to": [8.70597, 22.22535, 6.71949],
			"rotation": {"angle": -22.5, "axis": "z", "origin": [5.47385, 13.23457, 6.12011]},
			"faces": {
				"north": {"uv": [5.74935, 1.24968, 4.74949, 0.24981], "texture": "#0"},
				"east": {"uv": [5.74935, 1.24968, 4.74949, 0.24981], "texture": "#0"},
				"south": {"uv": [5.74935, 1.24968, 4.74949, 0.24981], "texture": "#0"},
				"west": {"uv": [5.74935, 1.24968, 4.74949, 0.24981], "texture": "#0"},
				"up": {"uv": [5.74935, 1.24968, 4.74949, 0.24981], "texture": "#0"},
				"down": {"uv": [5.74935, 1.24968, 4.74949, 0.24981], "texture": "#0"}
			}
		},
		{
			"name": "chungus",
			"from": [10.36425, 18.813, 5.82042],
			"to": [11.15737, 19.60614, 6.71949],
			"rotation": {"angle": 45, "axis": "z", "origin": [11.11348, 19.07126, 6.26996]},
			"faces": {
				"north": {"uv": [5.74935, 1.24968, 4.74949, 0.24981], "rotation": 270, "texture": "#0"},
				"east": {"uv": [5.74935, 1.24968, 4.74949, 0.24981], "rotation": 270, "texture": "#0"},
				"south": {"uv": [5.74935, 1.24968, 4.74949, 0.24981], "rotation": 270, "texture": "#0"},
				"west": {"uv": [5.74935, 1.24968, 4.74949, 0.24981], "rotation": 270, "texture": "#0"},
				"up": {"uv": [5.74935, 1.24968, 4.74949, 0.24981], "rotation": 270, "texture": "#0"},
				"down": {"uv": [5.74935, 1.24968, 4.74949, 0.24981], "rotation": 270, "texture": "#0"}
			}
		},
		{
			"name": "chungus",
			"from": [12.82662, 20.72689, 5.82042],
			"to": [13.9927, 22.22535, 6.71949],
			"rotation": {"angle": 22.5, "axis": "z", "origin": [16.05874, 13.23457, 6.12011]},
			"faces": {
				"north": {"uv": [5.74935, 1.24968, 4.74949, 0.24981], "texture": "#0"},
				"east": {"uv": [5.74935, 1.24968, 4.74949, 0.24981], "texture": "#0"},
				"south": {"uv": [5.74935, 1.24968, 4.74949, 0.24981], "texture": "#0"},
				"west": {"uv": [5.74935, 1.24968, 4.74949, 0.24981], "texture": "#0"},
				"up": {"uv": [5.74935, 1.24968, 4.74949, 0.24981], "texture": "#0"},
				"down": {"uv": [5.74935, 1.24968, 4.74949, 0.24981], "texture": "#0"}
			}
		},
		{
			"name": "chungus",
			"from": [4.04, 3.82924, 5.624],
			"to": [11.96, 7.61876, 10.376],
			"rotation": {"angle": -22.5, "axis": "z", "origin": [8, 12.456, 6.416]},
			"faces": {
				"north": {"uv": [1.24968, 0.24981, 0.24981, 1.24968], "texture": "#0"},
				"east": {"uv": [1.24968, 0.24981, 0.24981, 1.24968], "texture": "#0"},
				"south": {"uv": [1.24968, 0.24981, 0.24981, 1.24968], "texture": "#0"},
				"west": {"uv": [1.24968, 0.24981, 0.24981, 1.24968], "texture": "#0"},
				"up": {"uv": [1.24968, 0.24981, 0.24981, 1.24968], "texture": "#0"},
				"down": {"uv": [1.24968, 0.24981, 0.24981, 1.24968], "texture": "#0"}
			}
		},
		{
			"name": "chungus",
			"from": [4.04, 3.82924, 5.624],
			"to": [11.96, 7.61876, 10.376],
			"rotation": {"angle": 22.5, "axis": "z", "origin": [8, 12.456, 6.416]},
			"faces": {
				"north": {"uv": [0.24981, 0.24981, 1.24968, 1.24968], "texture": "#0"},
				"east": {"uv": [0.24981, 0.24981, 1.24968, 1.24968], "texture": "#0"},
				"south": {"uv": [0.24981, 0.24981, 1.24968, 1.24968], "texture": "#0"},
				"west": {"uv": [0.24981, 0.24981, 1.24968, 1.24968], "texture": "#0"},
				"up": {"uv": [0.24981, 0.24981, 1.24968, 1.24968], "texture": "#0"},
				"down": {"uv": [0.24981, 0.24981, 1.24968, 1.24968], "texture": "#0"}
			}
		},
		{
			"name": "chungus",
			"from": [5.624, 11.35324, 4.436],
			"to": [13.544, 13.55876, 10.376],
			"rotation": {"angle": 22.5, "axis": "z", "origin": [8, 12.456, 6.416]},
			"faces": {
				"north": {"uv": [0.24981, 0.24981, 1.24968, 1.24968], "texture": "#0"},
				"east": {"uv": [0.24981, 0.24981, 1.24968, 1.24968], "texture": "#0"},
				"south": {"uv": [0.24981, 0.24981, 1.24968, 1.24968], "texture": "#0"},
				"west": {"uv": [0.24981, 0.24981, 1.24968, 1.24968], "texture": "#0"},
				"up": {"uv": [0.24981, 0.24981, 1.24968, 1.24968], "texture": "#0"},
				"down": {"uv": [0.24981, 0.24981, 1.24968, 1.24968], "texture": "#0"}
			}
		},
		{
			"name": "chungus",
			"from": [2.456, 6.60124, 4.436],
			"to": [13.544, 13.55876, 10.376],
			"faces": {
				"north": {"uv": [0.24981, 0.24981, 1.24968, 1.24968], "texture": "#0"},
				"east": {"uv": [0.24981, 0.24981, 1.24968, 1.24968], "texture": "#0"},
				"south": {"uv": [0.24981, 0.24981, 1.24968, 1.24968], "texture": "#0"},
				"west": {"uv": [0.24981, 0.24981, 1.24968, 1.24968], "texture": "#0"},
				"up": {"uv": [0.24981, 0.24981, 1.24968, 1.24968], "texture": "#0"},
				"down": {"uv": [0.24981, 0.24981, 1.24968, 1.24968], "texture": "#0"}
			}
		},
		{
			"name": "chungus",
			"from": [2.456, 11.35324, 4.436],
			"to": [13.544, 13.55876, 10.376],
			"rotation": {"angle": -22.5, "axis": "z", "origin": [8, 12.456, 6.416]},
			"faces": {
				"north": {"uv": [0.24981, 0.24981, 1.24968, 1.24968], "texture": "#0"},
				"east": {"uv": [0.24981, 0.24981, 1.24968, 1.24968], "texture": "#0"},
				"south": {"uv": [0.24981, 0.24981, 1.24968, 1.24968], "texture": "#0"},
				"west": {"uv": [0.24981, 0.24981, 1.24968, 1.24968], "texture": "#0"},
				"up": {"uv": [0.24981, 0.24981, 1.24968, 1.24968], "texture": "#0"},
				"down": {"uv": [0.24981, 0.24981, 1.24968, 1.24968], "texture": "#0"}
			}
		},
		{
			"name": "chungus",
			"from": [6.89724, 6.912, 4.436],
			"to": [9.10276, 18, 10.376],
			"rotation": {"angle": 45, "axis": "z", "origin": [8, 12.456, 6.416]},
			"faces": {
				"north": {"uv": [0.24981, 0.24981, 1.24968, 1.24968], "texture": "#0"},
				"east": {"uv": [0.24981, 0.24981, 1.24968, 1.24968], "texture": "#0"},
				"south": {"uv": [0.24981, 0.24981, 1.24968, 1.24968], "texture": "#0"},
				"west": {"uv": [0.24981, 0.24981, 1.24968, 1.24968], "texture": "#0"},
				"up": {"uv": [0.24981, 0.24981, 1.24968, 1.24968], "texture": "#0"},
				"down": {"uv": [0.24981, 0.24981, 1.24968, 1.24968], "texture": "#0"}
			}
		},
		{
			"name": "chungus",
			"from": [6.89724, 6.912, 4.436],
			"to": [9.10276, 18, 10.376],
			"rotation": {"angle": 22.5, "axis": "z", "origin": [8, 12.456, 6.416]},
			"faces": {
				"north": {"uv": [0.24981, 0.24981, 1.24968, 1.24968], "texture": "#0"},
				"east": {"uv": [0.24981, 0.24981, 1.24968, 1.24968], "texture": "#0"},
				"south": {"uv": [0.24981, 0.24981, 1.24968, 1.24968], "texture": "#0"},
				"west": {"uv": [0.24981, 0.24981, 1.24968, 1.24968], "texture": "#0"},
				"up": {"uv": [0.24981, 0.24981, 1.24968, 1.24968], "texture": "#0"},
				"down": {"uv": [0.24981, 0.24981, 1.24968, 1.24968], "texture": "#0"}
			}
		},
		{
			"name": "chungus",
			"from": [6.89724, 6.912, 4.436],
			"to": [9.10276, 18, 10.376],
			"faces": {
				"north": {"uv": [0.24981, 0.24981, 1.24968, 1.24968], "texture": "#0"},
				"east": {"uv": [0.24981, 0.24981, 1.24968, 1.24968], "texture": "#0"},
				"south": {"uv": [0.24981, 0.24981, 1.24968, 1.24968], "texture": "#0"},
				"west": {"uv": [0.24981, 0.24981, 1.24968, 1.24968], "texture": "#0"},
				"up": {"uv": [0.24981, 0.24981, 1.24968, 1.24968], "texture": "#0"},
				"down": {"uv": [0.24981, 0.24981, 1.24968, 1.24968], "texture": "#0"}
			}
		},
		{
			"name": "chungus",
			"from": [6.89724, 6.912, 4.436],
			"to": [9.10276, 18, 10.376],
			"rotation": {"angle": -22.5, "axis": "z", "origin": [8, 12.456, 6.416]},
			"faces": {
				"north": {"uv": [0.24981, 0.24981, 1.24968, 1.24968], "texture": "#0"},
				"east": {"uv": [0.24981, 0.24981, 1.24968, 1.24968], "texture": "#0"},
				"south": {"uv": [0.24981, 0.24981, 1.24968, 1.24968], "texture": "#0"},
				"west": {"uv": [0.24981, 0.24981, 1.24968, 1.24968], "texture": "#0"},
				"up": {"uv": [0.24981, 0.24981, 1.24968, 1.24968], "texture": "#0"},
				"down": {"uv": [0.24981, 0.24981, 1.24968, 1.24968], "texture": "#0"}
			}
		},
		{
			"name": "chungus",
			"from": [6.89724, 6.912, 4.436],
			"to": [9.10276, 18, 10.376],
			"rotation": {"angle": -45, "axis": "z", "origin": [8, 12.456, 6.416]},
			"faces": {
				"north": {"uv": [0.24981, 0.24981, 1.24968, 1.24968], "texture": "#0"},
				"east": {"uv": [0.24981, 0.24981, 1.24968, 1.24968], "texture": "#0"},
				"south": {"uv": [0.24981, 0.24981, 1.24968, 1.24968], "texture": "#0"},
				"west": {"uv": [0.24981, 0.24981, 1.24968, 1.24968], "texture": "#0"},
				"up": {"uv": [0.24981, 0.24981, 1.24968, 1.24968], "texture": "#0"},
				"down": {"uv": [0.24981, 0.24981, 1.24968, 1.24968], "texture": "#0"}
			}
		},
		{
			"name": "chungus",
			"from": [8.69029, 13.248, 3.248],
			"to": [11.82411, 14.04, 5.624],
			"rotation": {"angle": 22.5, "axis": "z", "origin": [11.168, 12.456, 3.248]},
			"faces": {
				"north": {"uv": [2.74977, 0.24981, 1.74991, 1.24968], "texture": "#0"},
				"east": {"uv": [2.74977, 0.24981, 1.74991, 1.24968], "texture": "#0"},
				"south": {"uv": [2.74977, 0.24981, 1.74991, 1.24968], "texture": "#0"},
				"west": {"uv": [2.74977, 0.24981, 1.74991, 1.24968], "texture": "#0"},
				"up": {"uv": [2.74977, 0.24981, 1.74991, 1.24968], "texture": "#0"},
				"down": {"uv": [2.74977, 0.24981, 1.74991, 1.24968], "texture": "#0"}
			}
		},
		{
			"name": "chungus",
			"from": [4.17589, 13.248, 3.248],
			"to": [7.30971, 14.04, 5.624],
			"rotation": {"angle": -22.5, "axis": "z", "origin": [4.832, 12.456, 3.248]},
			"faces": {
				"north": {"uv": [1.74991, 0.24981, 2.74977, 1.24968], "texture": "#0"},
				"east": {"uv": [1.74991, 0.24981, 2.74977, 1.24968], "texture": "#0"},
				"south": {"uv": [1.74991, 0.24981, 2.74977, 1.24968], "texture": "#0"},
				"west": {"uv": [1.74991, 0.24981, 2.74977, 1.24968], "texture": "#0"},
				"up": {"uv": [1.74991, 0.24981, 2.74977, 1.24968], "texture": "#0"},
				"down": {"uv": [1.74991, 0.24981, 2.74977, 1.24968], "texture": "#0"}
			}
		},
		{
			"name": "chungus",
			"from": [9.584, 11.79989, 3.644],
			"to": [12.752, 13.11211, 5.624],
			"rotation": {"angle": 22.5, "axis": "z", "origin": [11.168, 12.456, 3.248]},
			"faces": {
				"north": {"uv": [2.74977, 0.24981, 1.74991, 1.24968], "texture": "#0"},
				"east": {"uv": [2.74977, 0.24981, 1.74991, 1.24968], "texture": "#0"},
				"south": {"uv": [2.74977, 0.24981, 1.74991, 1.24968], "texture": "#0"},
				"west": {"uv": [2.74977, 0.24981, 1.74991, 1.24968], "texture": "#0"},
				"up": {"uv": [2.74977, 0.24981, 1.74991, 1.24968], "texture": "#0"},
				"down": {"uv": [2.74977, 0.24981, 1.74991, 1.24968], "texture": "#0"}
			}
		},
		{
			"name": "chungus",
			"from": [9.584, 11.79989, 3.644],
			"to": [12.752, 13.11211, 5.624],
			"rotation": {"angle": -22.5, "axis": "z", "origin": [11.168, 12.456, 3.248]},
			"faces": {
				"north": {"uv": [2.74977, 0.24981, 1.74991, 1.24968], "texture": "#0"},
				"east": {"uv": [2.74977, 0.24981, 1.74991, 1.24968], "texture": "#0"},
				"south": {"uv": [2.74977, 0.24981, 1.74991, 1.24968], "texture": "#0"},
				"west": {"uv": [2.74977, 0.24981, 1.74991, 1.24968], "texture": "#0"},
				"up": {"uv": [2.74977, 0.24981, 1.74991, 1.24968], "texture": "#0"},
				"down": {"uv": [2.74977, 0.24981, 1.74991, 1.24968], "texture": "#0"}
			}
		},
		{
			"name": "chungus",
			"from": [7.10629, 10.872, 3.644],
			"to": [11.82411, 14.04, 5.624],
			"rotation": {"angle": 22.5, "axis": "z", "origin": [11.168, 12.456, 3.248]},
			"faces": {
				"north": {"uv": [2.74977, 0.24981, 1.74991, 1.24968], "texture": "#0"},
				"east": {"uv": [2.74977, 0.24981, 1.74991, 1.24968], "texture": "#0"},
				"south": {"uv": [2.74977, 0.24981, 1.74991, 1.24968], "texture": "#0"},
				"west": {"uv": [2.74977, 0.24981, 1.74991, 1.24968], "texture": "#0"},
				"up": {"uv": [2.74977, 0.24981, 1.74991, 1.24968], "texture": "#0"},
				"down": {"uv": [2.74977, 0.24981, 1.74991, 1.24968], "texture": "#0"}
			}
		},
		{
			"name": "chungus",
			"from": [10.51189, 10.872, 3.644],
			"to": [11.82411, 14.04, 5.624],
			"rotation": {"angle": -22.5, "axis": "z", "origin": [11.168, 12.456, 3.248]},
			"faces": {
				"north": {"uv": [2.74977, 0.24981, 1.74991, 1.24968], "texture": "#0"},
				"east": {"uv": [2.74977, 0.24981, 1.74991, 1.24968], "texture": "#0"},
				"south": {"uv": [2.74977, 0.24981, 1.74991, 1.24968], "texture": "#0"},
				"west": {"uv": [2.74977, 0.24981, 1.74991, 1.24968], "texture": "#0"},
				"up": {"uv": [2.74977, 0.24981, 1.74991, 1.24968], "texture": "#0"},
				"down": {"uv": [2.74977, 0.24981, 1.74991, 1.24968], "texture": "#0"}
			}
		},
		{
			"name": "chungus",
			"from": [3.248, 11.79989, 3.644],
			"to": [6.416, 13.11211, 5.624],
			"rotation": {"angle": -22.5, "axis": "z", "origin": [4.832, 12.456, 3.248]},
			"faces": {
				"north": {"uv": [1.74991, 0.24981, 2.74977, 1.24968], "texture": "#0"},
				"east": {"uv": [1.74991, 0.24981, 2.74977, 1.24968], "texture": "#0"},
				"south": {"uv": [1.74991, 0.24981, 2.74977, 1.24968], "texture": "#0"},
				"west": {"uv": [1.74991, 0.24981, 2.74977, 1.24968], "texture": "#0"},
				"up": {"uv": [1.74991, 0.24981, 2.74977, 1.24968], "texture": "#0"},
				"down": {"uv": [1.74991, 0.24981, 2.74977, 1.24968], "texture": "#0"}
			}
		},
		{
			"name": "chungus",
			"from": [3.248, 11.79989, 3.644],
			"to": [6.416, 13.11211, 5.624],
			"rotation": {"angle": 22.5, "axis": "z", "origin": [4.832, 12.456, 3.248]},
			"faces": {
				"north": {"uv": [1.74991, 0.24981, 2.74977, 1.24968], "texture": "#0"},
				"east": {"uv": [1.74991, 0.24981, 2.74977, 1.24968], "texture": "#0"},
				"south": {"uv": [1.74991, 0.24981, 2.74977, 1.24968], "texture": "#0"},
				"west": {"uv": [1.74991, 0.24981, 2.74977, 1.24968], "texture": "#0"},
				"up": {"uv": [1.74991, 0.24981, 2.74977, 1.24968], "texture": "#0"},
				"down": {"uv": [1.74991, 0.24981, 2.74977, 1.24968], "texture": "#0"}
			}
		},
		{
			"name": "chungus",
			"from": [4.17589, 10.872, 3.644],
			"to": [8.89371, 14.04, 5.624],
			"rotation": {"angle": -22.5, "axis": "z", "origin": [4.832, 12.456, 3.248]},
			"faces": {
				"north": {"uv": [1.74991, 0.24981, 2.74977, 1.24968], "texture": "#0"},
				"east": {"uv": [1.74991, 0.24981, 2.74977, 1.24968], "texture": "#0"},
				"south": {"uv": [1.74991, 0.24981, 2.74977, 1.24968], "texture": "#0"},
				"west": {"uv": [1.74991, 0.24981, 2.74977, 1.24968], "texture": "#0"},
				"up": {"uv": [1.74991, 0.24981, 2.74977, 1.24968], "texture": "#0"},
				"down": {"uv": [1.74991, 0.24981, 2.74977, 1.24968], "texture": "#0"}
			}
		},
		{
			"name": "chungus",
			"from": [4.17589, 10.872, 3.644],
			"to": [5.48811, 14.04, 5.624],
			"rotation": {"angle": 22.5, "axis": "z", "origin": [4.832, 12.456, 3.248]},
			"faces": {
				"north": {"uv": [1.74991, 0.24981, 2.74977, 1.24968], "texture": "#0"},
				"east": {"uv": [1.74991, 0.24981, 2.74977, 1.24968], "texture": "#0"},
				"south": {"uv": [1.74991, 0.24981, 2.74977, 1.24968], "texture": "#0"},
				"west": {"uv": [1.74991, 0.24981, 2.74977, 1.24968], "texture": "#0"},
				"up": {"uv": [1.74991, 0.24981, 2.74977, 1.24968], "texture": "#0"},
				"down": {"uv": [1.74991, 0.24981, 2.74977, 1.24968], "texture": "#0"}
			}
		},
		{
			"name": "chungus",
			"from": [7.208, 12.91994, 3.0896],
			"to": [8.792, 13.57606, 5.624],
			"rotation": {"angle": -22.5, "axis": "z", "origin": [8, 13.248, 4.832]},
			"faces": {
				"north": {"uv": [0.24981, 0.24981, 1.24968, 1.24968], "texture": "#0"},
				"east": {"uv": [0.24981, 0.24981, 1.24968, 1.24968], "texture": "#0"},
				"south": {"uv": [0.24981, 0.24981, 1.24968, 1.24968], "texture": "#0"},
				"west": {"uv": [0.24981, 0.24981, 1.24968, 1.24968], "texture": "#0"},
				"up": {"uv": [0.24981, 0.24981, 1.24968, 1.24968], "texture": "#0"},
				"down": {"uv": [0.24981, 0.24981, 1.24968, 1.24968], "texture": "#0"}
			}
		},
		{
			"name": "chungus",
			"from": [7.208, 12.91994, 3.0896],
			"to": [8.792, 13.57606, 5.624],
			"rotation": {"angle": 22.5, "axis": "z", "origin": [8, 13.248, 4.832]},
			"faces": {
				"north": {"uv": [0.24981, 0.24981, 1.24968, 1.24968], "texture": "#0"},
				"east": {"uv": [0.24981, 0.24981, 1.24968, 1.24968], "texture": "#0"},
				"south": {"uv": [0.24981, 0.24981, 1.24968, 1.24968], "texture": "#0"},
				"west": {"uv": [0.24981, 0.24981, 1.24968, 1.24968], "texture": "#0"},
				"up": {"uv": [0.24981, 0.24981, 1.24968, 1.24968], "texture": "#0"},
				"down": {"uv": [0.24981, 0.24981, 1.24968, 1.24968], "texture": "#0"}
			}
		},
		{
			"name": "chungus",
			"from": [7.67194, 12.456, 3.0896],
			"to": [8.32806, 13.644, 5.624],
			"rotation": {"angle": -22.5, "axis": "z", "origin": [8, 13.248, 4.832]},
			"faces": {
				"north": {"uv": [0.24981, 0.24981, 1.24968, 1.24968], "texture": "#0"},
				"east": {"uv": [0.24981, 0.24981, 1.24968, 1.24968], "texture": "#0"},
				"south": {"uv": [0.24981, 0.24981, 1.24968, 1.24968], "texture": "#0"},
				"west": {"uv": [0.24981, 0.24981, 1.24968, 1.24968], "texture": "#0"},
				"up": {"uv": [0.24981, 0.24981, 1.24968, 1.24968], "texture": "#0"},
				"down": {"uv": [0.24981, 0.24981, 1.24968, 1.24968], "texture": "#0"}
			}
		},
		{
			"name": "chungus",
			"from": [7.67194, 12.456, 3.0896],
			"to": [8.32806, 13.644, 5.624],
			"rotation": {"angle": 22.5, "axis": "z", "origin": [8, 13.248, 4.832]},
			"faces": {
				"north": {"uv": [0.24981, 0.24981, 1.24968, 1.24968], "texture": "#0"},
				"east": {"uv": [0.24981, 0.24981, 1.24968, 1.24968], "texture": "#0"},
				"south": {"uv": [0.24981, 0.24981, 1.24968, 1.24968], "texture": "#0"},
				"west": {"uv": [0.24981, 0.24981, 1.24968, 1.24968], "texture": "#0"},
				"up": {"uv": [0.24981, 0.24981, 1.24968, 1.24968], "texture": "#0"},
				"down": {"uv": [0.24981, 0.24981, 1.24968, 1.24968], "texture": "#0"}
			}
		},
		{
			"name": "chungus",
			"from": [4.35235, 14.73867, 4.11914],
			"to": [4.78795, 15.74651, 5.86154],
			"rotation": {"angle": -45, "axis": "z", "origin": [6.09475, 15.46039, 4.99034]},
			"faces": {
				"north": {"uv": [6.24958, 1.24968, 7.24944, 0.24981], "rotation": 90, "texture": "#0"},
				"east": {"uv": [6.24958, 1.24968, 7.24944, 0.24981], "rotation": 270, "texture": "#0"},
				"south": {"uv": [6.24958, 1.24968, 7.24944, 0.24981], "rotation": 270, "texture": "#0"},
				"west": {"uv": [6.24958, 1.24968, 7.24944, 0.24981], "rotation": 90, "texture": "#0"},
				"up": {"uv": [6.24958, 1.24968, 7.24944, 0.24981], "rotation": 270, "texture": "#0"},
				"down": {"uv": [6.24958, 1.24968, 7.24944, 0.24981], "rotation": 270, "texture": "#0"}
			}
		},
		{
			"name": "chungus",
			"from": [5.71012, 16.70112, 4.1192],
			"to": [6.71796, 17.13672, 5.8616],
			"rotation": {"angle": 22.5, "axis": "z", "origin": [5.99624, 15.39432, 4.9904]},
			"faces": {
				"north": {"uv": [6.24958, 1.24968, 7.24944, 0.24981], "texture": "#0"},
				"east": {"uv": [6.24958, 1.24968, 7.24944, 0.24981], "texture": "#0"},
				"south": {"uv": [6.24958, 1.24968, 7.24944, 0.24981], "texture": "#0"},
				"west": {"uv": [6.24958, 1.24968, 7.24944, 0.24981], "texture": "#0"},
				"up": {"uv": [6.24958, 1.24968, 7.24944, 0.24981], "texture": "#0"},
				"down": {"uv": [6.24958, 1.24968, 7.24944, 0.24981], "texture": "#0"}
			}
		},
		{
			"name": "chungus",
			"from": [9.61891, 16.67972, 4.11949],
			"to": [10.62674, 17.11532, 5.86189],
			"rotation": {"angle": -45, "axis": "z", "origin": [9.90502, 15.37292, 4.99069]},
			"faces": {
				"north": {"uv": [6.24958, 1.24968, 7.24944, 0.24981], "texture": "#0"},
				"east": {"uv": [6.24958, 1.24968, 7.24944, 0.24981], "texture": "#0"},
				"south": {"uv": [6.24958, 1.24968, 7.24944, 0.24981], "texture": "#0"},
				"west": {"uv": [6.24958, 1.24968, 7.24944, 0.24981], "texture": "#0"},
				"up": {"uv": [6.24958, 1.24968, 7.24944, 0.24981], "texture": "#0"},
				"down": {"uv": [6.24958, 1.24968, 7.24944, 0.24981], "texture": "#0"}
			}
		},
		{
			"name": "chungus",
			"from": [9.28204, 16.614, 4.1192],
			"to": [10.28988, 17.0496, 5.8616],
			"rotation": {"angle": -22.5, "axis": "z", "origin": [10.00376, 15.3072, 4.9904]},
			"faces": {
				"north": {"uv": [6.24958, 1.24968, 7.24944, 0.24981], "texture": "#0"},
				"east": {"uv": [6.24958, 1.24968, 7.24944, 0.24981], "texture": "#0"},
				"south": {"uv": [6.24958, 1.24968, 7.24944, 0.24981], "texture": "#0"},
				"west": {"uv": [6.24958, 1.24968, 7.24944, 0.24981], "texture": "#0"},
				"up": {"uv": [6.24958, 1.24968, 7.24944, 0.24981], "texture": "#0"},
				"down": {"uv": [6.24958, 1.24968, 7.24944, 0.24981], "texture": "#0"}
			}
		},
		{
			"name": "chungus",
			"from": [-9.028, -3.384, 6.02],
			"to": [-6.256, -0.216, 9.98],
			"rotation": {"angle": -22.5, "axis": "z", "origin": [-7.048, -2.592, 8.396]},
			"faces": {
				"north": {"uv": [3.25, 0.24981, 4.24925, 1.24907], "rotation": 270, "texture": "#0"},
				"east": {"uv": [3.25, 0.24981, 4.24925, 1.24907], "rotation": 270, "texture": "#0"},
				"south": {"uv": [3.25, 0.24981, 4.24925, 1.24907], "rotation": 270, "texture": "#0"},
				"west": {"uv": [3.25, 0.24981, 4.24925, 1.24907], "rotation": 270, "texture": "#0"},
				"up": {"uv": [3.25, 0.24981, 4.24925, 1.24907], "rotation": 270, "texture": "#0"},
				"down": {"uv": [3.25, 0.24981, 4.24925, 1.24907], "rotation": 270, "texture": "#0"}
			}
		},
		{
			"name": "chungus",
			"from": [-9.424, -5.76, 8.6336],
			"to": [-8.236, -2.592, 9.8216],
			"rotation": {"angle": -22.5, "axis": "z", "origin": [-7.048, -2.592, 9.98]},
			"faces": {
				"north": {"uv": [3.25, 0.24981, 4.24925, 1.24907], "rotation": 270, "texture": "#0"},
				"east": {"uv": [3.25, 0.24981, 4.24925, 1.24907], "rotation": 270, "texture": "#0"},
				"south": {"uv": [3.25, 0.24981, 4.24925, 1.24907], "rotation": 270, "texture": "#0"},
				"west": {"uv": [3.25, 0.24981, 4.24925, 1.24907], "rotation": 270, "texture": "#0"},
				"up": {"uv": [3.25, 0.24981, 4.24925, 1.24907], "rotation": 270, "texture": "#0"},
				"down": {"uv": [3.25, 0.24981, 4.24925, 1.24907], "rotation": 270, "texture": "#0"}
			}
		},
		{
			"name": "chungus",
			"from": [-6.256, -3.78, 9.98],
			"to": [-5.068, -1.008, 11.168],
			"rotation": {"angle": -22.5, "axis": "z", "origin": [-8.632, 1.764, 11.564]},
			"faces": {
				"north": {"uv": [3.25, 0.24981, 4.24925, 1.24907], "rotation": 270, "texture": "#0"},
				"east": {"uv": [3.25, 0.24981, 4.24925, 1.24907], "rotation": 270, "texture": "#0"},
				"south": {"uv": [3.25, 0.24981, 4.24925, 1.24907], "rotation": 270, "texture": "#0"},
				"west": {"uv": [3.25, 0.24981, 4.24925, 1.24907], "rotation": 270, "texture": "#0"},
				"up": {"uv": [3.25, 0.24981, 4.24925, 1.24907], "rotation": 270, "texture": "#0"},
				"down": {"uv": [3.25, 0.24981, 4.24925, 1.24907], "rotation": 270, "texture": "#0"}
			}
		},
		{
			"name": "chungus",
			"from": [-9.424, -6.156, 7.2872],
			"to": [-8.236, -2.592, 8.4752],
			"rotation": {"angle": -22.5, "axis": "z", "origin": [-7.048, -2.592, 8.396]},
			"faces": {
				"north": {"uv": [3.25, 0.24981, 4.24925, 1.24907], "rotation": 270, "texture": "#0"},
				"east": {"uv": [3.25, 0.24981, 4.24925, 1.24907], "rotation": 270, "texture": "#0"},
				"south": {"uv": [3.25, 0.24981, 4.24925, 1.24907], "rotation": 270, "texture": "#0"},
				"west": {"uv": [3.25, 0.24981, 4.24925, 1.24907], "rotation": 270, "texture": "#0"},
				"up": {"uv": [3.25, 0.24981, 4.24925, 1.24907], "rotation": 270, "texture": "#0"},
				"down": {"uv": [3.25, 0.24981, 4.24925, 1.24907], "rotation": 270, "texture": "#0"}
			}
		},
		{
			"name": "chungus",
			"from": [-9.424, -5.364, 5.8616],
			"to": [-8.236, -2.592, 7.0496],
			"rotation": {"angle": -22.5, "axis": "z", "origin": [-7.048, -2.592, 8.396]},
			"faces": {
				"north": {"uv": [3.25, 0.24981, 4.24925, 1.24907], "rotation": 270, "texture": "#0"},
				"east": {"uv": [3.25, 0.24981, 4.24925, 1.24907], "rotation": 270, "texture": "#0"},
				"south": {"uv": [3.25, 0.24981, 4.24925, 1.24907], "rotation": 270, "texture": "#0"},
				"west": {"uv": [3.25, 0.24981, 4.24925, 1.24907], "rotation": 270, "texture": "#0"},
				"up": {"uv": [3.25, 0.24981, 4.24925, 1.24907], "rotation": 270, "texture": "#0"},
				"down": {"uv": [3.25, 0.24981, 4.24925, 1.24907], "rotation": 270, "texture": "#0"}
			}
		},
		{
			"name": "chungus",
			"from": [-7.69999, -4.72608, 5.7032],
			"to": [-6.51199, -1.95408, 6.8912],
			"faces": {
				"north": {"uv": [3.25, 0.24981, 4.24925, 1.24907], "rotation": 270, "texture": "#0"},
				"east": {"uv": [3.25, 0.24981, 4.24925, 1.24907], "rotation": 270, "texture": "#0"},
				"south": {"uv": [3.25, 0.24981, 4.24925, 1.24907], "rotation": 270, "texture": "#0"},
				"west": {"uv": [3.25, 0.24981, 4.24925, 1.24907], "rotation": 270, "texture": "#0"},
				"up": {"uv": [3.25, 0.24981, 4.24925, 1.24907], "rotation": 270, "texture": "#0"},
				"down": {"uv": [3.25, 0.24981, 4.24925, 1.24907], "rotation": 270, "texture": "#0"}
			}
		},
		{
			"name": "chungus",
			"from": [-6.31545, -1.3664, 6.812],
			"to": [-3.93945, 3.3856, 9.584],
			"rotation": {"angle": -22.5, "axis": "z", "origin": [-5.12745, 3.3856, 8.198]},
			"faces": {
				"north": {"uv": [0.24981, 0, 1.24968, 1.49889], "rotation": 90, "texture": "#0"},
				"east": {"uv": [0.24981, 0, 1.24968, 1.49889], "rotation": 270, "texture": "#0"},
				"south": {"uv": [0.24981, 0, 1.24968, 1.49889], "rotation": 270, "texture": "#0"},
				"west": {"uv": [0.24981, 0, 1.24968, 1.49889], "rotation": 90, "texture": "#0"},
				"up": {"uv": [0.24981, 0, 1.24968, 1.49889], "rotation": 270, "texture": "#0"},
				"down": {"uv": [0.24981, 0, 1.24968, 1.49889], "rotation": 270, "texture": "#0"}
			}
		},
		{
			"name": "chungus",
			"from": [-5.89097, 2.16084, 6.812],
			"to": [-2.72297, 4.53684, 9.584],
			"rotation": {"angle": 22.5, "axis": "z", "origin": [-4.30697, 3.34884, 8.198]},
			"faces": {
				"north": {"uv": [0.24981, 0, 1.24968, 1.49889], "texture": "#0"},
				"east": {"uv": [0.24981, 0, 1.24968, 1.49889], "texture": "#0"},
				"south": {"uv": [0.24981, 0, 1.24968, 1.49889], "texture": "#0"},
				"west": {"uv": [0.24981, 0, 1.24968, 1.49889], "texture": "#0"},
				"up": {"uv": [0.24981, 0, 1.24968, 1.49889], "texture": "#0"},
				"down": {"uv": [0.24981, 0, 1.24968, 1.49889], "texture": "#0"}
			}
		},
		{
			"name": "chungus",
			"from": [22.256, -3.384, 6.02],
			"to": [25.028, -0.216, 9.98],
			"rotation": {"angle": 22.5, "axis": "z", "origin": [23.048, -2.592, 8.396]},
			"faces": {
				"north": {"uv": [3.25, 0.24981, 4.24925, 1.24907], "rotation": 270, "texture": "#0"},
				"east": {"uv": [3.25, 0.24981, 4.24925, 1.24907], "rotation": 270, "texture": "#0"},
				"south": {"uv": [3.25, 0.24981, 4.24925, 1.24907], "rotation": 270, "texture": "#0"},
				"west": {"uv": [3.25, 0.24981, 4.24925, 1.24907], "rotation": 270, "texture": "#0"},
				"up": {"uv": [3.25, 0.24981, 4.24925, 1.24907], "rotation": 270, "texture": "#0"},
				"down": {"uv": [3.25, 0.24981, 4.24925, 1.24907], "rotation": 270, "texture": "#0"}
			}
		},
		{
			"name": "chungus",
			"from": [24.236, -5.76, 8.6336],
			"to": [25.424, -2.592, 9.8216],
			"rotation": {"angle": 22.5, "axis": "z", "origin": [23.048, -2.592, 9.98]},
			"faces": {
				"north": {"uv": [3.25, 0.24981, 4.24925, 1.24907], "rotation": 270, "texture": "#0"},
				"east": {"uv": [3.25, 0.24981, 4.24925, 1.24907], "rotation": 270, "texture": "#0"},
				"south": {"uv": [3.25, 0.24981, 4.24925, 1.24907], "rotation": 270, "texture": "#0"},
				"west": {"uv": [3.25, 0.24981, 4.24925, 1.24907], "rotation": 270, "texture": "#0"},
				"up": {"uv": [3.25, 0.24981, 4.24925, 1.24907], "rotation": 270, "texture": "#0"},
				"down": {"uv": [3.25, 0.24981, 4.24925, 1.24907], "rotation": 270, "texture": "#0"}
			}
		},
		{
			"name": "chungus",
			"from": [21.068, -3.78, 9.98],
			"to": [22.256, -1.008, 11.168],
			"rotation": {"angle": 22.5, "axis": "z", "origin": [24.632, 1.764, 11.564]},
			"faces": {
				"north": {"uv": [3.25, 0.24981, 4.24925, 1.24907], "rotation": 270, "texture": "#0"},
				"east": {"uv": [3.25, 0.24981, 4.24925, 1.24907], "rotation": 270, "texture": "#0"},
				"south": {"uv": [3.25, 0.24981, 4.24925, 1.24907], "rotation": 270, "texture": "#0"},
				"west": {"uv": [3.25, 0.24981, 4.24925, 1.24907], "rotation": 270, "texture": "#0"},
				"up": {"uv": [3.25, 0.24981, 4.24925, 1.24907], "rotation": 270, "texture": "#0"},
				"down": {"uv": [3.25, 0.24981, 4.24925, 1.24907], "rotation": 270, "texture": "#0"}
			}
		},
		{
			"name": "chungus",
			"from": [24.236, -6.156, 7.2872],
			"to": [25.424, -2.592, 8.4752],
			"rotation": {"angle": 22.5, "axis": "z", "origin": [23.048, -2.592, 8.396]},
			"faces": {
				"north": {"uv": [3.25, 0.24981, 4.24925, 1.24907], "rotation": 270, "texture": "#0"},
				"east": {"uv": [3.25, 0.24981, 4.24925, 1.24907], "rotation": 270, "texture": "#0"},
				"south": {"uv": [3.25, 0.24981, 4.24925, 1.24907], "rotation": 270, "texture": "#0"},
				"west": {"uv": [3.25, 0.24981, 4.24925, 1.24907], "rotation": 270, "texture": "#0"},
				"up": {"uv": [3.25, 0.24981, 4.24925, 1.24907], "rotation": 270, "texture": "#0"},
				"down": {"uv": [3.25, 0.24981, 4.24925, 1.24907], "rotation": 270, "texture": "#0"}
			}
		},
		{
			"name": "chungus",
			"from": [24.236, -5.364, 5.8616],
			"to": [25.424, -2.592, 7.0496],
			"rotation": {"angle": 22.5, "axis": "z", "origin": [23.048, -2.592, 8.396]},
			"faces": {
				"north": {"uv": [3.25, 0.24981, 4.24925, 1.24907], "rotation": 270, "texture": "#0"},
				"east": {"uv": [3.25, 0.24981, 4.24925, 1.24907], "rotation": 270, "texture": "#0"},
				"south": {"uv": [3.25, 0.24981, 4.24925, 1.24907], "rotation": 270, "texture": "#0"},
				"west": {"uv": [3.25, 0.24981, 4.24925, 1.24907], "rotation": 270, "texture": "#0"},
				"up": {"uv": [3.25, 0.24981, 4.24925, 1.24907], "rotation": 270, "texture": "#0"},
				"down": {"uv": [3.25, 0.24981, 4.24925, 1.24907], "rotation": 270, "texture": "#0"}
			}
		},
		{
			"name": "chungus",
			"from": [22.51199, -4.72608, 5.7032],
			"to": [23.69999, -1.95408, 6.8912],
			"faces": {
				"north": {"uv": [3.25, 0.24981, 4.24925, 1.24907], "rotation": 270, "texture": "#0"},
				"east": {"uv": [3.25, 0.24981, 4.24925, 1.24907], "rotation": 270, "texture": "#0"},
				"south": {"uv": [3.25, 0.24981, 4.24925, 1.24907], "rotation": 270, "texture": "#0"},
				"west": {"uv": [3.25, 0.24981, 4.24925, 1.24907], "rotation": 270, "texture": "#0"},
				"up": {"uv": [3.25, 0.24981, 4.24925, 1.24907], "rotation": 270, "texture": "#0"},
				"down": {"uv": [3.25, 0.24981, 4.24925, 1.24907], "rotation": 270, "texture": "#0"}
			}
		},
		{
			"name": "chungus",
			"from": [19.93945, -1.3664, 6.812],
			"to": [22.31545, 3.3856, 9.584],
			"rotation": {"angle": 22.5, "axis": "z", "origin": [21.12745, 3.3856, 8.198]},
			"faces": {
				"north": {"uv": [0.24981, 1.49889, 1.24968, 0], "rotation": 90, "texture": "#0"},
				"east": {"uv": [0.24981, 1.49889, 1.24968, 0], "rotation": 90, "texture": "#0"},
				"south": {"uv": [0.24981, 1.49889, 1.24968, 0], "rotation": 270, "texture": "#0"},
				"west": {"uv": [0.24981, 1.49889, 1.24968, 0], "rotation": 270, "texture": "#0"},
				"up": {"uv": [0.24981, 1.49889, 1.24968, 0], "rotation": 270, "texture": "#0"},
				"down": {"uv": [0.24981, 1.49889, 1.24968, 0], "rotation": 270, "texture": "#0"}
			}
		},
		{
			"name": "chungus",
			"from": [18.72297, 2.16084, 6.812],
			"to": [21.89097, 4.53684, 9.584],
			"rotation": {"angle": -22.5, "axis": "z", "origin": [20.30697, 3.34884, 8.198]},
			"faces": {
				"north": {"uv": [1.24968, 0, 0.24981, 1.49889], "texture": "#0"},
				"east": {"uv": [1.24968, 0, 0.24981, 1.49889], "texture": "#0"},
				"south": {"uv": [1.24968, 0, 0.24981, 1.49889], "texture": "#0"},
				"west": {"uv": [1.24968, 0, 0.24981, 1.49889], "texture": "#0"},
				"up": {"uv": [1.24968, 0, 0.24981, 1.49889], "texture": "#0"},
				"down": {"uv": [1.24968, 0, 0.24981, 1.49889], "texture": "#0"}
			}
		}
	],
	"display": {
		"thirdperson_righthand": {
			"scale": [0.2, 0.2, 0.2]
		},
		"thirdperson_lefthand": {
			"rotation": [70, 0, 0],
			"translation": [-6, 0.25, 10.5]
		},
		"firstperson_righthand": {
			"scale": [0.3, 0.3, 0.3]
		},
		"firstperson_lefthand": {
			"scale": [0.3, 0.3, 0.3]
		},
		"ground": {
			"translation": [0, 3.75, 0],
			"scale": [0.3, 0.3, 0.3]
		},
		"gui": {
			"rotation": [0, -180, 0],
			"translation": [0, 1, 0],
			"scale": [0.3, 0.3, 0.3]
		},
		"head": {
			"scale": [2, 2, 2]
		},
		"fixed": {
			"translation": [0, 1.25, 0],
			"scale": [0.5, 0.5, 0.5]
		}
	},
	"groups": [0, 1, 2, 3, 4, 5, 6, 7, 8, 9, 10, 11, 12, 13, 14, 15, 16, 17, 18, 19, 20, 21, 22, 23, 24, 25, 26, 27, 28, 29,
		{
			"name": "EARS",
			"origin": [8, 8, 8],
			"children": [30, 31, 32, 33, 34, 35, 36, 37, 38, 39, 40, 41, 42, 43, 44, 45, 46, 47, 48, 49, 50, 51, 52, 53, 54, 55, 56, 57, 58, 59]
		}, 60, 61, 62, 63, 64, 65, 66, 67, 68, 69, 70, 71, 72, 73, 74, 75, 76, 77, 78, 79, 80, 81, 82, 83, 84, 85, 86, 87,
		{
			"name": "sugar",
			"origin": [8, 8, 8],
			"children": [
				{
					"name": "group",
					"origin": [8, 8, 8],
					"children": [88, 89, 90, 91, 92, 93, 94, 95, 96, 97, 98, 99, 100, 101, 102, 103]
				}
			]
		}
	]
}