{
	"parent": "item/handheld",
	"textures": {
		"layer0": "item/golden_carrot"
	},
	"overrides": [
		{ "predicate": { "custom_model_data": 1}, "model": "item/golden_carrot/1" },
		{ "predicate": { "custom_model_data": 2}, "model": "item/golden_carrot/2" },
		{ "predicate": { "custom_model_data": 3}, "model": "item/golden_carrot/3" },
		{ "predicate": { "custom_model_data": 4}, "model": "item/golden_carrot/4" },
		{ "predicate": { "custom_model_data": 5}, "model": "item/golden_carrot/5" },
		{ "predicate": { "custom_model_data": 6}, "model": "item/golden_carrot/6" }
	]
}
