{
 "parent": "item/generated",
 "textures": {
  "layer0": "item/item_frame"
 },
 "overrides": [
 { "predicate": {"custom_model_data": 100}, "model": "item/blue_brick"},
  { "predicate": {"custom_model_data": 101}, "model": "item/chair"},
  { "predicate": {"custom_model_data": 102}, "model": "item/tv"},
  { "predicate": {"custom_model_data": 103}, "model": "item/lamp"},
  { "predicate": {"custom_model_data": 104}, "model": "item/table"},
  { "predicate": {"custom_model_data": 105}, "model": "item/wooden_chair"},
  { "predicate": {"custom_model_data": 107}, "model": "item/blackstar_block"},
  { "predicate": {"custom_model_data": 108}, "model": "item/vending_machine"},
  { "predicate": {"custom_model_data": 109}, "model": "item/dimension_extractor"}
 ]
}