{
	"parent": "item/handheld",
	"textures": {
		"layer0": "item/potion_overlay",
		"layer1": "item/potion"
	},
	"overrides": [
		{ "predicate": { "custom_model_data": 1}, "model": "item/potion/1" },
		{ "predicate": { "custom_model_data": 2}, "model": "item/potion/2" },
		{ "predicate": { "custom_model_data": 3}, "model": "item/potion/3" },
		{ "predicate": { "custom_model_data": 4}, "model": "item/potion/4" },
		{ "predicate": { "custom_model_data": 5}, "model": "item/potion/5" },
		{ "predicate": { "custom_model_data": 6}, "model": "item/potion/6" },
		{ "predicate": { "custom_model_data": 7}, "model": "item/potion/7" },
		{ "predicate": { "custom_model_data": 8}, "model": "item/potion/8" },
		{ "predicate": { "custom_model_data": 9}, "model": "item/potion/9" }
	]
}
