{
	"credit": "Made with Blockbench",
	"textures": {
		"texture": "block/oak_log",
		"screen": "block/white_wool",
		"knob": "block/red_wool"
	},
	"elements": [
		{
			"from": [0, 0, 0.5],
			"to": [2, 16, 16],
			"faces": {
				"north": {"uv": [14.001, 0.001, 15.999, 15.999], "texture": "#texture"},
				"east": {"uv": [0.001, 0.001, 15.499, 15.999], "texture": "#texture"},
				"south": {"uv": [0.001, 0.001, 1.999, 15.999], "texture": "#texture", "cullface": "south"},
				"west": {"uv": [0.501, 0.001, 15.999, 15.999], "texture": "#texture", "cullface": "west"},
				"up": {"uv": [0.001, 0.501, 1.999, 15.999], "texture": "#texture", "cullface": "up"},
				"down": {"uv": [15.999, 15.999, 14.001, 0.501], "texture": "#texture", "cullface": "down"}
			}
		},
		{
			"from": [2, 0, 14],
			"to": [14, 16, 16],
			"faces": {
				"north": {"uv": [2.001, 0.001, 13.999, 15.999], "texture": "#texture"},
				"south": {"uv": [2.001, 0.001, 13.999, 15.999], "texture": "#texture", "cullface": "south"},
				"up": {"uv": [2.001, 14.001, 13.999, 15.999], "texture": "#texture", "cullface": "up"},
				"down": {"uv": [13.999, 15.999, 2.001, 14.001], "texture": "#texture", "cullface": "down"}
			}
		},
		{
			"from": [14, 0, 0.5],
			"to": [16, 16, 16],
			"faces": {
				"north": {"uv": [0.001, 0.001, 1.999, 15.999], "texture": "#texture"},
				"east": {"uv": [0.001, 0.001, 15.499, 15.999], "texture": "#texture", "cullface": "east"},
				"south": {"uv": [14.001, 0.001, 15.999, 15.999], "texture": "#texture", "cullface": "south"},
				"west": {"uv": [0.501, 0.001, 15.999, 15.999], "texture": "#texture"},
				"up": {"uv": [14.001, 0.501, 15.999, 15.999], "texture": "#texture", "cullface": "up"},
				"down": {"uv": [1.999, 15.999, 0.001, 0.501], "texture": "#texture", "cullface": "down"}
			}
		},
		{
			"from": [2, 0, 0.5],
			"to": [14, 5, 14],
			"faces": {
				"north": {"uv": [2.001, 11.001, 13.999, 15.999], "texture": "#texture"},
				"up": {"uv": [2.001, 0.501, 13.999, 13.999], "texture": "#texture"},
				"down": {"uv": [13.999, 13.999, 2.001, 0.501], "texture": "#texture", "cullface": "down"}
			}
		},
		{
			"from": [2, 14, 0.5],
			"to": [14, 16, 14],
			"faces": {
				"north": {"uv": [2.001, 0.001, 13.999, 1.999], "texture": "#texture"},
				"up": {"uv": [2.001, 0.501, 13.999, 13.999], "texture": "#texture", "cullface": "up"},
				"down": {"uv": [13.999, 13.999, 2.001, 0.501], "texture": "#texture"}
			}
		},
		{
			"from": [2, 2, 1],
			"to": [14, 14, 1.0625],
			"faces": {
				"north": {"uv": [2.001, 2.001, 13.999, 13.999], "texture": "#screen"},
				"south": {"uv": [2.001, 2.001, 13.999, 13.999], "texture": "#screen"}
			}
		},
		{
			"from": [3, 2, 0],
			"to": [4, 3, 0.5],
			"faces": {
				"north": {"uv": [12.001, 13.001, 12.999, 13.999], "texture": "#knob", "cullface": "north"},
				"east": {"uv": [15.501, 13.001, 15.999, 13.999], "texture": "#knob"},
				"west": {"uv": [0.001, 13.001, 0.499, 13.999], "texture": "#knob"},
				"up": {"uv": [3.001, 0.001, 3.999, 0.499], "texture": "#knob"},
				"down": {"uv": [12.999, 0.499, 12.001, 0.001], "texture": "#knob"}
			}
		},
		{
			"from": [5, 2, 0],
			"to": [6, 3, 0.5],
			"faces": {
				"north": {"uv": [10.001, 13.001, 10.999, 13.999], "texture": "#knob", "cullface": "north"},
				"east": {"uv": [15.501, 13.001, 15.999, 13.999], "texture": "#knob"},
				"west": {"uv": [0.001, 13.001, 0.499, 13.999], "texture": "#knob"},
				"up": {"uv": [5.001, 0.001, 5.999, 0.499], "texture": "#knob"},
				"down": {"uv": [10.999, 0.499, 10.001, 0.001], "texture": "#knob"}
			}
		}
	],
	"display": {
		"thirdperson_righthand": {
			"scale": [0.3, 0.3, 0.3]
		},
		"thirdperson_lefthand": {
			"scale": [0.3, 0.3, 0.3]
		},
		"firstperson_righthand": {
			"scale": [0.3, 0.3, 0.3]
		},
		"firstperson_lefthand": {
			"scale": [0.3, 0.3, 0.3]
		},
		"ground": {
			"scale": [0.3, 0.3, 0.3]
		},
		"gui": {
			"rotation": [22.5, -135, 0],
			"scale": [0.6, 0.6, 0.6]
		},
		"fixed": {
			"rotation": [-90, 0, 0],
			"translation": [0, -0.5, -18.5],
			"scale": [2.3, 2.3, 2.3]
		}
	}
}