{
	"credit": "Made with Blockbench",
	"textures": {
		"0": "dee_instruments/microphone",
		"particle": "dee_instruments/microphone"
	},
	"elements": [
		{
			"name": "head",
			"from": [6.5, 7, 6.5],
			"to": [9.5, 10, 9.5],
			"rotation": {"angle": 0, "axis": "y", "origin": [14.5, 15, 14.5]},
			"faces": {
				"north": {"uv": [0, 0, 7, 7], "texture": "#0"},
				"east": {"uv": [0, 0, 7, 7], "texture": "#0"},
				"south": {"uv": [0, 0, 7, 7], "texture": "#0"},
				"west": {"uv": [0, 0, 7, 7], "texture": "#0"},
				"up": {"uv": [7, 0, 14, 7], "texture": "#0"},
				"down": {"uv": [7, 0, 14, 7], "texture": "#0"}
			}
		},
		{
			"name": "body",
			"from": [7, 2, 7],
			"to": [9, 7, 9],
			"rotation": {"angle": 0, "axis": "y", "origin": [15, 10, 15]},
			"faces": {
				"north": {"uv": [14, 0, 15, 10], "texture": "#0"},
				"east": {"uv": [14, 0, 15, 10], "texture": "#0"},
				"south": {"uv": [14, 0, 15, 10], "texture": "#0"},
				"west": {"uv": [14, 0, 15, 10], "texture": "#0"},
				"up": {"uv": [14, 0, 15, 1], "texture": "#0"},
				"down": {"uv": [14, 9, 15, 10], "texture": "#0"}
			}
		},
		{
			"name": "butt",
			"from": [7.5, 1.5, 7.5],
			"to": [8.5, 2.5, 8.5],
			"rotation": {"angle": 0, "axis": "y", "origin": [15.5, 9.5, 15.5]},
			"faces": {
				"north": {"uv": [14, 0, 15, 1], "texture": "#0"},
				"east": {"uv": [14, 0, 15, 1], "texture": "#0"},
				"south": {"uv": [14, 0, 15, 1], "texture": "#0"},
				"west": {"uv": [14, 0, 15, 1], "texture": "#0"},
				"up": {"uv": [14, 0, 15, 1], "texture": "#0"},
				"down": {"uv": [14, 0, 15, 1], "texture": "#0"}
			}
		}
	],
	"display": {
		"thirdperson_righthand": {
			"translation": [0, 1.75, 1.5],
			"scale": [1.01, 1.01, 1.01]
		},
		"thirdperson_lefthand": {
			"translation": [0, 1.75, 1.5]
		},
		"firstperson_righthand": {
			"rotation": [-15, 0, 0],
			"translation": [0, 2.5, 0]
		},
		"firstperson_lefthand": {
			"rotation": [-15, 0, 0],
			"translation": [0, 2.5, 0]
		},
		"ground": {
			"translation": [0, 2, 0],
			"scale": [0.75, 0.75, 0.75]
		},
		"gui": {
			"rotation": [30, -135, 0],
			"translation": [0, 2.75, 0],
			"scale": [1.25, 1.25, 1.25]
		},
		"head": {
			"rotation": [23, 0, 0],
			"translation": [0, 11.5, 2]
		},
		"fixed": {
			"translation": [0, 3.25, 0],
			"scale": [1.5, 1.5, 1.5]
		}
	}
}