{
	"credit": "Made with Blockbench",
	"textures": {
		"1": "dee_instruments/plucked_string/acoustic/acoustic_light_gray"
	},
	"elements": [
		{
			"from": [1, 2, 6],
			"to": [15, 8, 10],
			"rotation": {"angle": 0, "axis": "y", "origin": [9, 10, 14]},
			"faces": {
				"north": {"uv": [1, 3.5, 4.5, 5], "texture": "#1"},
				"east": {"uv": [0, 3.5, 1, 5], "texture": "#1"},
				"south": {"uv": [5.5, 3.5, 9, 5], "texture": "#1"},
				"west": {"uv": [4.5, 3.5, 5.5, 5], "texture": "#1"},
				"up": {"uv": [1, 0, 4.5, 1], "texture": "#1"},
				"down": {"uv": [1, 5.5, 4.5, 6.5], "texture": "#1"}
			}
		},
		{
			"from": [2, 1, 6],
			"to": [14, 2, 10],
			"rotation": {"angle": 0, "axis": "y", "origin": [10, 9, 14]},
			"faces": {
				"north": {"uv": [1.25, 5, 4.25, 5.25], "texture": "#1"},
				"east": {"uv": [0, 5, 1, 5.25], "texture": "#1"},
				"south": {"uv": [5.75, 5, 8.75, 5.25], "texture": "#1"},
				"west": {"uv": [4.5, 5, 5.5, 5.25], "texture": "#1"},
				"up": {"uv": [0, 0, 0, 0], "texture": "#1"},
				"down": {"uv": [1.25, 5.5, 4.25, 6.5], "texture": "#1"}
			}
		},
		{
			"from": [3, 10, 6],
			"to": [13, 11, 10],
			"rotation": {"angle": 0, "axis": "y", "origin": [11, 18, 14]},
			"faces": {
				"north": {"uv": [1.5, 2.75, 4, 3], "texture": "#1"},
				"east": {"uv": [0, 2.75, 1, 3], "texture": "#1"},
				"south": {"uv": [6, 2.75, 8.5, 3], "texture": "#1"},
				"west": {"uv": [4.5, 2.75, 5.5, 3], "texture": "#1"},
				"up": {"uv": [0, 0, 0, 0], "texture": "#1"},
				"down": {"uv": [0, 0, 0, 0], "texture": "#1"}
			}
		},
		{
			"from": [3, 15, 6],
			"to": [13, 17, 10],
			"rotation": {"angle": 0, "axis": "y", "origin": [11, 23, 14]},
			"faces": {
				"north": {"uv": [1.5, 1.25, 4, 1.75], "texture": "#1"},
				"east": {"uv": [0, 1.25, 1, 1.75], "texture": "#1"},
				"south": {"uv": [6, 1.25, 8.5, 1.75], "texture": "#1"},
				"west": {"uv": [4.5, 1.25, 5.5, 1.75], "texture": "#1"},
				"up": {"uv": [1.5, 0, 4, 1], "texture": "#1"},
				"down": {"uv": [0, 0, 0, 0], "texture": "#1"}
			}
		},
		{
			"from": [2, 8, 6],
			"to": [14, 10, 10],
			"rotation": {"angle": 0, "axis": "y", "origin": [10, 16, 14]},
			"faces": {
				"north": {"uv": [1.25, 3, 4.25, 3.5], "texture": "#1"},
				"east": {"uv": [0, 3, 1, 3.5], "texture": "#1"},
				"south": {"uv": [5.75, 3, 8.75, 3.5], "texture": "#1"},
				"west": {"uv": [4.5, 3, 5.5, 3.5], "texture": "#1"},
				"up": {"uv": [1.25, 5.5, 4.25, 6.5], "texture": "#1"},
				"down": {"uv": [0, 0, 0, 0], "texture": "#1"}
			}
		},
		{
			"from": [2, 11, 6],
			"to": [14, 15, 10],
			"rotation": {"angle": 0, "axis": "y", "origin": [10, 19, 14]},
			"faces": {
				"north": {"uv": [1.25, 1.75, 4.25, 2.75], "texture": "#1"},
				"east": {"uv": [0, 1.75, 1, 2.75], "texture": "#1"},
				"south": {"uv": [5.75, 1.75, 8.75, 2.75], "texture": "#1"},
				"west": {"uv": [4.5, 1.75, 5.5, 2.75], "texture": "#1"},
				"up": {"uv": [1.25, 0, 4.25, 1], "texture": "#1"},
				"down": {"uv": [1.25, 5.5, 4.25, 6.5], "texture": "#1"}
			}
		},
		{
			"from": [4, 0, 6],
			"to": [12, 1, 10],
			"rotation": {"angle": 0, "axis": "y", "origin": [12, 8, 14]},
			"faces": {
				"north": {"uv": [1.75, 5.25, 3.75, 5.5], "texture": "#1"},
				"east": {"uv": [0, 5.25, 1, 5.5], "texture": "#1"},
				"south": {"uv": [6.25, 5.25, 8.25, 5.5], "texture": "#1"},
				"west": {"uv": [4.5, 5.25, 5.5, 5.5], "texture": "#1"},
				"up": {"uv": [0, 0, 0, 0], "texture": "#1"},
				"down": {"uv": [1.75, 5.5, 3.75, 6.5], "texture": "#1"}
			}
		},
		{
			"from": [4, 17, 6],
			"to": [12, 18, 10],
			"rotation": {"angle": 0, "axis": "y", "origin": [12, 25, 14]},
			"faces": {
				"north": {"uv": [1.75, 1, 3.75, 1.25], "texture": "#1"},
				"east": {"uv": [0, 1, 1, 1.25], "texture": "#1"},
				"south": {"uv": [6.25, 1, 8.25, 1.25], "texture": "#1"},
				"west": {"uv": [4.5, 1, 5.5, 1.25], "texture": "#1"},
				"up": {"uv": [1.75, 0, 3.75, 1], "texture": "#1"},
				"down": {"uv": [0, 0, 0, 0], "texture": "#1"}
			}
		},
		{
			"name": "g",
			"from": [6.75, 8, 5.9],
			"to": [7, 27, 5.9],
			"rotation": {"angle": 0, "axis": "y", "origin": [16.25, 16, 14]},
			"faces": {
				"north": {"uv": [9, 0.75, 9.25, 5.5], "texture": "#1"},
				"east": {"uv": [0, 0, 0, 16], "texture": "#1"},
				"south": {"uv": [9, 0.75, 9.25, 5.5], "texture": "#1"},
				"west": {"uv": [0, 0, 0, 16], "texture": "#1"},
				"up": {"uv": [0, 0, 0.25, 0], "texture": "#1"},
				"down": {"uv": [0, 0, 0.25, 0], "texture": "#1"}
			}
		},
		{
			"name": "d",
			"from": [7.5, 8, 5.9],
			"to": [7.75, 27, 5.9],
			"rotation": {"angle": 0, "axis": "y", "origin": [18, 16, 14]},
			"faces": {
				"north": {"uv": [9.5, 0.75, 9.75, 5.5], "texture": "#1"},
				"east": {"uv": [0, 0, 0, 16], "texture": "#1"},
				"south": {"uv": [9.5, 0.75, 9.75, 5.5], "texture": "#1"},
				"west": {"uv": [0, 0, 0, 16], "texture": "#1"},
				"up": {"uv": [0, 0, 0.25, 0], "texture": "#1"},
				"down": {"uv": [0, 0, 0.25, 0], "texture": "#1"}
			}
		},
		{
			"name": "a",
			"from": [8.25, 8, 5.9],
			"to": [8.5, 27, 5.9],
			"rotation": {"angle": 0, "axis": "y", "origin": [19.25, 16, 14]},
			"faces": {
				"north": {"uv": [9.25, 0.75, 9.5, 5.5], "texture": "#1"},
				"east": {"uv": [0, 0, 0, 16], "texture": "#1"},
				"south": {"uv": [9.75, 0.75, 10, 5.5], "texture": "#1"},
				"west": {"uv": [0, 0, 0, 16], "texture": "#1"},
				"up": {"uv": [0, 0, 0.25, 0], "texture": "#1"},
				"down": {"uv": [0, 0, 0.25, 0], "texture": "#1"}
			}
		},
		{
			"name": "e",
			"from": [9, 8, 5.9],
			"to": [9.25, 27, 5.9],
			"rotation": {"angle": 0, "axis": "y", "origin": [20.5, 16, 14]},
			"faces": {
				"north": {"uv": [10, 0.75, 10.25, 5.5], "texture": "#1"},
				"east": {"uv": [0, 0, 0, 16], "texture": "#1"},
				"south": {"uv": [10.25, 0.75, 10.5, 5.5], "texture": "#1"},
				"west": {"uv": [0, 0, 0, 16], "texture": "#1"},
				"up": {"uv": [0, 0, 0.25, 0], "texture": "#1"},
				"down": {"uv": [0, 0, 0.25, 0], "texture": "#1"}
			}
		},
		{
			"name": "bridge",
			"from": [6.375, 7, 5.5],
			"to": [9.625, 8, 6.5],
			"rotation": {"angle": 0, "axis": "y", "origin": [15.75, 15, 14]},
			"faces": {
				"north": {"uv": [4.5, 0, 4.75, 0.25], "texture": "#1"},
				"east": {"uv": [4.5, 0, 4.75, 0.25], "texture": "#1"},
				"south": {"uv": [4.5, 0, 4.75, 0.25], "texture": "#1"},
				"west": {"uv": [4.5, 0, 4.75, 0.25], "texture": "#1"},
				"up": {"uv": [4.5, 0, 4.75, 0.25], "texture": "#1"},
				"down": {"uv": [4.5, 0, 4.75, 0.25], "texture": "#1"}
			}
		},
		{
			"name": "nut",
			"from": [6.6, 26.75, 5.85],
			"to": [9.4, 27.25, 6.35],
			"rotation": {"angle": 0, "axis": "y", "origin": [16, 34.75, 14.25]},
			"faces": {
				"north": {"uv": [4.5, 0, 4.75, 0.25], "texture": "#1"},
				"east": {"uv": [4.5, 0, 4.75, 0.25], "texture": "#1"},
				"south": {"uv": [4.5, 0, 4.75, 0.25], "texture": "#1"},
				"west": {"uv": [4.5, 0, 4.75, 0.25], "texture": "#1"},
				"up": {"uv": [4.5, 0, 4.75, 0.25], "texture": "#1"},
				"down": {"uv": [4.5, 0, 4.75, 0.25], "texture": "#1"}
			}
		},
		{
			"name": "neck",
			"from": [6.5, 18, 6],
			"to": [9.5, 27, 8],
			"rotation": {"angle": 0, "axis": "y", "origin": [15, 26, 14]},
			"faces": {
				"north": {"uv": [11, 3.25, 11.75, 5.5], "texture": "#1"},
				"east": {"uv": [10.5, 3.25, 11, 5.5], "texture": "#1"},
				"south": {"uv": [12.25, 3.25, 13, 5.5], "texture": "#1"},
				"west": {"uv": [11.75, 3.25, 12.25, 5.5], "texture": "#1"},
				"up": {"uv": [0, 0, 3, 2], "texture": "#1"},
				"down": {"uv": [0, 0, 3, 2], "texture": "#1"}
			}
		},
		{
			"name": "neck_extended",
			"from": [6.5, 14, 5.975],
			"to": [9.5, 18, 5.975],
			"rotation": {"angle": 0, "axis": "y", "origin": [15, 22, 14]},
			"faces": {
				"north": {"uv": [10.5, 2.25, 12, 3.25], "texture": "#1"},
				"east": {"uv": [11, 2.25, 11.75, 3.25], "texture": "#1"},
				"south": {"uv": [10.5, 2.25, 12, 3.25], "texture": "#1"},
				"west": {"uv": [11, 2.25, 11.75, 3.25], "texture": "#1"},
				"up": {"uv": [0, 0, 3, 2], "texture": "#1"},
				"down": {"uv": [0, 0, 3, 2], "texture": "#1"}
			}
		},
		{
			"name": "neck_support",
			"from": [6.5, 18, 8],
			"to": [9.5, 19, 9],
			"rotation": {"angle": 0, "axis": "y", "origin": [15, 26, 16]},
			"faces": {
				"north": {"uv": [10.5, 5.25, 10.75, 5.5], "texture": "#1"},
				"east": {"uv": [10.5, 5.25, 10.75, 5.5], "texture": "#1"},
				"south": {"uv": [10.5, 5.25, 10.75, 5.5], "texture": "#1"},
				"west": {"uv": [10.5, 5.25, 10.75, 5.5], "texture": "#1"},
				"up": {"uv": [10.5, 5.25, 10.75, 5.5], "texture": "#1"},
				"down": {"uv": [10.5, 5.25, 10.75, 5.5], "texture": "#1"}
			}
		},
		{
			"name": "head",
			"from": [6, 27, 6],
			"to": [10, 32, 8],
			"rotation": {"angle": 0, "axis": "y", "origin": [15, 35, 14]},
			"faces": {
				"north": {"uv": [12.5, 0.5, 13.5, 1.75], "texture": "#1"},
				"east": {"uv": [12, 0.5, 12.5, 1.75], "texture": "#1"},
				"south": {"uv": [11, 0.5, 12, 1.75], "texture": "#1"},
				"west": {"uv": [10.5, 0.5, 11, 1.75], "texture": "#1"},
				"up": {"uv": [11, 0, 12, 0.5], "texture": "#1"},
				"down": {"uv": [11, 1.75, 12, 2.25], "texture": "#1"}
			}
		},
		{
			"from": [5, 29.75, 6.5],
			"to": [6, 30.75, 7],
			"rotation": {"angle": 22.5, "axis": "x", "origin": [6, 30.25, 7]},
			"faces": {
				"north": {"uv": [4.5, 0.25, 4.75, 0.5], "texture": "#1"},
				"east": {"uv": [4.5, 0.25, 4.75, 0.5], "texture": "#1"},
				"south": {"uv": [4.5, 0.25, 4.75, 0.5], "texture": "#1"},
				"west": {"uv": [4.5, 0.25, 4.75, 0.5], "texture": "#1"},
				"up": {"uv": [4.5, 0.25, 4.75, 0.5], "texture": "#1"},
				"down": {"uv": [4.5, 0.25, 4.75, 0.5], "texture": "#1"}
			}
		},
		{
			"from": [6.625, 28, 5.75],
			"to": [7.375, 28.75, 6.75],
			"rotation": {"angle": 0, "axis": "y", "origin": [15.25, 36, 14.25]},
			"faces": {
				"north": {"uv": [4.5, 0.25, 4.75, 0.5], "texture": "#1"},
				"east": {"uv": [4.5, 0.25, 4.75, 0.5], "texture": "#1"},
				"south": {"uv": [4.5, 0.25, 4.75, 0.5], "texture": "#1"},
				"west": {"uv": [4.5, 0.25, 4.75, 0.5], "texture": "#1"},
				"up": {"uv": [4.5, 0.25, 4.75, 0.5], "texture": "#1"},
				"down": {"uv": [4.5, 0.25, 4.75, 0.5], "texture": "#1"}
			}
		},
		{
			"from": [6.875, 30, 5.75],
			"to": [7.625, 30.75, 6.75],
			"rotation": {"angle": 0, "axis": "y", "origin": [15.5, 37.5, 14.25]},
			"faces": {
				"north": {"uv": [4.5, 0.25, 4.75, 0.5], "texture": "#1"},
				"east": {"uv": [4.5, 0.25, 4.75, 0.5], "texture": "#1"},
				"south": {"uv": [4.5, 0.25, 4.75, 0.5], "texture": "#1"},
				"west": {"uv": [4.5, 0.25, 4.75, 0.5], "texture": "#1"},
				"up": {"uv": [4.5, 0.25, 4.75, 0.5], "texture": "#1"},
				"down": {"uv": [4.5, 0.25, 4.75, 0.5], "texture": "#1"}
			}
		},
		{
			"from": [8.625, 28.5, 5.75],
			"to": [9.375, 29.25, 6.75],
			"rotation": {"angle": 0, "axis": "y", "origin": [17.25, 36.5, 14.25]},
			"faces": {
				"north": {"uv": [4.5, 0.25, 4.75, 0.5], "texture": "#1"},
				"east": {"uv": [4.5, 0.25, 4.75, 0.5], "texture": "#1"},
				"south": {"uv": [4.5, 0.25, 4.75, 0.5], "texture": "#1"},
				"west": {"uv": [4.5, 0.25, 4.75, 0.5], "texture": "#1"},
				"up": {"uv": [4.5, 0.25, 4.75, 0.5], "texture": "#1"},
				"down": {"uv": [4.5, 0.25, 4.75, 0.5], "texture": "#1"}
			}
		},
		{
			"from": [8.375, 30.5, 5.75],
			"to": [9.125, 31.25, 6.75],
			"rotation": {"angle": 0, "axis": "y", "origin": [17, 38, 14.25]},
			"faces": {
				"north": {"uv": [4.5, 0.25, 4.75, 0.5], "texture": "#1"},
				"east": {"uv": [4.5, 0.25, 4.75, 0.5], "texture": "#1"},
				"south": {"uv": [4.5, 0.25, 4.75, 0.5], "texture": "#1"},
				"west": {"uv": [4.5, 0.25, 4.75, 0.5], "texture": "#1"},
				"up": {"uv": [4.5, 0.25, 4.75, 0.5], "texture": "#1"},
				"down": {"uv": [4.5, 0.25, 4.75, 0.5], "texture": "#1"}
			}
		},
		{
			"from": [5, 27.75, 6.5],
			"to": [6, 28.75, 7],
			"rotation": {"angle": 22.5, "axis": "x", "origin": [6, 28.25, 7]},
			"faces": {
				"north": {"uv": [4.5, 0.25, 4.75, 0.5], "texture": "#1"},
				"east": {"uv": [4.5, 0.25, 4.75, 0.5], "texture": "#1"},
				"south": {"uv": [4.5, 0.25, 4.75, 0.5], "texture": "#1"},
				"west": {"uv": [4.5, 0.25, 4.75, 0.5], "texture": "#1"},
				"up": {"uv": [4.5, 0.25, 4.75, 0.5], "texture": "#1"},
				"down": {"uv": [4.5, 0.25, 4.75, 0.5], "texture": "#1"}
			}
		},
		{
			"from": [10, 28.25, 6.5],
			"to": [11, 29.25, 7],
			"rotation": {"angle": 22.5, "axis": "x", "origin": [10, 28.75, 7]},
			"faces": {
				"north": {"uv": [4.5, 0.25, 4.75, 0.5], "texture": "#1"},
				"east": {"uv": [4.5, 0.25, 4.75, 0.5], "texture": "#1"},
				"south": {"uv": [4.5, 0.25, 4.75, 0.5], "texture": "#1"},
				"west": {"uv": [4.5, 0.25, 4.75, 0.5], "texture": "#1"},
				"up": {"uv": [4.5, 0.25, 4.75, 0.5], "texture": "#1"},
				"down": {"uv": [4.5, 0.25, 4.75, 0.5], "texture": "#1"}
			}
		},
		{
			"from": [10, 30.25, 6.5],
			"to": [11, 31.25, 7],
			"rotation": {"angle": 22.5, "axis": "x", "origin": [10, 30.75, 7]},
			"faces": {
				"north": {"uv": [4.5, 0.25, 4.75, 0.5], "texture": "#1"},
				"east": {"uv": [4.5, 0.25, 4.75, 0.5], "texture": "#1"},
				"south": {"uv": [4.5, 0.25, 4.75, 0.5], "texture": "#1"},
				"west": {"uv": [4.5, 0.25, 4.75, 0.5], "texture": "#1"},
				"up": {"uv": [4.5, 0.25, 4.75, 0.5], "texture": "#1"},
				"down": {"uv": [4.5, 0.25, 4.75, 0.5], "texture": "#1"}
			}
		}
	],
	"display": {
		"thirdperson_righthand": {
			"rotation": [84, -3, 55],
			"translation": [-3.75, -1, -0.5],
			"scale": [0.75, 0.75, 0.75]
		},
		"thirdperson_lefthand": {
			"rotation": [84, -3, 55],
			"translation": [-3.75, -1, -0.5],
			"scale": [0.75, 0.75, 0.75]
		},
		"firstperson_righthand": {
			"rotation": [30, -1, 55],
			"translation": [-3, -2, 1.5],
			"scale": [0.75, 0.75, 0.75]
		},
		"firstperson_lefthand": {
			"rotation": [30, -1, 55],
			"translation": [-3, -2, 1.5],
			"scale": [0.75, 0.75, 0.75]
		},
		"ground": {
			"translation": [0, 2, 0],
			"scale": [0.6, 0.6, 0.6]
		},
		"gui": {
			"rotation": [-31, 153, 38],
			"translation": [-0.75, -3, 0],
			"scale": [0.48, 0.48, 0.48]
		},
		"head": {
			"rotation": [21, 17, 47],
			"translation": [0, 9.75, 0]
		},
		"fixed": {
			"translation": [0, -4, 0],
			"scale": [0.5, 0.5, 0.5]
		}
	},
	"groups": [
		{
			"name": "guitar_body",
			"origin": [12, 25, 14],
			"color": 0,
			"children": [0, 1, 2, 3, 4, 5, 6, 7,
				{
					"name": "strings",
					"origin": [15, 15, 14],
					"color": 0,
					"children": [8, 9, 10, 11]
				}, 12, 13,
				{
					"name": "neck",
					"origin": [8, 8, 8],
					"color": 0,
					"children": [14, 15, 16, 17,
						{
							"name": "tuning_pegs",
							"origin": [8, 8, 8],
							"color": 0,
							"children": [18, 19, 20, 21, 22, 23, 24, 25]
						}
					]
				}
			]
		}
	]
}