{
	"credit": "Made with Blockbench",
	"textures": {
		"0": "dee_instruments/plucked_string/electric/electric_cyan"
	},
	"elements": [
		{
			"from": [1, 2, 6],
			"to": [15, 8, 8],
			"rotation": {"angle": 0, "axis": "y", "origin": [9, 10, 14]},
			"faces": {
				"north": {"uv": [0.5, 8.5, 4, 10], "texture": "#0"},
				"east": {"uv": [0, 3.5, 0.5, 5], "texture": "#0"},
				"south": {"uv": [4, 3.5, 7.5, 5], "texture": "#0"},
				"west": {"uv": [0, 3.5, 0.5, 5], "texture": "#0"},
				"up": {"uv": [0.5, 0, 4, 0.5], "texture": "#0"},
				"down": {"uv": [0.5, 0, 4, 0.5], "texture": "#0"}
			}
		},
		{
			"from": [2, 1, 6],
			"to": [14, 2, 8],
			"rotation": {"angle": 0, "axis": "y", "origin": [10, 9, 14]},
			"faces": {
				"north": {"uv": [0.75, 10, 3.75, 10.25], "texture": "#0"},
				"east": {"uv": [0, 5, 0.5, 5.25], "texture": "#0"},
				"south": {"uv": [4.25, 5, 7.25, 5.25], "texture": "#0"},
				"west": {"uv": [0, 5, 0.5, 5.25], "texture": "#0"},
				"up": {"uv": [0, 0, 0, 0], "texture": "#0"},
				"down": {"uv": [0.75, 0, 3.75, 0.5], "texture": "#0"}
			}
		},
		{
			"from": [3, 10, 6],
			"to": [13, 11, 8],
			"rotation": {"angle": 0, "axis": "y", "origin": [11, 18, 14]},
			"faces": {
				"north": {"uv": [1, 7.75, 3.5, 8], "texture": "#0"},
				"east": {"uv": [0, 2.75, 0.5, 3], "texture": "#0"},
				"south": {"uv": [4.5, 2.75, 7, 3], "texture": "#0"},
				"west": {"uv": [0, 2.75, 0.5, 3], "texture": "#0"},
				"up": {"uv": [0, 0, 0, 0], "texture": "#0"},
				"down": {"uv": [0, 0, 0, 0], "texture": "#0"}
			}
		},
		{
			"from": [1, 13, 6],
			"to": [15, 16, 8],
			"rotation": {"angle": 0, "axis": "y", "origin": [9, 21, 14]},
			"faces": {
				"north": {"uv": [0.5, 6.5, 4, 7.25], "texture": "#0"},
				"east": {"uv": [0, 1.5, 0.5, 2.25], "texture": "#0"},
				"south": {"uv": [4, 1.5, 7.5, 2.25], "texture": "#0"},
				"west": {"uv": [0, 1.5, 0.5, 2.25], "texture": "#0"},
				"up": {"uv": [0.5, 0, 4, 0.5], "texture": "#0"},
				"down": {"uv": [0.75, 0, 3.75, 0.5], "texture": "#0"}
			}
		},
		{
			"from": [2, 8, 6],
			"to": [14, 10, 8],
			"rotation": {"angle": 0, "axis": "y", "origin": [10, 16, 14]},
			"faces": {
				"north": {"uv": [0.75, 8, 3.75, 8.5], "texture": "#0"},
				"east": {"uv": [0, 3, 0.5, 3.5], "texture": "#0"},
				"south": {"uv": [4.25, 3, 7.25, 3.5], "texture": "#0"},
				"west": {"uv": [0, 3, 0.5, 3.5], "texture": "#0"},
				"up": {"uv": [0.75, 0, 3.75, 0.5], "texture": "#0"},
				"down": {"uv": [0, 0, 0, 0], "texture": "#0"}
			}
		},
		{
			"from": [2, 11, 6],
			"to": [14, 13, 8],
			"rotation": {"angle": 0, "axis": "y", "origin": [10, 19, 14]},
			"faces": {
				"north": {"uv": [0.75, 7.25, 3.75, 7.75], "texture": "#0"},
				"east": {"uv": [0, 2.25, 0.5, 2.75], "texture": "#0"},
				"south": {"uv": [4.25, 2.25, 7.25, 2.75], "texture": "#0"},
				"west": {"uv": [0, 2.25, 0.5, 2.75], "texture": "#0"},
				"up": {"uv": [1.25, 0, 4.25, 1], "texture": "#0"},
				"down": {"uv": [0.75, 0, 3.75, 0.5], "texture": "#0"}
			}
		},
		{
			"from": [4, 0, 6],
			"to": [12, 1, 8],
			"rotation": {"angle": 0, "axis": "y", "origin": [12, 8, 14]},
			"faces": {
				"north": {"uv": [1.25, 10.25, 3.25, 10.5], "texture": "#0"},
				"east": {"uv": [0, 5.25, 0.5, 5.5], "texture": "#0"},
				"south": {"uv": [4.75, 5.25, 6.75, 5.5], "texture": "#0"},
				"west": {"uv": [0, 5.25, 0.5, 5.5], "texture": "#0"},
				"up": {"uv": [0, 0, 0, 0], "texture": "#0"},
				"down": {"uv": [1.25, 0, 3.25, 0.5], "texture": "#0"}
			}
		},
		{
			"from": [1, 16, 6],
			"to": [3, 18, 8],
			"rotation": {"angle": 0, "axis": "y", "origin": [9, 24, 14]},
			"faces": {
				"north": {"uv": [3.5, 6, 4, 6.5], "texture": "#0"},
				"east": {"uv": [0, 1, 0.5, 1.5], "texture": "#0"},
				"south": {"uv": [4, 1, 4.5, 1.5], "texture": "#0"},
				"west": {"uv": [0, 1, 0.5, 1.5], "texture": "#0"},
				"up": {"uv": [3.5, 0, 4, 0.5], "texture": "#0"},
				"down": {"uv": [0, 0, 0, 0], "texture": "#0"}
			}
		},
		{
			"from": [14, 16, 6],
			"to": [15, 19, 8],
			"rotation": {"angle": 0, "axis": "y", "origin": [22, 24, 14]},
			"faces": {
				"north": {"uv": [0.5, 5.75, 0.75, 6.5], "texture": "#0"},
				"east": {"uv": [0, 1, 0.5, 1.25], "texture": "#0"},
				"south": {"uv": [7.25, 0.75, 7.5, 1.5], "texture": "#0"},
				"west": {"uv": [4.5, 1, 5.5, 1.25], "texture": "#0"},
				"up": {"uv": [0.5, 0, 0.75, 0.5], "texture": "#0"},
				"down": {"uv": [0, 0, 0, 0], "texture": "#0"}
			}
		},
		{
			"from": [12, 16, 6],
			"to": [14, 20, 8],
			"rotation": {"angle": 0, "axis": "y", "origin": [20, 24, 14]},
			"faces": {
				"north": {"uv": [0.75, 5.5, 1.25, 6.5], "texture": "#0"},
				"east": {"uv": [0, 1, 0.5, 1.25], "texture": "#0"},
				"south": {"uv": [6.75, 0.5, 7.25, 1.5], "texture": "#0"},
				"west": {"uv": [0, 0.5, 0.5, 1], "texture": "#0"},
				"up": {"uv": [0.75, 0, 1.25, 0.5], "texture": "#0"},
				"down": {"uv": [0, 0, 0, 0], "texture": "#0"}
			}
		},
		{
			"from": [3, 16, 6],
			"to": [4, 17, 8],
			"rotation": {"angle": 0, "axis": "y", "origin": [11, 24, 14]},
			"faces": {
				"north": {"uv": [3.25, 6.25, 3.5, 6.5], "texture": "#0"},
				"east": {"uv": [0, 1.25, 0.5, 1.5], "texture": "#0"},
				"south": {"uv": [4.5, 1.25, 4.75, 1.5], "texture": "#0"},
				"west": {"uv": [4.5, 1, 5.5, 1.25], "texture": "#0"},
				"up": {"uv": [3.25, 0, 3.5, 0.5], "texture": "#0"},
				"down": {"uv": [0, 0, 0, 0], "texture": "#0"}
			}
		},
		{
			"from": [11, 16, 6],
			"to": [12, 18, 8],
			"rotation": {"angle": 0, "axis": "y", "origin": [19, 24, 14]},
			"faces": {
				"north": {"uv": [1.25, 6, 1.5, 6.5], "texture": "#0"},
				"east": {"uv": [0, 1, 1, 1.25], "texture": "#0"},
				"south": {"uv": [6.5, 1, 6.75, 1.5], "texture": "#0"},
				"west": {"uv": [0, 1, 0.5, 1.5], "texture": "#0"},
				"up": {"uv": [1.25, 0, 1.5, 0.5], "texture": "#0"},
				"down": {"uv": [0, 0, 0, 0], "texture": "#0"}
			}
		},
		{
			"from": [6, 16, 6],
			"to": [11, 17, 8],
			"rotation": {"angle": 0, "axis": "y", "origin": [14, 24, 14]},
			"faces": {
				"north": {"uv": [1.5, 6.25, 2.75, 6.5], "texture": "#0"},
				"east": {"uv": [0, 1, 1, 1.25], "texture": "#0"},
				"south": {"uv": [5.25, 1.25, 6.5, 1.5], "texture": "#0"},
				"west": {"uv": [0, 1.25, 0.5, 1.5], "texture": "#0"},
				"up": {"uv": [1.5, 0, 2.75, 0.5], "texture": "#0"},
				"down": {"uv": [0, 0, 0, 0], "texture": "#0"}
			}
		},
		{
			"name": "g",
			"from": [6.75, 3, 5.9],
			"to": [7, 27, 5.9],
			"rotation": {"angle": 0, "axis": "y", "origin": [18.25, 11, 14]},
			"faces": {
				"north": {"uv": [8.25, 0, 8.5, 5.75], "texture": "#0"},
				"east": {"uv": [0, 0, 0, 16], "texture": "#0"},
				"south": {"uv": [9.5, 0.75, 9.75, 5.5], "texture": "#0"},
				"west": {"uv": [0, 0, 0, 16], "texture": "#0"},
				"up": {"uv": [0, 0, 0.25, 0], "texture": "#0"},
				"down": {"uv": [0, 0, 0.25, 0], "texture": "#0"}
			}
		},
		{
			"name": "d",
			"from": [7.5, 3, 5.9],
			"to": [7.75, 27, 5.9],
			"rotation": {"angle": 0, "axis": "y", "origin": [19, 11, 14]},
			"faces": {
				"north": {"uv": [8, 0, 8.25, 5.75], "texture": "#0"},
				"east": {"uv": [0, 0, 0, 16], "texture": "#0"},
				"south": {"uv": [9.75, 0.75, 10, 5.5], "texture": "#0"},
				"west": {"uv": [0, 0, 0, 16], "texture": "#0"},
				"up": {"uv": [0, 0, 0.25, 0], "texture": "#0"},
				"down": {"uv": [0, 0, 0.25, 0], "texture": "#0"}
			}
		},
		{
			"name": "a",
			"from": [8.25, 3, 5.9],
			"to": [8.5, 27, 5.9],
			"rotation": {"angle": 0, "axis": "y", "origin": [19.5, 11, 14]},
			"faces": {
				"north": {"uv": [7.75, 0, 8, 5.75], "texture": "#0"},
				"east": {"uv": [0, 0, 0, 16], "texture": "#0"},
				"south": {"uv": [10, 0.75, 10.25, 5.5], "texture": "#0"},
				"west": {"uv": [0, 0, 0, 16], "texture": "#0"},
				"up": {"uv": [0, 0, 0.25, 0], "texture": "#0"},
				"down": {"uv": [0, 0, 0.25, 0], "texture": "#0"}
			}
		},
		{
			"name": "e",
			"from": [9, 3, 5.9],
			"to": [9.25, 27, 5.9],
			"rotation": {"angle": 0, "axis": "y", "origin": [20.5, 11, 14]},
			"faces": {
				"north": {"uv": [7.5, 0, 7.75, 5.75], "texture": "#0"},
				"east": {"uv": [0, 0, 0, 16], "texture": "#0"},
				"south": {"uv": [10.25, 0.75, 10.5, 5.5], "texture": "#0"},
				"west": {"uv": [0, 0, 0, 16], "texture": "#0"},
				"up": {"uv": [0, 0, 0.25, 0], "texture": "#0"},
				"down": {"uv": [0, 0, 0.25, 0], "texture": "#0"}
			}
		},
		{
			"name": "top_bar",
			"from": [7.125, 8.75, 5.95],
			"to": [10.125, 9.75, 5.95],
			"rotation": {"angle": 0, "axis": "y", "origin": [16.5, 16.7, 14.5]},
			"faces": {
				"north": {"uv": [4.25, 0.25, 4.5, 0.5], "texture": "#0"},
				"east": {"uv": [0, 0, 0.25, 0.25], "texture": "#0"},
				"south": {"uv": [0, 0, 0.25, 0.25], "texture": "#0"},
				"west": {"uv": [0, 0, 0.25, 0.25], "texture": "#0"},
				"up": {"uv": [0, 0, 0.25, 0.25], "texture": "#0"},
				"down": {"uv": [0, 0, 0.25, 0.25], "texture": "#0"}
			}
		},
		{
			"name": "bottom_bar",
			"from": [5.875, 7.5, 5.95],
			"to": [8.875, 8.5, 5.95],
			"rotation": {"angle": 0, "axis": "y", "origin": [15.25, 15.45, 14.5]},
			"faces": {
				"north": {"uv": [4.25, 0.25, 4.5, 0.5], "texture": "#0"},
				"east": {"uv": [0, 0, 0.25, 0.25], "texture": "#0"},
				"south": {"uv": [0, 0, 0.25, 0.25], "texture": "#0"},
				"west": {"uv": [0, 0, 0.25, 0.25], "texture": "#0"},
				"up": {"uv": [0, 0, 0.25, 0.25], "texture": "#0"},
				"down": {"uv": [0, 0, 0.25, 0.25], "texture": "#0"}
			}
		},
		{
			"name": "bridge",
			"from": [6.375, 2, 5.5],
			"to": [9.625, 3, 6.5],
			"rotation": {"angle": 0, "axis": "y", "origin": [15.75, 10, 14]},
			"faces": {
				"north": {"uv": [4, 0, 4.25, 0.25], "texture": "#0"},
				"east": {"uv": [4, 0, 4.25, 0.25], "texture": "#0"},
				"south": {"uv": [4, 0, 4.25, 0.25], "texture": "#0"},
				"west": {"uv": [4, 0, 4.25, 0.25], "texture": "#0"},
				"up": {"uv": [4, 0, 4.25, 0.25], "texture": "#0"},
				"down": {"uv": [4, 0, 4.25, 0.25], "texture": "#0"}
			}
		},
		{
			"name": "nut",
			"from": [6.6, 26.75, 5.85],
			"to": [9.4, 27.25, 6.35],
			"rotation": {"angle": 0, "axis": "y", "origin": [16, 34.75, 14.25]},
			"faces": {
				"north": {"uv": [4, 0, 4.25, 0.25], "texture": "#0"},
				"east": {"uv": [4, 0, 4.25, 0.25], "texture": "#0"},
				"south": {"uv": [4, 0, 4.25, 0.25], "texture": "#0"},
				"west": {"uv": [4, 0, 4.25, 0.25], "texture": "#0"},
				"up": {"uv": [4, 0, 4.25, 0.25], "texture": "#0"},
				"down": {"uv": [4, 0, 4.25, 0.25], "texture": "#0"}
			}
		},
		{
			"name": "strap_hook",
			"from": [7.75, -0.25, 6.75],
			"to": [8.25, 0.25, 7.25],
			"rotation": {"angle": 0, "axis": "y", "origin": [15.25, 7.75, 14.75]},
			"faces": {
				"north": {"uv": [4.25, 0, 4.5, 0.25], "texture": "#0"},
				"east": {"uv": [4.25, 0, 4.5, 0.25], "texture": "#0"},
				"south": {"uv": [4.25, 0, 4.5, 0.25], "texture": "#0"},
				"west": {"uv": [4.25, 0, 4.5, 0.25], "texture": "#0"},
				"up": {"uv": [4.25, 0, 4.5, 0.25], "texture": "#0"},
				"down": {"uv": [4.25, 0, 4.5, 0.25], "texture": "#0"}
			}
		},
		{
			"name": "strap_hook_top",
			"from": [12.75, 19.75, 6.75],
			"to": [13.25, 20.25, 7.25],
			"rotation": {"angle": 0, "axis": "y", "origin": [20.25, 27.75, 14.75]},
			"faces": {
				"north": {"uv": [4.25, 0, 4.5, 0.25], "texture": "#0"},
				"east": {"uv": [4.25, 0, 4.5, 0.25], "texture": "#0"},
				"south": {"uv": [4.25, 0, 4.5, 0.25], "texture": "#0"},
				"west": {"uv": [4.25, 0, 4.5, 0.25], "texture": "#0"},
				"up": {"uv": [4.25, 0, 4.5, 0.25], "texture": "#0"},
				"down": {"uv": [4.25, 0, 4.5, 0.25], "texture": "#0"}
			}
		},
		{
			"name": "dial_2",
			"from": [3, 3.5, 5.75],
			"to": [4, 4.5, 6.25],
			"rotation": {"angle": 0, "axis": "y", "origin": [10.5, 11.5, 13.75]},
			"faces": {
				"north": {"uv": [4.25, 0.25, 4.5, 0.5], "texture": "#0"},
				"east": {"uv": [4.5, 0, 4.75, 0.25], "texture": "#0"},
				"south": {"uv": [4.5, 0, 4.75, 0.25], "texture": "#0"},
				"west": {"uv": [4.5, 0, 4.75, 0.25], "texture": "#0"},
				"up": {"uv": [4.5, 0, 4.75, 0.25], "texture": "#0"},
				"down": {"uv": [4.5, 0, 4.75, 0.25], "texture": "#0"}
			}
		},
		{
			"name": "dial_1",
			"from": [3.25, 5.5, 5.75],
			"to": [4.25, 6.5, 6.25],
			"rotation": {"angle": 0, "axis": "y", "origin": [10.75, 13.5, 13.75]},
			"faces": {
				"north": {"uv": [4.25, 0.25, 4.5, 0.5], "texture": "#0"},
				"east": {"uv": [4.5, 0, 4.75, 0.25], "texture": "#0"},
				"south": {"uv": [4.5, 0, 4.75, 0.25], "texture": "#0"},
				"west": {"uv": [4.5, 0, 4.75, 0.25], "texture": "#0"},
				"up": {"uv": [4.5, 0, 4.75, 0.25], "texture": "#0"},
				"down": {"uv": [4.5, 0, 4.75, 0.25], "texture": "#0"}
			}
		},
		{
			"name": "neck",
			"from": [6.5, 17, 6],
			"to": [9.5, 27, 8],
			"rotation": {"angle": 0, "axis": "y", "origin": [15, 25, 14]},
			"faces": {
				"north": {"uv": [9.5, 3, 10.25, 5.5], "texture": "#0"},
				"east": {"uv": [9, 3, 9.5, 5.5], "texture": "#0"},
				"south": {"uv": [10.75, 3, 11.5, 5.5], "texture": "#0"},
				"west": {"uv": [10.25, 3, 10.75, 5.5], "texture": "#0"},
				"up": {"uv": [0, 0, 3, 2], "texture": "#0"},
				"down": {"uv": [0, 0, 0, 0], "texture": "#0"}
			}
		},
		{
			"name": "neck_extended",
			"from": [6.5, 13.5, 5.975],
			"to": [9.5, 17.5, 5.975],
			"rotation": {"angle": 0, "axis": "y", "origin": [15, 21.5, 14]},
			"faces": {
				"north": {"uv": [9.5, 3, 10.25, 3.25], "texture": "#0"},
				"east": {"uv": [11, 2.25, 11.75, 3.25], "texture": "#0"},
				"south": {"uv": [10.5, 2.25, 12, 3.25], "texture": "#0"},
				"west": {"uv": [11, 2.25, 11.75, 3.25], "texture": "#0"},
				"up": {"uv": [0, 0, 3, 2], "texture": "#0"},
				"down": {"uv": [0, 0, 3, 2], "texture": "#0"}
			}
		},
		{
			"name": "head",
			"from": [6, 27, 6],
			"to": [10, 32, 8],
			"rotation": {"angle": 0, "axis": "y", "origin": [15, 35, 14]},
			"faces": {
				"north": {"uv": [11, 0.5, 12, 1.75], "texture": "#0"},
				"east": {"uv": [10.5, 0.5, 11, 1.75], "texture": "#0"},
				"south": {"uv": [9.5, 0.5, 10.5, 1.75], "texture": "#0"},
				"west": {"uv": [9, 0.5, 9.5, 1.75], "texture": "#0"},
				"up": {"uv": [9.5, 0, 10.5, 0.5], "texture": "#0"},
				"down": {"uv": [9.5, 1.75, 10.5, 2.25], "texture": "#0"}
			}
		},
		{
			"from": [10, 27.75, 6.25],
			"to": [11, 28.75, 6.75],
			"rotation": {"angle": 22.5, "axis": "x", "origin": [10, 27.5, 6.75]},
			"faces": {
				"north": {"uv": [4, 0.25, 4.25, 0.5], "texture": "#0"},
				"east": {"uv": [4, 0.25, 4.25, 0.5], "texture": "#0"},
				"south": {"uv": [4, 0.25, 4.25, 0.5], "texture": "#0"},
				"west": {"uv": [4, 0.25, 4.25, 0.5], "texture": "#0"},
				"up": {"uv": [4, 0.25, 4.25, 0.5], "texture": "#0"},
				"down": {"uv": [4, 0.25, 4.25, 0.5], "texture": "#0"}
			}
		},
		{
			"from": [6.625, 28.5, 5.75],
			"to": [7.375, 29.25, 6.75],
			"rotation": {"angle": 0, "axis": "y", "origin": [15.25, 35.75, 14.25]},
			"faces": {
				"north": {"uv": [4, 0.25, 4.25, 0.5], "texture": "#0"},
				"east": {"uv": [4, 0.25, 4.25, 0.5], "texture": "#0"},
				"south": {"uv": [4, 0.25, 4.25, 0.5], "texture": "#0"},
				"west": {"uv": [4, 0.25, 4.25, 0.5], "texture": "#0"},
				"up": {"uv": [4, 0.25, 4.25, 0.5], "texture": "#0"},
				"down": {"uv": [4, 0.25, 4.25, 0.5], "texture": "#0"}
			}
		},
		{
			"from": [6.875, 30.5, 5.75],
			"to": [7.625, 31.25, 6.75],
			"rotation": {"angle": 0, "axis": "y", "origin": [15.25, 37.75, 14.25]},
			"faces": {
				"north": {"uv": [4, 0.25, 4.25, 0.5], "texture": "#0"},
				"east": {"uv": [4, 0.25, 4.25, 0.5], "texture": "#0"},
				"south": {"uv": [4, 0.25, 4.25, 0.5], "texture": "#0"},
				"west": {"uv": [4, 0.25, 4.25, 0.5], "texture": "#0"},
				"up": {"uv": [4, 0.25, 4.25, 0.5], "texture": "#0"},
				"down": {"uv": [4, 0.25, 4.25, 0.5], "texture": "#0"}
			}
		},
		{
			"from": [8.625, 28, 5.75],
			"to": [9.375, 28.75, 6.75],
			"rotation": {"angle": 0, "axis": "y", "origin": [17.25, 36.75, 14.25]},
			"faces": {
				"north": {"uv": [4, 0.25, 4.25, 0.5], "texture": "#0"},
				"east": {"uv": [4, 0.25, 4.25, 0.5], "texture": "#0"},
				"south": {"uv": [4, 0.25, 4.25, 0.5], "texture": "#0"},
				"west": {"uv": [4, 0.25, 4.25, 0.5], "texture": "#0"},
				"up": {"uv": [4, 0.25, 4.25, 0.5], "texture": "#0"},
				"down": {"uv": [4, 0.25, 4.25, 0.5], "texture": "#0"}
			}
		},
		{
			"from": [8.375, 30, 5.75],
			"to": [9.125, 30.75, 6.75],
			"rotation": {"angle": 0, "axis": "y", "origin": [17.25, 34.75, 14.25]},
			"faces": {
				"north": {"uv": [4, 0.25, 4.25, 0.5], "texture": "#0"},
				"east": {"uv": [4, 0.25, 4.25, 0.5], "texture": "#0"},
				"south": {"uv": [4, 0.25, 4.25, 0.5], "texture": "#0"},
				"west": {"uv": [4, 0.25, 4.25, 0.5], "texture": "#0"},
				"up": {"uv": [4, 0.25, 4.25, 0.5], "texture": "#0"},
				"down": {"uv": [4, 0.25, 4.25, 0.5], "texture": "#0"}
			}
		},
		{
			"from": [5, 30.25, 6.25],
			"to": [6, 31.25, 6.75],
			"rotation": {"angle": 22.5, "axis": "x", "origin": [6, 30, 6.5]},
			"faces": {
				"north": {"uv": [4, 0.25, 4.25, 0.5], "texture": "#0"},
				"east": {"uv": [4, 0.25, 4.25, 0.5], "texture": "#0"},
				"south": {"uv": [4, 0.25, 4.25, 0.5], "texture": "#0"},
				"west": {"uv": [4, 0.25, 4.25, 0.5], "texture": "#0"},
				"up": {"uv": [4, 0.25, 4.25, 0.5], "texture": "#0"},
				"down": {"uv": [4, 0.25, 4.25, 0.5], "texture": "#0"}
			}
		},
		{
			"from": [5, 28.25, 6.5],
			"to": [6, 29.25, 7],
			"rotation": {"angle": 22.5, "axis": "x", "origin": [6, 29, 7]},
			"faces": {
				"north": {"uv": [4, 0.25, 4.25, 0.5], "texture": "#0"},
				"east": {"uv": [4, 0.25, 4.25, 0.5], "texture": "#0"},
				"south": {"uv": [4, 0.25, 4.25, 0.5], "texture": "#0"},
				"west": {"uv": [4, 0.25, 4.25, 0.5], "texture": "#0"},
				"up": {"uv": [4, 0.25, 4.25, 0.5], "texture": "#0"},
				"down": {"uv": [4, 0.25, 4.25, 0.5], "texture": "#0"}
			}
		},
		{
			"from": [10, 29.75, 6],
			"to": [11, 30.75, 6.5],
			"rotation": {"angle": 22.5, "axis": "x", "origin": [10, 29, 6.5]},
			"faces": {
				"north": {"uv": [4, 0.25, 4.25, 0.5], "texture": "#0"},
				"east": {"uv": [4, 0.25, 4.25, 0.5], "texture": "#0"},
				"south": {"uv": [4, 0.25, 4.25, 0.5], "texture": "#0"},
				"west": {"uv": [4, 0.25, 4.25, 0.5], "texture": "#0"},
				"up": {"uv": [4, 0.25, 4.25, 0.5], "texture": "#0"},
				"down": {"uv": [4, 0.25, 4.25, 0.5], "texture": "#0"}
			}
		}
	],
	"display": {
		"thirdperson_righthand": {
			"rotation": [84, -3, 55],
			"translation": [-3.75, -1, -0.5],
			"scale": [0.75, 0.75, 0.75]
		},
		"thirdperson_lefthand": {
			"rotation": [84, -3, 55],
			"translation": [-3.75, -1, -0.5],
			"scale": [0.75, 0.75, 0.75]
		},
		"firstperson_righthand": {
			"rotation": [30, -1, 55],
			"translation": [-3, -2, 1.5],
			"scale": [0.75, 0.75, 0.75]
		},
		"firstperson_lefthand": {
			"rotation": [30, -1, 55],
			"translation": [-3, -2, 1.5],
			"scale": [0.75, 0.75, 0.75]
		},
		"ground": {
			"translation": [0, 2, 0],
			"scale": [0.6, 0.6, 0.6]
		},
		"gui": {
			"rotation": [-31, 153, 38],
			"translation": [-0.75, -3, 0],
			"scale": [0.48, 0.48, 0.48]
		},
		"head": {
			"rotation": [21, 17, 47],
			"translation": [0, 9.75, 0]
		},
		"fixed": {
			"translation": [0, -4, 0],
			"scale": [0.5, 0.5, 0.5]
		}
	},
	"groups": [
		{
			"name": "guitar_body",
			"origin": [12, 25, 14],
			"color": 0,
			"children": [0, 1, 2, 3, 4, 5, 6, 7, 8, 9, 10, 11, 12,
				{
					"name": "strings",
					"origin": [15, 15, 14],
					"color": 0,
					"children": [13, 14, 15, 16]
				},
				{
					"name": "bridges",
					"origin": [15.75, 15.45, 14.5],
					"color": 0,
					"children": [17, 18, 19]
				}, 20,
				{
					"name": "hooks",
					"origin": [20.25, 27.75, 14.75],
					"color": 0,
					"children": [21, 22]
				},
				{
					"name": "knobs",
					"origin": [12.5, 15, 13.75],
					"color": 0,
					"children": [23, 24]
				},
				{
					"name": "neck",
					"origin": [8, 8, 8],
					"color": 0,
					"children": [25, 26, 27,
						{
							"name": "tuning_pegs",
							"origin": [8, 8, 8],
							"color": 0,
							"children": [28, 29, 30, 31, 32, 33, 34, 35]
						}
					]
				}
			]
		}
	]
}