{
	"credit": "Made with Blockbench",
	"texture_size": [32, 32],
	"textures": {
		"0": "item/hats/accessories/earth/earth",
		"1": "item/hats/accessories/earth/earth_intermediates",
		"particle": "item/hats/accessories/earth/earth"
	},
	"elements": [
		{
			"name": "N",
			"from": [6, 6, -11],
			"to": [10, 10, -7],
			"rotation": {"angle": 0, "axis": "y", "origin": [8, 8, -9]},
			"faces": {
				"north": {"uv": [1, 0, 2, 1], "texture": "#0"},
				"east": {"uv": [0, 0, 1, 1], "texture": "#0"},
				"south": {"uv": [2, 1, 3, 2], "texture": "#0"},
				"west": {"uv": [2, 0, 3, 1], "texture": "#0"},
				"up": {"uv": [0, 1, 1, 2], "rotation": 180, "texture": "#0"},
				"down": {"uv": [2, 2, 1, 1], "texture": "#0"}
			}
		},
		{
			"name": "NW1",
			"from": [-0.50562, 6, -9.70595],
			"to": [3.49438, 10, -5.70595],
			"rotation": {"angle": -22.5, "axis": "y", "origin": [1.49438, 8, -7.70595]},
			"faces": {
				"north": {"uv": [4, 0, 5, 1], "texture": "#0"},
				"east": {"uv": [3, 0, 4, 1], "texture": "#0"},
				"south": {"uv": [5, 1, 6, 2], "texture": "#0"},
				"west": {"uv": [5, 0, 6, 1], "texture": "#0"},
				"up": {"uv": [3, 1, 4, 2], "rotation": 180, "texture": "#0"},
				"down": {"uv": [5, 2, 4, 1], "texture": "#0"}
			}
		},
		{
			"name": "NW2",
			"from": [-6.02082, 6, -6.02082],
			"to": [-2.02082, 10, -2.02082],
			"rotation": {"angle": -45, "axis": "y", "origin": [-4.02082, 8, -4.02082]},
			"faces": {
				"north": {"uv": [7, 0, 8, 1], "texture": "#0"},
				"east": {"uv": [6, 0, 7, 1], "texture": "#0"},
				"south": {"uv": [8, 1, 9, 2], "texture": "#0"},
				"west": {"uv": [8, 0, 9, 1], "texture": "#0"},
				"up": {"uv": [6, 1, 7, 2], "rotation": 180, "texture": "#0"},
				"down": {"uv": [7, 1, 8, 2], "rotation": 180, "texture": "#0"}
			}
		},
		{
			"name": "NW3",
			"from": [-9.70595, 6, -0.50562],
			"to": [-5.70595, 10, 3.49438],
			"rotation": {"angle": 22.5, "axis": "y", "origin": [-7.70595, 8, 1.49438]},
			"faces": {
				"north": {"uv": [11, 0, 12, 1], "texture": "#0"},
				"east": {"uv": [10, 0, 11, 1], "texture": "#0"},
				"south": {"uv": [9, 0, 10, 1], "texture": "#0"},
				"west": {"uv": [11, 1, 12, 2], "texture": "#0"},
				"up": {"uv": [9, 1, 10, 2], "rotation": 270, "texture": "#0"},
				"down": {"uv": [10, 1, 11, 2], "rotation": 90, "texture": "#0"}
			}
		},
		{
			"name": "W",
			"from": [-11, 6, 6],
			"to": [-7, 10, 10],
			"rotation": {"angle": 0, "axis": "y", "origin": [-9, 8, 8]},
			"faces": {
				"north": {"uv": [14, 0, 15, 1], "texture": "#0"},
				"east": {"uv": [13, 0, 14, 1], "texture": "#0"},
				"south": {"uv": [12, 0, 13, 1], "texture": "#0"},
				"west": {"uv": [14, 1, 15, 2], "texture": "#0"},
				"up": {"uv": [12, 1, 13, 2], "rotation": 270, "texture": "#0"},
				"down": {"uv": [13, 1, 14, 2], "rotation": 90, "texture": "#0"}
			}
		},
		{
			"name": "SW1",
			"from": [-9.70595, 6, 12.50562],
			"to": [-5.70595, 10, 16.50562],
			"rotation": {"angle": -22.5, "axis": "y", "origin": [-7.70595, 8, 14.50562]},
			"faces": {
				"north": {"uv": [2, 2.5, 3, 3.5], "texture": "#0"},
				"east": {"uv": [1, 2.5, 2, 3.5], "texture": "#0"},
				"south": {"uv": [0, 2.5, 1, 3.5], "texture": "#0"},
				"west": {"uv": [2, 3.5, 3, 4.5], "texture": "#0"},
				"up": {"uv": [0, 3.5, 1, 4.5], "rotation": 270, "texture": "#0"},
				"down": {"uv": [1, 3.5, 2, 4.5], "rotation": 90, "texture": "#0"}
			}
		},
		{
			"name": "SW2",
			"from": [-6.02082, 6, 18.02082],
			"to": [-2.02082, 10, 22.02082],
			"rotation": {"angle": -45, "axis": "y", "origin": [-4.02082, 8, 20.02082]},
			"faces": {
				"north": {"uv": [5, 2.5, 6, 3.5], "texture": "#0"},
				"east": {"uv": [4, 2.5, 5, 3.5], "texture": "#0"},
				"south": {"uv": [3, 2.5, 4, 3.5], "texture": "#0"},
				"west": {"uv": [5, 3.5, 6, 4.5], "texture": "#0"},
				"up": {"uv": [3, 3.5, 4, 4.5], "rotation": 270, "texture": "#0"},
				"down": {"uv": [4, 3.5, 5, 4.5], "rotation": 90, "texture": "#0"}
			}
		},
		{
			"name": "SW3",
			"from": [-0.50562, 6, 21.70595],
			"to": [3.49438, 10, 25.70595],
			"rotation": {"angle": 22.5, "axis": "y", "origin": [1.49438, 8, 23.70595]},
			"faces": {
				"north": {"uv": [8, 3.5, 9, 4.5], "texture": "#0"},
				"east": {"uv": [8, 2.5, 9, 3.5], "texture": "#0"},
				"south": {"uv": [7, 2.5, 8, 3.5], "texture": "#0"},
				"west": {"uv": [6, 2.5, 7, 3.5], "texture": "#0"},
				"up": {"uv": [6, 3.5, 7, 4.5], "texture": "#0"},
				"down": {"uv": [7, 3.5, 8, 4.5], "texture": "#0"}
			}
		},
		{
			"name": "S",
			"from": [6, 6, 23],
			"to": [10, 10, 27],
			"rotation": {"angle": 0, "axis": "y", "origin": [8, 8, 25]},
			"faces": {
				"north": {"uv": [11, 3.5, 12, 4.5], "texture": "#0"},
				"east": {"uv": [11, 2.5, 12, 3.5], "texture": "#0"},
				"south": {"uv": [10, 2.5, 11, 3.5], "texture": "#0"},
				"west": {"uv": [9, 2.5, 10, 3.5], "texture": "#0"},
				"up": {"uv": [9, 3.5, 10, 4.5], "texture": "#0"},
				"down": {"uv": [10, 3.5, 11, 4.5], "texture": "#0"}
			}
		},
		{
			"name": "SE1",
			"from": [12.50562, 6, 21.70595],
			"to": [16.50562, 10, 25.70595],
			"rotation": {"angle": -22.5, "axis": "y", "origin": [14.50562, 8, 23.70595]},
			"faces": {
				"north": {"uv": [14, 3.5, 15, 4.5], "texture": "#0"},
				"east": {"uv": [14, 2.5, 15, 3.5], "texture": "#0"},
				"south": {"uv": [13, 2.5, 14, 3.5], "texture": "#0"},
				"west": {"uv": [12, 2.5, 13, 3.5], "texture": "#0"},
				"up": {"uv": [12, 3.5, 13, 4.5], "texture": "#0"},
				"down": {"uv": [13, 3.5, 14, 4.5], "texture": "#0"}
			}
		},
		{
			"name": "SE2",
			"from": [18.02082, 6, 18.02082],
			"to": [22.02082, 10, 22.02082],
			"rotation": {"angle": -45, "axis": "y", "origin": [20.02082, 8, 20.02082]},
			"faces": {
				"north": {"uv": [2, 6, 3, 7], "texture": "#0"},
				"east": {"uv": [2, 5, 3, 6], "texture": "#0"},
				"south": {"uv": [1, 5, 2, 6], "texture": "#0"},
				"west": {"uv": [0, 5, 1, 6], "texture": "#0"},
				"up": {"uv": [0, 6, 1, 7], "texture": "#0"},
				"down": {"uv": [1, 6, 2, 7], "texture": "#0"}
			}
		},
		{
			"name": "SE3",
			"from": [21.70595, 6, 12.50562],
			"to": [25.70595, 10, 16.50562],
			"rotation": {"angle": 22.5, "axis": "y", "origin": [23.70595, 8, 14.50562]},
			"faces": {
				"north": {"uv": [3, 5, 4, 6], "texture": "#0"},
				"east": {"uv": [5, 6, 6, 7], "texture": "#0"},
				"south": {"uv": [5, 5, 6, 6], "texture": "#0"},
				"west": {"uv": [4, 5, 5, 6], "texture": "#0"},
				"up": {"uv": [3, 6, 4, 7], "rotation": 90, "texture": "#0"},
				"down": {"uv": [4, 6, 5, 7], "rotation": 270, "texture": "#0"}
			}
		},
		{
			"name": "E",
			"from": [23, 6, 6],
			"to": [27, 10, 10],
			"rotation": {"angle": 0, "axis": "y", "origin": [25, 8, 8]},
			"faces": {
				"north": {"uv": [6, 5, 7, 6], "texture": "#0"},
				"east": {"uv": [8, 6, 9, 7], "texture": "#0"},
				"south": {"uv": [8, 5, 9, 6], "texture": "#0"},
				"west": {"uv": [7, 5, 8, 6], "texture": "#0"},
				"up": {"uv": [6, 6, 7, 7], "rotation": 90, "texture": "#0"},
				"down": {"uv": [7, 6, 8, 7], "rotation": 270, "texture": "#0"}
			}
		},
		{
			"name": "NE1",
			"from": [21.70595, 6, -0.50562],
			"to": [25.70595, 10, 3.49438],
			"rotation": {"angle": -22.5, "axis": "y", "origin": [23.70595, 8, 1.49438]},
			"faces": {
				"north": {"uv": [9, 5, 10, 6], "texture": "#0"},
				"east": {"uv": [11, 6, 12, 7], "texture": "#0"},
				"south": {"uv": [11, 5, 12, 6], "texture": "#0"},
				"west": {"uv": [10, 5, 11, 6], "texture": "#0"},
				"up": {"uv": [9, 6, 10, 7], "rotation": 90, "texture": "#0"},
				"down": {"uv": [10, 6, 11, 7], "rotation": 270, "texture": "#0"}
			}
		},
		{
			"name": "NE2",
			"from": [18.02082, 6, -6.02082],
			"to": [22.02082, 10, -2.02082],
			"rotation": {"angle": -45, "axis": "y", "origin": [20.02082, 8, -4.02082]},
			"faces": {
				"north": {"uv": [12, 5, 13, 6], "texture": "#0"},
				"east": {"uv": [14, 6, 15, 7], "texture": "#0"},
				"south": {"uv": [14, 5, 15, 6], "texture": "#0"},
				"west": {"uv": [13, 5, 14, 6], "texture": "#0"},
				"up": {"uv": [12, 6, 13, 7], "rotation": 90, "texture": "#0"},
				"down": {"uv": [13, 6, 14, 7], "rotation": 270, "texture": "#0"}
			}
		},
		{
			"name": "NE3",
			"from": [12.50562, 6, -9.70595],
			"to": [16.50562, 10, -5.70595],
			"rotation": {"angle": 22.5, "axis": "y", "origin": [14.50562, 8, -7.70595]},
			"faces": {
				"north": {"uv": [1, 7.5, 2, 8.5], "texture": "#0"},
				"east": {"uv": [0, 7.5, 1, 8.5], "texture": "#0"},
				"south": {"uv": [2, 8.5, 3, 9.5], "texture": "#0"},
				"west": {"uv": [2, 7.5, 3, 8.5], "texture": "#0"},
				"up": {"uv": [0, 8.5, 1, 9.5], "rotation": 180, "texture": "#0"},
				"down": {"uv": [1, 8.5, 2, 9.5], "rotation": 180, "texture": "#0"}
			}
		},
		{
			"name": "N",
			"from": [2.393, 6, -10.6129],
			"to": [6.393, 10, -6.6129],
			"rotation": {"angle": 0, "axis": "y", "origin": [5, 8, -8]},
			"faces": {
				"north": {"uv": [1, 0, 2, 1], "texture": "#1"},
				"east": {"uv": [0, 0, 1, 1], "texture": "#1"},
				"south": {"uv": [2, 1, 3, 2], "texture": "#1"},
				"west": {"uv": [2, 0, 3, 1], "texture": "#1"},
				"up": {"uv": [0, 1, 1, 2], "rotation": 180, "texture": "#1"},
				"down": {"uv": [2, 2, 1, 1], "texture": "#1"}
			}
		},
		{
			"name": "NW1",
			"from": [-3.6899, 6, -7.968],
			"to": [0.3101, 10, -3.968],
			"rotation": {"angle": -22.5, "axis": "y", "origin": [-1.50562, 8, -6.70595]},
			"faces": {
				"north": {"uv": [4, 0, 5, 1], "texture": "#1"},
				"east": {"uv": [3, 0, 4, 1], "texture": "#1"},
				"south": {"uv": [5, 1, 6, 2], "texture": "#1"},
				"west": {"uv": [5, 0, 6, 1], "texture": "#1"},
				"up": {"uv": [3, 1, 4, 2], "rotation": 180, "texture": "#1"},
				"down": {"uv": [5, 2, 4, 1], "texture": "#1"}
			}
		},
		{
			"name": "NW2",
			"from": [-8.2977, 6, -3.1966],
			"to": [-4.2977, 10, 0.8034],
			"rotation": {"angle": -45, "axis": "y", "origin": [-6.02082, 8, -1.02082]},
			"faces": {
				"north": {"uv": [7, 0, 8, 1], "texture": "#1"},
				"east": {"uv": [6, 0, 7, 1], "texture": "#1"},
				"south": {"uv": [8, 1, 9, 2], "texture": "#1"},
				"west": {"uv": [8, 0, 9, 1], "texture": "#1"},
				"up": {"uv": [6, 1, 7, 2], "rotation": 180, "texture": "#1"},
				"down": {"uv": [7, 1, 8, 2], "rotation": 180, "texture": "#1"}
			}
		},
		{
			"name": "NW3",
			"from": [-10.7287, 6, 2.975],
			"to": [-6.7287, 10, 6.975],
			"rotation": {"angle": 22.5, "axis": "y", "origin": [-8.70595, 8, 4.49438]},
			"faces": {
				"north": {"uv": [11, 0, 12, 1], "texture": "#1"},
				"east": {"uv": [10, 0, 11, 1], "texture": "#1"},
				"south": {"uv": [9, 0, 10, 1], "texture": "#1"},
				"west": {"uv": [11, 1, 12, 2], "texture": "#1"},
				"up": {"uv": [9, 1, 10, 2], "rotation": 270, "texture": "#1"},
				"down": {"uv": [10, 1, 11, 2], "rotation": 90, "texture": "#1"}
			}
		},
		{
			"name": "W",
			"from": [-10.6129, 6, 9.607],
			"to": [-6.6129, 10, 13.607],
			"rotation": {"angle": 0, "axis": "y", "origin": [-8, 8, 11]},
			"faces": {
				"north": {"uv": [14, 0, 15, 1], "texture": "#1"},
				"east": {"uv": [13, 0, 14, 1], "texture": "#1"},
				"south": {"uv": [12, 0, 13, 1], "texture": "#1"},
				"west": {"uv": [14, 1, 15, 2], "texture": "#1"},
				"up": {"uv": [12, 1, 13, 2], "rotation": 270, "texture": "#1"},
				"down": {"uv": [13, 1, 14, 2], "rotation": 90, "texture": "#1"}
			}
		},
		{
			"name": "SW1",
			"from": [-7.968, 6, 15.6899],
			"to": [-3.968, 10, 19.6899],
			"rotation": {"angle": -22.5, "axis": "y", "origin": [-5.70595, 8, 17.50562]},
			"faces": {
				"north": {"uv": [2, 2.5, 3, 3.5], "texture": "#1"},
				"east": {"uv": [1, 2.5, 2, 3.5], "texture": "#1"},
				"south": {"uv": [0, 2.5, 1, 3.5], "texture": "#1"},
				"west": {"uv": [2, 3.5, 3, 4.5], "texture": "#1"},
				"up": {"uv": [0, 3.5, 1, 4.5], "rotation": 270, "texture": "#1"},
				"down": {"uv": [1, 3.5, 2, 4.5], "rotation": 90, "texture": "#1"}
			}
		},
		{
			"name": "SW2",
			"from": [-3.1966, 6, 20.2977],
			"to": [0.8034, 10, 24.2977],
			"rotation": {"angle": -45, "axis": "y", "origin": [-1.02082, 8, 22.02082]},
			"faces": {
				"north": {"uv": [5, 2.5, 6, 3.5], "texture": "#1"},
				"east": {"uv": [4, 2.5, 5, 3.5], "texture": "#1"},
				"south": {"uv": [3, 2.5, 4, 3.5], "texture": "#1"},
				"west": {"uv": [5, 3.5, 6, 4.5], "texture": "#1"},
				"up": {"uv": [3, 3.5, 4, 4.5], "rotation": 270, "texture": "#1"},
				"down": {"uv": [4, 3.5, 5, 4.5], "rotation": 90, "texture": "#1"}
			}
		},
		{
			"name": "SW3",
			"from": [2.975, 6, 22.7287],
			"to": [6.975, 10, 26.7287],
			"rotation": {"angle": 22.5, "axis": "y", "origin": [4.49438, 8, 24.70595]},
			"faces": {
				"north": {"uv": [8, 3.5, 9, 4.5], "texture": "#1"},
				"east": {"uv": [8, 2.5, 9, 3.5], "texture": "#1"},
				"south": {"uv": [7, 2.5, 8, 3.5], "texture": "#1"},
				"west": {"uv": [6, 2.5, 7, 3.5], "texture": "#1"},
				"up": {"uv": [6, 3.5, 7, 4.5], "texture": "#1"},
				"down": {"uv": [7, 3.5, 8, 4.5], "texture": "#1"}
			}
		},
		{
			"name": "S",
			"from": [9.607, 6, 22.6129],
			"to": [13.607, 10, 26.6129],
			"rotation": {"angle": 0, "axis": "y", "origin": [11, 8, 24]},
			"faces": {
				"north": {"uv": [11, 3.5, 12, 4.5], "texture": "#1"},
				"east": {"uv": [11, 2.5, 12, 3.5], "texture": "#1"},
				"south": {"uv": [10, 2.5, 11, 3.5], "texture": "#1"},
				"west": {"uv": [9, 2.5, 10, 3.5], "texture": "#1"},
				"up": {"uv": [9, 3.5, 10, 4.5], "texture": "#1"},
				"down": {"uv": [10, 3.5, 11, 4.5], "texture": "#1"}
			}
		},
		{
			"name": "SE1",
			"from": [15.6899, 6, 19.968],
			"to": [19.6899, 10, 23.968],
			"rotation": {"angle": -22.5, "axis": "y", "origin": [17.50562, 8, 22.70595]},
			"faces": {
				"north": {"uv": [14, 3.5, 15, 4.5], "texture": "#1"},
				"east": {"uv": [14, 2.5, 15, 3.5], "texture": "#1"},
				"south": {"uv": [13, 2.5, 14, 3.5], "texture": "#1"},
				"west": {"uv": [12, 2.5, 13, 3.5], "texture": "#1"},
				"up": {"uv": [12, 3.5, 13, 4.5], "texture": "#1"},
				"down": {"uv": [13, 3.5, 14, 4.5], "texture": "#1"}
			}
		},
		{
			"name": "SE2",
			"from": [20.2977, 6, 15.1966],
			"to": [24.2977, 10, 19.1966],
			"rotation": {"angle": -45, "axis": "y", "origin": [22.02082, 8, 17.02082]},
			"faces": {
				"north": {"uv": [2, 6, 3, 7], "texture": "#1"},
				"east": {"uv": [2, 5, 3, 6], "texture": "#1"},
				"south": {"uv": [1, 5, 2, 6], "texture": "#1"},
				"west": {"uv": [0, 5, 1, 6], "texture": "#1"},
				"up": {"uv": [0, 6, 1, 7], "texture": "#1"},
				"down": {"uv": [1, 6, 2, 7], "texture": "#1"}
			}
		},
		{
			"name": "SE3",
			"from": [22.7287, 6, 9.025],
			"to": [26.7287, 10, 13.025],
			"rotation": {"angle": 22.5, "axis": "y", "origin": [24.70595, 8, 11.50562]},
			"faces": {
				"north": {"uv": [3, 5, 4, 6], "texture": "#1"},
				"east": {"uv": [5, 6, 6, 7], "texture": "#1"},
				"south": {"uv": [5, 5, 6, 6], "texture": "#1"},
				"west": {"uv": [4, 5, 5, 6], "texture": "#1"},
				"up": {"uv": [3, 6, 4, 7], "rotation": 90, "texture": "#1"},
				"down": {"uv": [4, 6, 5, 7], "rotation": 270, "texture": "#1"}
			}
		},
		{
			"name": "E",
			"from": [22.6129, 6, 2.393],
			"to": [26.6129, 10, 6.393],
			"rotation": {"angle": 0, "axis": "y", "origin": [24, 8, 5]},
			"faces": {
				"north": {"uv": [6, 5, 7, 6], "texture": "#1"},
				"east": {"uv": [8, 6, 9, 7], "texture": "#1"},
				"south": {"uv": [8, 5, 9, 6], "texture": "#1"},
				"west": {"uv": [7, 5, 8, 6], "texture": "#1"},
				"up": {"uv": [6, 6, 7, 7], "rotation": 90, "texture": "#1"},
				"down": {"uv": [7, 6, 8, 7], "rotation": 270, "texture": "#1"}
			}
		},
		{
			"name": "NE1",
			"from": [19.968, 6, -3.6899],
			"to": [23.968, 10, 0.3101],
			"rotation": {"angle": -22.5, "axis": "y", "origin": [21.70595, 8, -1.50562]},
			"faces": {
				"north": {"uv": [9, 5, 10, 6], "texture": "#1"},
				"east": {"uv": [11, 6, 12, 7], "texture": "#1"},
				"south": {"uv": [11, 5, 12, 6], "texture": "#1"},
				"west": {"uv": [10, 5, 11, 6], "texture": "#1"},
				"up": {"uv": [9, 6, 10, 7], "rotation": 90, "texture": "#1"},
				"down": {"uv": [10, 6, 11, 7], "rotation": 270, "texture": "#1"}
			}
		},
		{
			"name": "NE2",
			"from": [15.1966, 6, -8.2977],
			"to": [19.1966, 10, -4.2977],
			"rotation": {"angle": -45, "axis": "y", "origin": [17.02082, 8, -6.02082]},
			"faces": {
				"north": {"uv": [12, 5, 13, 6], "texture": "#1"},
				"east": {"uv": [14, 6, 15, 7], "texture": "#1"},
				"south": {"uv": [14, 5, 15, 6], "texture": "#1"},
				"west": {"uv": [13, 5, 14, 6], "texture": "#1"},
				"up": {"uv": [12, 6, 13, 7], "rotation": 90, "texture": "#1"},
				"down": {"uv": [13, 6, 14, 7], "rotation": 270, "texture": "#1"}
			}
		},
		{
			"name": "NE3",
			"from": [9.025, 6, -10.7287],
			"to": [13.025, 10, -6.7287],
			"rotation": {"angle": 22.5, "axis": "y", "origin": [11.50562, 8, -7.70595]},
			"faces": {
				"north": {"uv": [1, 7.5, 2, 8.5], "texture": "#1"},
				"east": {"uv": [0, 7.5, 1, 8.5], "texture": "#1"},
				"south": {"uv": [2, 8.5, 3, 9.5], "texture": "#1"},
				"west": {"uv": [2, 7.5, 3, 8.5], "texture": "#1"},
				"up": {"uv": [0, 8.5, 1, 9.5], "rotation": 180, "texture": "#1"},
				"down": {"uv": [1, 8.5, 2, 9.5], "rotation": 180, "texture": "#1"}
			}
		},
		{
			"name": "N",
			"from": [7.5, 7.5, -16],
			"to": [8.5, 8.5, -15],
			"rotation": {"angle": 0, "axis": "y", "origin": [8, 8, -15.5]},
			"faces": {
				"north": {"uv": [0.5, 2, 1, 2.5], "texture": "#0"},
				"east": {"uv": [1, 2, 1.5, 2.5], "texture": "#0"},
				"south": {"uv": [1.5, 2, 2, 2.5], "texture": "#0"},
				"west": {"uv": [0, 2, 0.5, 2.5], "texture": "#0"},
				"up": {"uv": [2, 2, 2.5, 2.5], "texture": "#0"},
				"down": {"uv": [2.5, 2, 3, 2.5], "texture": "#0"}
			}
		},
		{
			"name": "NW1",
			"from": [3.4818, 7.5, -14.2112],
			"to": [4.4818, 8.5, -13.2112],
			"rotation": {"angle": -22.5, "axis": "y", "origin": [3.98768, 8, -13.7134]},
			"faces": {
				"north": {"uv": [3.5, 2, 4, 2.5], "texture": "#0"},
				"east": {"uv": [4, 2, 4.5, 2.5], "texture": "#0"},
				"south": {"uv": [4.5, 2, 5, 2.5], "texture": "#0"},
				"west": {"uv": [3, 2, 3.5, 2.5], "texture": "#0"},
				"up": {"uv": [5, 2, 5.5, 2.5], "texture": "#0"},
				"down": {"uv": [5.5, 2, 6, 2.5], "texture": "#0"}
			}
		},
		{
			"name": "NW2",
			"from": [0.0754, 7.5, -9.11701],
			"to": [1.0754, 8.5, -8.11701],
			"rotation": {"angle": -45, "axis": "y", "origin": [0.61701, 8, -8.61701]},
			"faces": {
				"north": {"uv": [6.5, 2, 7, 2.5], "texture": "#0"},
				"east": {"uv": [7, 2, 7.5, 2.5], "texture": "#0"},
				"south": {"uv": [7.5, 2, 8, 2.5], "texture": "#0"},
				"west": {"uv": [6, 2, 6.5, 2.5], "texture": "#0"},
				"up": {"uv": [8, 2, 8.5, 2.5], "texture": "#0"},
				"down": {"uv": [8.5, 2, 9, 2.5], "texture": "#0"}
			}
		},
		{
			"name": "NW3",
			"from": [-2.2007, 7.5, -1.4931],
			"to": [-1.2007, 8.5, -0.4931],
			"rotation": {"angle": 22.5, "axis": "y", "origin": [-1.6866, 8, -0.98768]},
			"faces": {
				"north": {"uv": [9.5, 2, 10, 2.5], "rotation": 90, "texture": "#0"},
				"east": {"uv": [10, 2, 10.5, 2.5], "texture": "#0"},
				"south": {"uv": [10.5, 2, 11, 2.5], "texture": "#0"},
				"west": {"uv": [9, 2, 9.5, 2.5], "texture": "#0"},
				"up": {"uv": [11, 2, 11.5, 2.5], "rotation": 90, "texture": "#0"},
				"down": {"uv": [11.5, 2, 12, 2.5], "rotation": 270, "texture": "#0"}
			}
		},
		{
			"name": "W",
			"from": [-3, 7.5, 7.5],
			"to": [-2, 8.5, 8.5],
			"rotation": {"angle": 0, "axis": "y", "origin": [-2.5, 8, 8]},
			"faces": {
				"north": {"uv": [12.5, 2, 13, 2.5], "texture": "#0"},
				"east": {"uv": [13, 2, 13.5, 2.5], "texture": "#0"},
				"south": {"uv": [13.5, 2, 14, 2.5], "texture": "#0"},
				"west": {"uv": [12, 2, 12.5, 2.5], "texture": "#0"},
				"up": {"uv": [14, 2, 14.5, 2.5], "rotation": 90, "texture": "#0"},
				"down": {"uv": [14.5, 2, 15, 2.5], "rotation": 270, "texture": "#0"}
			}
		},
		{
			"name": "SW1",
			"from": [-2.2007, 7.5, 16.4931],
			"to": [-1.2007, 8.5, 17.4931],
			"rotation": {"angle": -22.5, "axis": "y", "origin": [-1.6866, 8, 16.98768]},
			"faces": {
				"north": {"uv": [0.5, 4.5, 1, 5], "texture": "#0"},
				"east": {"uv": [1, 4.5, 1.5, 5], "texture": "#0"},
				"south": {"uv": [1.5, 4.5, 2, 5], "texture": "#0"},
				"west": {"uv": [0, 4.5, 0.5, 5], "texture": "#0"},
				"up": {"uv": [2, 4.5, 2.5, 5], "rotation": 90, "texture": "#0"},
				"down": {"uv": [2.5, 4.5, 3, 5], "rotation": 270, "texture": "#0"}
			}
		},
		{
			"name": "SW2",
			"from": [0.0754, 7.5, 24.117],
			"to": [1.0754, 8.5, 25.117],
			"rotation": {"angle": -45, "axis": "y", "origin": [0.61701, 8, 24.61701]},
			"faces": {
				"north": {"uv": [3.5, 4.5, 4, 5], "texture": "#0"},
				"east": {"uv": [4, 4.5, 4.5, 5], "texture": "#0"},
				"south": {"uv": [4.5, 4.5, 5, 5], "texture": "#0"},
				"west": {"uv": [3, 4.5, 3.5, 5], "texture": "#0"},
				"up": {"uv": [5, 4.5, 5.5, 5], "rotation": 90, "texture": "#0"},
				"down": {"uv": [5.5, 4.5, 6, 5], "rotation": 270, "texture": "#0"}
			}
		},
		{
			"name": "SW3",
			"from": [3.4818, 7.5, 29.2112],
			"to": [4.4818, 8.5, 30.2112],
			"rotation": {"angle": 22.5, "axis": "y", "origin": [3.98768, 8, 29.7134]},
			"faces": {
				"north": {"uv": [6.5, 4.5, 7, 5], "texture": "#0"},
				"east": {"uv": [7, 4.5, 7.5, 5], "texture": "#0"},
				"south": {"uv": [7.5, 4.5, 8, 5], "texture": "#0"},
				"west": {"uv": [6, 4.5, 6.5, 5], "texture": "#0"},
				"up": {"uv": [8, 4.5, 8.5, 5], "rotation": 180, "texture": "#0"},
				"down": {"uv": [8.5, 4.5, 9, 5], "rotation": 180, "texture": "#0"}
			}
		},
		{
			"name": "S",
			"from": [7.5, 7.5, 31],
			"to": [8.5, 8.5, 32],
			"rotation": {"angle": 0, "axis": "y", "origin": [8, 8, 31.5]},
			"faces": {
				"north": {"uv": [9.5, 4.5, 10, 5], "texture": "#0"},
				"east": {"uv": [10, 4.5, 10.5, 5], "texture": "#0"},
				"south": {"uv": [10.5, 4.5, 11, 5], "texture": "#0"},
				"west": {"uv": [9, 4.5, 9.5, 5], "texture": "#0"},
				"up": {"uv": [11, 4.5, 11.5, 5], "rotation": 180, "texture": "#0"},
				"down": {"uv": [11.5, 4.5, 12, 5], "rotation": 180, "texture": "#0"}
			}
		},
		{
			"name": "SE1",
			"from": [11.5182, 7.5, 29.2112],
			"to": [12.5182, 8.5, 30.2112],
			"rotation": {"angle": -22.5, "axis": "y", "origin": [12.01232, 8, 29.7134]},
			"faces": {
				"north": {"uv": [12.5, 4.5, 13, 5], "texture": "#0"},
				"east": {"uv": [13, 4.5, 13.5, 5], "texture": "#0"},
				"south": {"uv": [13.5, 4.5, 14, 5], "texture": "#0"},
				"west": {"uv": [12, 4.5, 12.5, 5], "texture": "#0"},
				"up": {"uv": [14, 4.5, 14.5, 5], "rotation": 180, "texture": "#0"},
				"down": {"uv": [14.5, 4.5, 15, 5], "rotation": 180, "texture": "#0"}
			}
		},
		{
			"name": "SE2",
			"from": [14.9246, 7.5, 24.11701],
			"to": [15.9246, 8.5, 25.11701],
			"rotation": {"angle": -45, "axis": "y", "origin": [15.38299, 8, 24.61701]},
			"faces": {
				"north": {"uv": [0.5, 7, 1, 7.5], "texture": "#0"},
				"east": {"uv": [1, 7, 1.5, 7.5], "texture": "#0"},
				"south": {"uv": [1.5, 7, 2, 7.5], "texture": "#0"},
				"west": {"uv": [0, 7, 0.5, 7.5], "texture": "#0"},
				"up": {"uv": [2, 7, 2.5, 7.5], "rotation": 180, "texture": "#0"},
				"down": {"uv": [2.5, 7, 3, 7.5], "rotation": 180, "texture": "#0"}
			}
		},
		{
			"name": "SE3",
			"from": [17.2007, 7.5, 16.4931],
			"to": [18.2007, 8.5, 17.4931],
			"rotation": {"angle": 22.5, "axis": "y", "origin": [17.6866, 8, 16.98768]},
			"faces": {
				"north": {"uv": [3.5, 7, 4, 7.5], "texture": "#0"},
				"east": {"uv": [4, 7, 4.5, 7.5], "texture": "#0"},
				"south": {"uv": [4.5, 7, 5, 7.5], "texture": "#0"},
				"west": {"uv": [3, 7, 3.5, 7.5], "texture": "#0"},
				"up": {"uv": [5, 7, 5.5, 7.5], "rotation": 270, "texture": "#0"},
				"down": {"uv": [5.5, 7, 6, 7.5], "rotation": 90, "texture": "#0"}
			}
		},
		{
			"name": "E",
			"from": [18, 7.5, 7.5],
			"to": [19, 8.5, 8.5],
			"rotation": {"angle": 0, "axis": "y", "origin": [18.5, 8, 8]},
			"faces": {
				"north": {"uv": [6.5, 7, 7, 7.5], "texture": "#0"},
				"east": {"uv": [7, 7, 7.5, 7.5], "texture": "#0"},
				"south": {"uv": [7.5, 7, 8, 7.5], "texture": "#0"},
				"west": {"uv": [6, 7, 6.5, 7.5], "rotation": 90, "texture": "#0"},
				"up": {"uv": [8, 7, 8.5, 7.5], "rotation": 270, "texture": "#0"},
				"down": {"uv": [8.5, 7, 9, 7.5], "rotation": 90, "texture": "#0"}
			}
		},
		{
			"name": "NE1",
			"from": [17.2007, 7.5, -1.4931],
			"to": [18.2007, 8.5, -0.4931],
			"rotation": {"angle": -22.5, "axis": "y", "origin": [17.6866, 8, -0.98768]},
			"faces": {
				"north": {"uv": [9.5, 7, 10, 7.5], "texture": "#0"},
				"east": {"uv": [10, 7, 10.5, 7.5], "texture": "#0"},
				"south": {"uv": [10.5, 7, 11, 7.5], "texture": "#0"},
				"west": {"uv": [9, 7, 9.5, 7.5], "rotation": 90, "texture": "#0"},
				"up": {"uv": [11, 7, 11.5, 7.5], "rotation": 270, "texture": "#0"},
				"down": {"uv": [11.5, 7, 12, 7.5], "rotation": 90, "texture": "#0"}
			}
		},
		{
			"name": "NE2",
			"from": [14.9246, 7.5, -9.11701],
			"to": [15.9246, 8.5, -8.11701],
			"rotation": {"angle": -45, "axis": "y", "origin": [15.38299, 8, -8.61701]},
			"faces": {
				"north": {"uv": [12.5, 7, 13, 7.5], "texture": "#0"},
				"east": {"uv": [13, 7, 13.5, 7.5], "texture": "#0"},
				"south": {"uv": [13.5, 7, 14, 7.5], "texture": "#0"},
				"west": {"uv": [12, 7, 12.5, 7.5], "rotation": 90, "texture": "#0"},
				"up": {"uv": [14, 7, 14.5, 7.5], "rotation": 270, "texture": "#0"},
				"down": {"uv": [14.5, 7, 15, 7.5], "rotation": 90, "texture": "#0"}
			}
		},
		{
			"name": "NE3",
			"from": [11.5182, 7.5, -14.2112],
			"to": [12.5182, 8.5, -13.2112],
			"rotation": {"angle": 22.5, "axis": "y", "origin": [12.01232, 8, -13.7134]},
			"faces": {
				"north": {"uv": [0.5, 9.5, 1, 10], "texture": "#0"},
				"east": {"uv": [1, 9.5, 1.5, 10], "texture": "#0"},
				"south": {"uv": [1.5, 9.5, 2, 10], "texture": "#0"},
				"west": {"uv": [0, 9.5, 0.5, 10], "texture": "#0"},
				"up": {"uv": [2, 9.5, 2.5, 10], "texture": "#0"},
				"down": {"uv": [2.5, 9.5, 3, 10], "texture": "#0"}
			}
		},
		{
			"name": "N",
			"from": [5.4516, 7.5, -15.5485],
			"to": [6.4516, 8.5, -14.5485],
			"rotation": {"angle": 0, "axis": "y", "origin": [5, 8, -14.5]},
			"faces": {
				"north": {"uv": [0.5, 2, 1, 2.5], "texture": "#1"},
				"east": {"uv": [1, 2, 1.5, 2.5], "texture": "#1"},
				"south": {"uv": [1.5, 2, 2, 2.5], "texture": "#1"},
				"west": {"uv": [0, 2, 0.5, 2.5], "texture": "#1"},
				"up": {"uv": [2, 2, 2.5, 2.5], "texture": "#1"},
				"down": {"uv": [2.5, 2, 3, 2.5], "texture": "#1"}
			}
		},
		{
			"name": "NW1",
			"from": [1.6665, 7.5, -12.0395],
			"to": [2.6665, 8.5, -11.0395],
			"rotation": {"angle": -22.5, "axis": "y", "origin": [0.98768, 8, -12.7134]},
			"faces": {
				"north": {"uv": [3.5, 2, 4, 2.5], "texture": "#1"},
				"east": {"uv": [4, 2, 4.5, 2.5], "texture": "#1"},
				"south": {"uv": [4.5, 2, 5, 2.5], "texture": "#1"},
				"west": {"uv": [3, 2, 3.5, 2.5], "texture": "#1"},
				"up": {"uv": [5, 2, 5.5, 2.5], "texture": "#1"},
				"down": {"uv": [5.5, 2, 6, 2.5], "texture": "#1"}
			}
		},
		{
			"name": "NW2",
			"from": [-1.2304, 7.5, -5.5559],
			"to": [-0.2304, 8.5, -4.5559],
			"rotation": {"angle": -45, "axis": "y", "origin": [-1.38299, 8, -5.61701]},
			"faces": {
				"north": {"uv": [6.5, 2, 7, 2.5], "texture": "#1"},
				"east": {"uv": [7, 2, 7.5, 2.5], "texture": "#1"},
				"south": {"uv": [7.5, 2, 8, 2.5], "texture": "#1"},
				"west": {"uv": [6, 2, 6.5, 2.5], "texture": "#1"},
				"up": {"uv": [8, 2, 8.5, 2.5], "texture": "#1"},
				"down": {"uv": [8.5, 2, 9, 2.5], "texture": "#1"}
			}
		},
		{
			"name": "NW3",
			"from": [-2.7982, 7.5, 2.9154],
			"to": [-1.7982, 8.5, 3.9154],
			"rotation": {"angle": 22.5, "axis": "y", "origin": [-2.6866, 8, 2.01232]},
			"faces": {
				"north": {"uv": [9.5, 2, 10, 2.5], "rotation": 90, "texture": "#1"},
				"east": {"uv": [10, 2, 10.5, 2.5], "texture": "#1"},
				"south": {"uv": [10.5, 2, 11, 2.5], "texture": "#1"},
				"west": {"uv": [9, 2, 9.5, 2.5], "texture": "#1"},
				"up": {"uv": [11, 2, 11.5, 2.5], "rotation": 90, "texture": "#1"},
				"down": {"uv": [11.5, 2, 12, 2.5], "rotation": 270, "texture": "#1"}
			}
		},
		{
			"name": "W",
			"from": [-2.7982, 7.5, 12.0846],
			"to": [-1.7982, 8.5, 13.0846],
			"rotation": {"angle": 0, "axis": "y", "origin": [-1.5, 8, 11]},
			"faces": {
				"north": {"uv": [12.5, 2, 13, 2.5], "texture": "#1"},
				"east": {"uv": [13, 2, 13.5, 2.5], "texture": "#1"},
				"south": {"uv": [13.5, 2, 14, 2.5], "texture": "#1"},
				"west": {"uv": [12, 2, 12.5, 2.5], "texture": "#1"},
				"up": {"uv": [14, 2, 14.5, 2.5], "rotation": 90, "texture": "#1"},
				"down": {"uv": [14.5, 2, 15, 2.5], "rotation": 270, "texture": "#1"}
			}
		},
		{
			"name": "SW1",
			"from": [-1.2304, 7.5, 20.5559],
			"to": [-0.2304, 8.5, 21.5559],
			"rotation": {"angle": -22.5, "axis": "y", "origin": [0.3134, 8, 19.98768]},
			"faces": {
				"north": {"uv": [0.5, 4.5, 1, 5], "texture": "#1"},
				"east": {"uv": [1, 4.5, 1.5, 5], "texture": "#1"},
				"south": {"uv": [1.5, 4.5, 2, 5], "texture": "#1"},
				"west": {"uv": [0, 4.5, 0.5, 5], "texture": "#1"},
				"up": {"uv": [2, 4.5, 2.5, 5], "rotation": 90, "texture": "#1"},
				"down": {"uv": [2.5, 4.5, 3, 5], "rotation": 270, "texture": "#1"}
			}
		},
		{
			"name": "SW2",
			"from": [1.6665, 7.5, 27.0395],
			"to": [2.6665, 8.5, 28.0395],
			"rotation": {"angle": -45, "axis": "y", "origin": [3.61701, 8, 26.61701]},
			"faces": {
				"north": {"uv": [3.5, 4.5, 4, 5], "texture": "#1"},
				"east": {"uv": [4, 4.5, 4.5, 5], "texture": "#1"},
				"south": {"uv": [4.5, 4.5, 5, 5], "texture": "#1"},
				"west": {"uv": [3, 4.5, 3.5, 5], "texture": "#1"},
				"up": {"uv": [5, 4.5, 5.5, 5], "rotation": 90, "texture": "#1"},
				"down": {"uv": [5.5, 4.5, 6, 5], "rotation": 270, "texture": "#1"}
			}
		},
		{
			"name": "SW3",
			"from": [5.4516, 7.5, 30.5485],
			"to": [6.4516, 8.5, 31.5485],
			"rotation": {"angle": 22.5, "axis": "y", "origin": [6.98768, 8, 30.7134]},
			"faces": {
				"north": {"uv": [6.5, 4.5, 7, 5], "texture": "#1"},
				"east": {"uv": [7, 4.5, 7.5, 5], "texture": "#1"},
				"south": {"uv": [7.5, 4.5, 8, 5], "texture": "#1"},
				"west": {"uv": [6, 4.5, 6.5, 5], "texture": "#1"},
				"up": {"uv": [8, 4.5, 8.5, 5], "rotation": 180, "texture": "#1"},
				"down": {"uv": [8.5, 4.5, 9, 5], "rotation": 180, "texture": "#1"}
			}
		},
		{
			"name": "S",
			"from": [9.5484, 7.5, 30.5485],
			"to": [10.5484, 8.5, 31.5485],
			"rotation": {"angle": 0, "axis": "y", "origin": [11, 8, 30.5]},
			"faces": {
				"north": {"uv": [9.5, 4.5, 10, 5], "texture": "#1"},
				"east": {"uv": [10, 4.5, 10.5, 5], "texture": "#1"},
				"south": {"uv": [10.5, 4.5, 11, 5], "texture": "#1"},
				"west": {"uv": [9, 4.5, 9.5, 5], "texture": "#1"},
				"up": {"uv": [11, 4.5, 11.5, 5], "rotation": 180, "texture": "#1"},
				"down": {"uv": [11.5, 4.5, 12, 5], "rotation": 180, "texture": "#1"}
			}
		},
		{
			"name": "SE1",
			"from": [13.3335, 7.5, 27.0395],
			"to": [14.3335, 8.5, 28.0395],
			"rotation": {"angle": -22.5, "axis": "y", "origin": [15.01232, 8, 28.7134]},
			"faces": {
				"north": {"uv": [12.5, 4.5, 13, 5], "texture": "#1"},
				"east": {"uv": [13, 4.5, 13.5, 5], "texture": "#1"},
				"south": {"uv": [13.5, 4.5, 14, 5], "texture": "#1"},
				"west": {"uv": [12, 4.5, 12.5, 5], "texture": "#1"},
				"up": {"uv": [14, 4.5, 14.5, 5], "rotation": 180, "texture": "#1"},
				"down": {"uv": [14.5, 4.5, 15, 5], "rotation": 180, "texture": "#1"}
			}
		},
		{
			"name": "SE2",
			"from": [16.2304, 7.5, 20.5559],
			"to": [17.2304, 8.5, 21.5559],
			"rotation": {"angle": -45, "axis": "y", "origin": [17.38299, 8, 21.61701]},
			"faces": {
				"north": {"uv": [0.5, 7, 1, 7.5], "texture": "#1"},
				"east": {"uv": [1, 7, 1.5, 7.5], "texture": "#1"},
				"south": {"uv": [1.5, 7, 2, 7.5], "texture": "#1"},
				"west": {"uv": [0, 7, 0.5, 7.5], "texture": "#1"},
				"up": {"uv": [2, 7, 2.5, 7.5], "rotation": 180, "texture": "#1"},
				"down": {"uv": [2.5, 7, 3, 7.5], "rotation": 180, "texture": "#1"}
			}
		},
		{
			"name": "SE3",
			"from": [17.7982, 7.5, 12.0846],
			"to": [18.7982, 8.5, 13.0846],
			"rotation": {"angle": 22.5, "axis": "y", "origin": [18.6866, 8, 13.98768]},
			"faces": {
				"north": {"uv": [3.5, 7, 4, 7.5], "texture": "#1"},
				"east": {"uv": [4, 7, 4.5, 7.5], "texture": "#1"},
				"south": {"uv": [4.5, 7, 5, 7.5], "texture": "#1"},
				"west": {"uv": [3, 7, 3.5, 7.5], "texture": "#1"},
				"up": {"uv": [5, 7, 5.5, 7.5], "rotation": 270, "texture": "#1"},
				"down": {"uv": [5.5, 7, 6, 7.5], "rotation": 90, "texture": "#1"}
			}
		},
		{
			"name": "E",
			"from": [17.7982, 7.5, 2.9154],
			"to": [18.7982, 8.5, 3.9154],
			"rotation": {"angle": 0, "axis": "y", "origin": [17.5, 8, 5]},
			"faces": {
				"north": {"uv": [6.5, 7, 7, 7.5], "texture": "#1"},
				"east": {"uv": [7, 7, 7.5, 7.5], "texture": "#1"},
				"south": {"uv": [7.5, 7, 8, 7.5], "texture": "#1"},
				"west": {"uv": [6, 7, 6.5, 7.5], "rotation": 90, "texture": "#1"},
				"up": {"uv": [8, 7, 8.5, 7.5], "rotation": 270, "texture": "#1"},
				"down": {"uv": [8.5, 7, 9, 7.5], "rotation": 90, "texture": "#1"}
			}
		},
		{
			"name": "NE1",
			"from": [16.2304, 7.5, -5.5559],
			"to": [17.2304, 8.5, -4.5559],
			"rotation": {"angle": -22.5, "axis": "y", "origin": [16.6866, 8, -3.98768]},
			"faces": {
				"north": {"uv": [9.5, 7, 10, 7.5], "texture": "#1"},
				"east": {"uv": [10, 7, 10.5, 7.5], "texture": "#1"},
				"south": {"uv": [10.5, 7, 11, 7.5], "texture": "#1"},
				"west": {"uv": [9, 7, 9.5, 7.5], "rotation": 90, "texture": "#1"},
				"up": {"uv": [11, 7, 11.5, 7.5], "rotation": 270, "texture": "#1"},
				"down": {"uv": [11.5, 7, 12, 7.5], "rotation": 90, "texture": "#1"}
			}
		},
		{
			"name": "NE2",
			"from": [13.3335, 7.5, -12.0395],
			"to": [14.3335, 8.5, -11.0395],
			"rotation": {"angle": -45, "axis": "y", "origin": [12.38299, 8, -10.61701]},
			"faces": {
				"north": {"uv": [12.5, 7, 13, 7.5], "texture": "#1"},
				"east": {"uv": [13, 7, 13.5, 7.5], "texture": "#1"},
				"south": {"uv": [13.5, 7, 14, 7.5], "texture": "#1"},
				"west": {"uv": [12, 7, 12.5, 7.5], "rotation": 90, "texture": "#1"},
				"up": {"uv": [14, 7, 14.5, 7.5], "rotation": 270, "texture": "#1"},
				"down": {"uv": [14.5, 7, 15, 7.5], "rotation": 90, "texture": "#1"}
			}
		},
		{
			"name": "NE3",
			"from": [9.5484, 7.5, -15.5485],
			"to": [10.5484, 8.5, -14.5485],
			"rotation": {"angle": 22.5, "axis": "y", "origin": [9.01232, 8, -13.7134]},
			"faces": {
				"north": {"uv": [0.5, 9.5, 1, 10], "texture": "#1"},
				"east": {"uv": [1, 9.5, 1.5, 10], "texture": "#1"},
				"south": {"uv": [1.5, 9.5, 2, 10], "texture": "#1"},
				"west": {"uv": [0, 9.5, 0.5, 10], "texture": "#1"},
				"up": {"uv": [2, 9.5, 2.5, 10], "texture": "#1"},
				"down": {"uv": [2.5, 9.5, 3, 10], "texture": "#1"}
			}
		}
	],
	"display": {
		"thirdperson_righthand": {
			"rotation": [90, 0, 0],
			"translation": [0, -2, 1.5],
			"scale": [0.3, 0.3, 0.3]
		},
		"thirdperson_lefthand": {
			"rotation": [90, 0, -180],
			"translation": [0, -2, 1.5],
			"scale": [0.3, 0.3, 0.3]
		},
		"firstperson_righthand": {
			"rotation": [0, 0, -30],
			"translation": [-2, 2.75, 0],
			"scale": [0.2, 0.2, 0]
		},
		"firstperson_lefthand": {
			"rotation": [0, 0, -30],
			"translation": [-2, 2.75, 0],
			"scale": [0.2, 0.2, 0]
		},
		"ground": {
			"scale": [0.3, 0.3, 0.3]
		},
		"gui": {
			"rotation": [0, 0, -45],
			"scale": [0.6, 0.6, 0.6]
		},
		"head": {
			"rotation": [15, 0, 0],
			"translation": [0, 2.5, -1.5]
		},
		"fixed": {
			"rotation": [-90, 0, 0],
			"translation": [0, 0, -0.5],
			"scale": [0.4, 0.1, 0.4]
		}
	},
	"groups": [
		{
			"name": "earth",
			"origin": [8, 4.5, 13],
			"children": [0, 1, 2, 3, 4, 5, 6, 7, 8, 9, 10, 11, 12, 13, 14, 15]
		},
		{
			"name": "earth_intermed",
			"origin": [8, 8, 8],
			"children": [16, 17, 18, 19, 20, 21, 22, 23, 24, 25, 26, 27, 28, 29, 30, 31]
		},
		{
			"name": "moon",
			"origin": [8, 5, 8],
			"children": [32, 33, 34, 35, 36, 37, 38, 39, 40, 41, 42, 43, 44, 45, 46, 47]
		},
		{
			"name": "moon_intermed",
			"origin": [8, 8, 8],
			"children": [48, 49, 50, 51, 52, 53, 54, 55, 56, 57, 58, 59, 60, 61, 62, 63]
		}
	]
}