{
	"credit": "Made with Blockbench",
	"textures": {
		"0": "block/oak_log",
		"1": "block/black_wool",
		"particle": "block/oak_log"
	},
	"elements": [
		{
			"from": [12, 0, 2],
			"to": [14, 2, 4],
			"faces": {
				"north": {"uv": [0, 0, 2, 2], "texture": "#0"},
				"east": {"uv": [0, 0, 2, 2], "texture": "#0"},
				"south": {"uv": [0, 0, 2, 2], "texture": "#0"},
				"west": {"uv": [0, 0, 2, 2], "texture": "#0"},
				"up": {"uv": [0, 0, 2, 2], "rotation": 180, "texture": "#0"},
				"down": {"uv": [0, 0, 2, 2], "rotation": 180, "texture": "#0"}
			}
		},
		{
			"from": [2, 0, 2],
			"to": [4, 2, 4],
			"faces": {
				"north": {"uv": [0, 0, 2, 2], "texture": "#0"},
				"east": {"uv": [0, 0, 2, 2], "texture": "#0"},
				"south": {"uv": [0, 0, 2, 2], "texture": "#0"},
				"west": {"uv": [0, 0, 2, 2], "texture": "#0"},
				"up": {"uv": [0, 0, 2, 2], "rotation": 180, "texture": "#0"},
				"down": {"uv": [0, 0, 2, 2], "rotation": 180, "texture": "#0"}
			}
		},
		{
			"from": [12, 0, 12],
			"to": [14, 2, 14],
			"faces": {
				"north": {"uv": [0, 0, 2, 2], "texture": "#0"},
				"east": {"uv": [0, 0, 2, 2], "texture": "#0"},
				"south": {"uv": [0, 0, 2, 2], "texture": "#0"},
				"west": {"uv": [0, 0, 2, 2], "texture": "#0"},
				"up": {"uv": [0, 0, 2, 2], "rotation": 180, "texture": "#0"},
				"down": {"uv": [0, 0, 2, 2], "rotation": 180, "texture": "#0"}
			}
		},
		{
			"from": [2, 0, 12],
			"to": [4, 2, 14],
			"faces": {
				"north": {"uv": [0, 0, 2, 2], "texture": "#0"},
				"east": {"uv": [0, 0, 2, 2], "texture": "#0"},
				"south": {"uv": [0, 0, 2, 2], "texture": "#0"},
				"west": {"uv": [0, 0, 2, 2], "texture": "#0"},
				"up": {"uv": [0, 0, 2, 2], "rotation": 180, "texture": "#0"},
				"down": {"uv": [0, 0, 2, 2], "rotation": 180, "texture": "#0"}
			}
		},
		{
			"from": [2, 2, 2],
			"to": [14, 6, 14],
			"faces": {
				"north": {"uv": [0, 0, 11, 4], "texture": "#1"},
				"east": {"uv": [0, 0, 12, 4], "texture": "#1"},
				"south": {"uv": [0, 0, 11, 4], "texture": "#1"},
				"west": {"uv": [0, 0, 12, 4], "texture": "#1"},
				"up": {"uv": [0, 0, 11, 12], "rotation": 180, "texture": "#1"},
				"down": {"uv": [0, 0, 11, 12], "rotation": 180, "texture": "#1"}
			}
		},
		{
			"from": [2, 6, 2],
			"to": [14, 15, 5],
			"faces": {
				"north": {"uv": [0, 0, 11, 9], "texture": "#1"},
				"east": {"uv": [0, 0, 3, 9], "texture": "#1"},
				"south": {"uv": [0, 0, 11, 9], "texture": "#1"},
				"west": {"uv": [0, 0, 3, 9], "texture": "#1"},
				"up": {"uv": [0, 0, 11, 3], "rotation": 180, "texture": "#1"},
				"down": {"uv": [0, 0, 11, 3], "rotation": 180, "texture": "#1"}
			}
		},
		{
			"from": [14, 6, 3],
			"to": [17, 9, 12],
			"faces": {
				"north": {"uv": [0, 0, 3, 3], "texture": "#1"},
				"east": {"uv": [0, 0, 9, 3], "texture": "#1"},
				"south": {"uv": [0, 0, 3, 3], "texture": "#1"},
				"west": {"uv": [0, 0, 9, 3], "texture": "#1"},
				"up": {"uv": [0, 0, 3, 9], "rotation": 180, "texture": "#1"},
				"down": {"uv": [0, 0, 3, 9], "rotation": 180, "texture": "#1"}
			}
		},
		{
			"from": [-1, 6, 3],
			"to": [2, 9, 12],
			"faces": {
				"north": {"uv": [0, 0, 3, 3], "texture": "#1"},
				"east": {"uv": [0, 0, 9, 3], "texture": "#1"},
				"south": {"uv": [0, 0, 3, 3], "texture": "#1"},
				"west": {"uv": [0, 0, 9, 3], "texture": "#1"},
				"up": {"uv": [0, 0, 3, 9], "rotation": 180, "texture": "#1"},
				"down": {"uv": [0, 0, 3, 9], "rotation": 180, "texture": "#1"}
			}
		}
	],
	"display": {
		"thirdperson_righthand": {
			"rotation": [0, -180, 0],
			"translation": [0, 0, -2],
			"scale": [0.5, 0.5, 0.5]
		},
		"thirdperson_lefthand": {
			"rotation": [0, -180, 0],
			"translation": [0, 0, -2],
			"scale": [0.5, 0.5, 0.5]
		},
		"firstperson_righthand": {
			"rotation": [0, -180, 0],
			"translation": [0, 0, -2.5],
			"scale": [0.5, 0.5, 0.5]
		},
		"firstperson_lefthand": {
			"rotation": [0, -180, 0],
			"translation": [0, 0, -2.5],
			"scale": [0.5, 0.5, 0.5]
		},
		"ground": {
			"scale": [-0.5, 0.5, -0.5]
		},
		"gui": {
			"rotation": [26, 58, 0],
			"translation": [0.25, 0, 0],
			"scale": [0.7, 0.7, 0.7]
		},
		"head": {
			"rotation": [0, -180, 0]
		},
		"fixed": {
			"rotation": [-90, -180, 0],
			"translation": [0, 0, -20.75],
			"scale": [2.5, 2.5, 2.5]
		}
	},
	"groups": [
		{
			"name": "chair",
			"origin": [8, 8, 8],
			"color": 0,
			"children": [
				{
					"name": "back left leg",
					"origin": [8, 8, 8],
					"color": 0,
					"children": [0]
				},
				{
					"name": "back right leg",
					"origin": [8, 8, 8],
					"color": 0,
					"children": [1]
				},
				{
					"name": "front left leg",
					"origin": [8, 8, 8],
					"color": 0,
					"children": [2]
				},
				{
					"name": "front right leg",
					"origin": [8, 8, 8],
					"color": 0,
					"children": [3]
				},
				{
					"name": "stool",
					"origin": [8, 8, 8],
					"color": 0,
					"children": [4]
				},
				{
					"name": "backrest",
					"origin": [8, 8, 8],
					"color": 0,
					"children": [5]
				},
				{
					"name": "left armrest",
					"origin": [8, 8, 8],
					"color": 0,
					"children": [6]
				},
				{
					"name": "right armrest",
					"origin": [8, 8, 8],
					"color": 0,
					"children": [7]
				}
			]
		}
	]
}