{
	 "parent": "item/generated",
	 "textures": {
		"layer0": "item/item_frame"
	 },
	 "overrides": [
		 { "predicate": {"custom_model_data": 100}, "model": "item/indium_block"},
		 { "predicate": {"custom_model_data": 101}, "model": "item/oak_chair"},
		 { "predicate": {"custom_model_data": 102}, "model": "item/oak_table"},
		 { "predicate": {"custom_model_data": 103}, "model": "item/birch_chair"},
		 { "predicate": {"custom_model_data": 104}, "model": "item/birch_table"},
		 { "predicate": {"custom_model_data": 105}, "model": "item/spruce_chair"},
		 { "predicate": {"custom_model_data": 106}, "model": "item/spruce_table"},
		 { "predicate": {"custom_model_data": 107}, "model": "item/dark_oak_chair"},
		 { "predicate": {"custom_model_data": 108}, "model": "item/dark_oak_table"},
		 { "predicate": {"custom_model_data": 109}, "model": "item/jungle_chair"},
		 { "predicate": {"custom_model_data": 110}, "model": "item/jungle_table"},
		 { "predicate": {"custom_model_data": 111}, "model": "item/acacia_chair"},
		 { "predicate": {"custom_model_data": 112}, "model": "item/acacia_table"},
		 { "predicate": {"custom_model_data": 113}, "model": "item/mangrove_chair"},
		 { "predicate": {"custom_model_data": 114}, "model": "item/mangrove_table"},
		 { "predicate": {"custom_model_data": 115}, "model": "item/crimson_chair"},
		 { "predicate": {"custom_model_data": 116}, "model": "item/crimson_table"},
		 { "predicate": {"custom_model_data": 117}, "model": "item/warped_chair"},
		 { "predicate": {"custom_model_data": 118}, "model": "item/warped_table"},
		 { "predicate": {"custom_model_data": 119}, "model": "item/white_wool_chair"},
		 { "predicate": {"custom_model_data": 120}, "model": "item/orange_wool_chair"},
		 { "predicate": {"custom_model_data": 121}, "model": "item/magenta_wool_chair"},
		 { "predicate": {"custom_model_data": 122}, "model": "item/light_blue_wool_chair"},
		 { "predicate": {"custom_model_data": 123}, "model": "item/yellow_wool_chair"},
		 { "predicate": {"custom_model_data": 124}, "model": "item/lime_wool_chair"},
		 { "predicate": {"custom_model_data": 125}, "model": "item/pink_wool_chair"},
		 { "predicate": {"custom_model_data": 126}, "model": "item/gray_wool_chair"},
		 { "predicate": {"custom_model_data": 127}, "model": "item/light_gray_wool_chair"},
		 { "predicate": {"custom_model_data": 128}, "model": "item/cyan_wool_chair"},
		 { "predicate": {"custom_model_data": 129}, "model": "item/purple_wool_chair"},
		 { "predicate": {"custom_model_data": 130}, "model": "item/blue_wool_chair"},
		 { "predicate": {"custom_model_data": 131}, "model": "item/brown_wool_chair"},
		 { "predicate": {"custom_model_data": 132}, "model": "item/green_wool_chair"},
		 { "predicate": {"custom_model_data": 133}, "model": "item/red_wool_chair"},
		 { "predicate": {"custom_model_data": 134}, "model": "item/black_wool_chair"},
		 { "predicate": {"custom_model_data": 135}, "model": "item/incandescent_block"},
		 { "predicate": {"custom_model_data": 136}, "model": "item/shelf"},
		 { "predicate": {"custom_model_data": 137}, "model": "item/gair"},
		 { "predicate": {"custom_model_data": 138}, "model": "item/oven"},
		 { "predicate": {"custom_model_data": 139}, "model": "item/blender"}
	]
}