{
	"credit": "Made with Blockbench",
	"textures": {
		"0": "dee_instruments/plucked_string/ukulele/ukulele"
	},
	"elements": [
		{
			"from": [3, 2, 6],
			"to": [13, 7, 10],
			"rotation": {"angle": 0, "axis": "y", "origin": [11, 10, 14]},
			"faces": {
				"north": {"uv": [1, 2.75, 3.5, 4], "texture": "#0"},
				"east": {"uv": [0, 2.75, 1, 4], "texture": "#0"},
				"south": {"uv": [3.5, 2.75, 6, 4], "texture": "#0"},
				"west": {"uv": [0, 2.75, 1, 4], "texture": "#0"},
				"up": {"uv": [1, 4.5, 3.5, 5.5], "texture": "#0"},
				"down": {"uv": [1, 4.5, 3.5, 5.5], "texture": "#0"}
			}
		},
		{
			"from": [4, 1, 6],
			"to": [12, 2, 10],
			"rotation": {"angle": 0, "axis": "y", "origin": [12, 9, 14]},
			"faces": {
				"north": {"uv": [1.25, 4, 3.25, 4.25], "texture": "#0"},
				"east": {"uv": [0, 4, 1, 4.25], "texture": "#0"},
				"south": {"uv": [3.75, 4, 5.75, 4.25], "texture": "#0"},
				"west": {"uv": [0, 4, 1, 4.25], "texture": "#0"},
				"up": {"uv": [0, 0, 0, 0], "texture": "#0"},
				"down": {"uv": [1.25, 4.5, 3.25, 5.5], "texture": "#0"}
			}
		},
		{
			"from": [4, 12, 6],
			"to": [12, 13, 10],
			"rotation": {"angle": 0, "axis": "y", "origin": [12, 20, 14]},
			"faces": {
				"north": {"uv": [1.25, 1.25, 3.25, 1.5], "texture": "#0"},
				"east": {"uv": [0, 1.25, 1, 1.5], "texture": "#0"},
				"south": {"uv": [3.75, 1.25, 5.75, 1.5], "texture": "#0"},
				"west": {"uv": [0, 1.25, 1, 1.5], "texture": "#0"},
				"up": {"uv": [1.25, 4.5, 3.25, 5.5], "texture": "#0"},
				"down": {"uv": [0, 0, 0, 0], "texture": "#0"}
			}
		},
		{
			"from": [4, 7, 6],
			"to": [12, 8, 10],
			"rotation": {"angle": 0, "axis": "y", "origin": [12, 15, 14]},
			"faces": {
				"north": {"uv": [1.25, 2.5, 3.25, 2.75], "texture": "#0"},
				"east": {"uv": [0, 2.5, 1, 2.75], "texture": "#0"},
				"south": {"uv": [3.75, 2.5, 5.75, 2.75], "texture": "#0"},
				"west": {"uv": [0, 2.5, 1, 2.75], "texture": "#0"},
				"up": {"uv": [1.25, 5.5, 4.25, 6.5], "texture": "#0"},
				"down": {"uv": [0, 0, 0, 0], "texture": "#0"}
			}
		},
		{
			"from": [3.5, 8, 6],
			"to": [12.5, 12, 10],
			"rotation": {"angle": 0, "axis": "y", "origin": [11.5, 16, 14]},
			"faces": {
				"north": {"uv": [1.25, 1.5, 3.5, 2.5], "texture": "#0"},
				"east": {"uv": [0, 1.5, 1, 2.5], "texture": "#0"},
				"south": {"uv": [3.75, 1.5, 6, 2.5], "texture": "#0"},
				"west": {"uv": [0, 1.5, 1, 2.5], "texture": "#0"},
				"up": {"uv": [1.25, 4.5, 3.5, 5.5], "texture": "#0"},
				"down": {"uv": [1.25, 4.5, 3.5, 5.5], "texture": "#0"}
			}
		},
		{
			"from": [5, 0, 6],
			"to": [11, 1, 10],
			"rotation": {"angle": 0, "axis": "y", "origin": [13, 8, 14]},
			"faces": {
				"north": {"uv": [1.5, 4.25, 3, 4.5], "texture": "#0"},
				"east": {"uv": [0, 4.25, 1, 4.5], "texture": "#0"},
				"south": {"uv": [4, 4.25, 5.5, 4.5], "texture": "#0"},
				"west": {"uv": [0, 4.25, 1, 4.5], "texture": "#0"},
				"up": {"uv": [0, 0, 0, 0], "texture": "#0"},
				"down": {"uv": [1.5, 4.5, 3, 5.5], "texture": "#0"}
			}
		},
		{
			"from": [5, 13, 6],
			"to": [11, 14, 10],
			"rotation": {"angle": 0, "axis": "y", "origin": [13, 21, 14]},
			"faces": {
				"north": {"uv": [1.5, 1, 3, 1.25], "texture": "#0"},
				"east": {"uv": [0, 1, 1, 1.25], "texture": "#0"},
				"south": {"uv": [4, 1, 5.5, 1.25], "texture": "#0"},
				"west": {"uv": [0, 1, 1, 1.25], "texture": "#0"},
				"up": {"uv": [1.5, 4.5, 3, 5.5], "texture": "#0"},
				"down": {"uv": [0, 0, 0, 0], "texture": "#0"}
			}
		},
		{
			"name": "g",
			"from": [6.75, 5, 5.9],
			"to": [7, 20, 5.9],
			"rotation": {"angle": 0, "axis": "y", "origin": [16.25, 13, 14]},
			"faces": {
				"north": {"uv": [9, 0.75, 9.25, 5.5], "texture": "#0"},
				"east": {"uv": [0, 0, 0, 16], "texture": "#0"},
				"south": {"uv": [9, 0.75, 9.25, 5.5], "texture": "#0"},
				"west": {"uv": [0, 0, 0, 16], "texture": "#0"},
				"up": {"uv": [0, 0, 0.25, 0], "texture": "#0"},
				"down": {"uv": [0, 0, 0.25, 0], "texture": "#0"}
			}
		},
		{
			"name": "d",
			"from": [7.5, 5, 5.9],
			"to": [7.75, 20, 5.9],
			"rotation": {"angle": 0, "axis": "y", "origin": [18, 13, 14]},
			"faces": {
				"north": {"uv": [9.5, 0.75, 9.75, 5.5], "texture": "#0"},
				"east": {"uv": [0, 0, 0, 16], "texture": "#0"},
				"south": {"uv": [9.5, 0.75, 9.75, 5.5], "texture": "#0"},
				"west": {"uv": [0, 0, 0, 16], "texture": "#0"},
				"up": {"uv": [0, 0, 0.25, 0], "texture": "#0"},
				"down": {"uv": [0, 0, 0.25, 0], "texture": "#0"}
			}
		},
		{
			"name": "a",
			"from": [8.25, 5, 5.9],
			"to": [8.5, 20, 5.9],
			"rotation": {"angle": 0, "axis": "y", "origin": [19.25, 13, 14]},
			"faces": {
				"north": {"uv": [9.25, 0.75, 9.5, 5.5], "texture": "#0"},
				"east": {"uv": [0, 0, 0, 16], "texture": "#0"},
				"south": {"uv": [9.75, 0.75, 10, 5.5], "texture": "#0"},
				"west": {"uv": [0, 0, 0, 16], "texture": "#0"},
				"up": {"uv": [0, 0, 0.25, 0], "texture": "#0"},
				"down": {"uv": [0, 0, 0.25, 0], "texture": "#0"}
			}
		},
		{
			"name": "e",
			"from": [9, 5, 5.9],
			"to": [9.25, 20, 5.9],
			"rotation": {"angle": 0, "axis": "y", "origin": [20.5, 13, 14]},
			"faces": {
				"north": {"uv": [10, 0.75, 10.25, 5.5], "texture": "#0"},
				"east": {"uv": [0, 0, 0, 16], "texture": "#0"},
				"south": {"uv": [10.25, 0.75, 10.5, 5.5], "texture": "#0"},
				"west": {"uv": [0, 0, 0, 16], "texture": "#0"},
				"up": {"uv": [0, 0, 0.25, 0], "texture": "#0"},
				"down": {"uv": [0, 0, 0.25, 0], "texture": "#0"}
			}
		},
		{
			"name": "bridge",
			"from": [6.375, 4, 5.5],
			"to": [9.625, 5, 6.5],
			"rotation": {"angle": 0, "axis": "y", "origin": [15.75, 12, 14]},
			"faces": {
				"north": {"uv": [3.5, 0, 3.75, 0.25], "texture": "#0"},
				"east": {"uv": [3.5, 0, 3.75, 0.25], "texture": "#0"},
				"south": {"uv": [3.5, 0, 3.75, 0.25], "texture": "#0"},
				"west": {"uv": [3.5, 0, 3.75, 0.25], "texture": "#0"},
				"up": {"uv": [3.5, 0, 3.75, 0.25], "texture": "#0"},
				"down": {"uv": [3.5, 0, 3.75, 0.25], "texture": "#0"}
			}
		},
		{
			"name": "nut",
			"from": [6.6, 19.75, 5.85],
			"to": [9.4, 20.25, 6.35],
			"rotation": {"angle": 0, "axis": "y", "origin": [16, 27.75, 14.25]},
			"faces": {
				"north": {"uv": [3.5, 0, 3.75, 0.25], "texture": "#0"},
				"east": {"uv": [3.5, 0, 3.75, 0.25], "texture": "#0"},
				"south": {"uv": [3.5, 0, 3.75, 0.25], "texture": "#0"},
				"west": {"uv": [3.5, 0, 3.75, 0.25], "texture": "#0"},
				"up": {"uv": [3.5, 0, 3.75, 0.25], "texture": "#0"},
				"down": {"uv": [3.5, 0, 3.75, 0.25], "texture": "#0"}
			}
		},
		{
			"name": "neck",
			"from": [6.5, 14, 6],
			"to": [9.5, 20, 8],
			"rotation": {"angle": 0, "axis": "y", "origin": [15, 22, 14]},
			"faces": {
				"north": {"uv": [11, 3.25, 11.75, 5.5], "texture": "#0"},
				"east": {"uv": [10.5, 3.25, 11, 5.5], "texture": "#0"},
				"south": {"uv": [12.25, 3.25, 13, 5.5], "texture": "#0"},
				"west": {"uv": [11.75, 3.25, 12.25, 5.5], "texture": "#0"},
				"up": {"uv": [0, 0, 3, 2], "texture": "#0"},
				"down": {"uv": [0, 0, 3, 2], "texture": "#0"}
			}
		},
		{
			"name": "neck_extended",
			"from": [6.5, 12.5, 5.975],
			"to": [9.5, 14.5, 5.975],
			"rotation": {"angle": 0, "axis": "y", "origin": [15, 20, 14]},
			"faces": {
				"north": {"uv": [11, 3.25, 11.75, 3.5], "texture": "#0"},
				"east": {"uv": [11, 2.25, 11.75, 3.25], "texture": "#0"},
				"south": {"uv": [10.5, 2.25, 12, 3.25], "texture": "#0"},
				"west": {"uv": [11, 2.25, 11.75, 3.25], "texture": "#0"},
				"up": {"uv": [0, 0, 3, 2], "texture": "#0"},
				"down": {"uv": [0, 0, 3, 2], "texture": "#0"}
			}
		},
		{
			"name": "body_hole",
			"from": [6, 8, 5.9755],
			"to": [10, 12, 5.9755],
			"rotation": {"angle": 0, "axis": "y", "origin": [14.5, 16, 14]},
			"faces": {
				"north": {"uv": [6, 1, 7.5, 2.5], "texture": "#0"},
				"east": {"uv": [11, 2.25, 11.75, 3.25], "texture": "#0"},
				"south": {"uv": [10.5, 2.25, 12, 3.25], "texture": "#0"},
				"west": {"uv": [11, 2.25, 11.75, 3.25], "texture": "#0"},
				"up": {"uv": [0, 0, 3, 2], "texture": "#0"},
				"down": {"uv": [0, 0, 3, 2], "texture": "#0"}
			}
		},
		{
			"name": "neck_support",
			"from": [6.5, 14, 8],
			"to": [9.5, 15, 9],
			"rotation": {"angle": 0, "axis": "y", "origin": [15, 22, 16]},
			"faces": {
				"north": {"uv": [10.5, 5.25, 10.75, 5.5], "texture": "#0"},
				"east": {"uv": [10.5, 5.25, 10.75, 5.5], "texture": "#0"},
				"south": {"uv": [10.5, 5.25, 10.75, 5.5], "texture": "#0"},
				"west": {"uv": [10.5, 5.25, 10.75, 5.5], "texture": "#0"},
				"up": {"uv": [10.5, 5.25, 10.75, 5.5], "texture": "#0"},
				"down": {"uv": [10.5, 5.25, 10.75, 5.5], "texture": "#0"}
			}
		},
		{
			"name": "head",
			"from": [6, 20, 6],
			"to": [10, 25, 8],
			"rotation": {"angle": 0, "axis": "y", "origin": [15, 28, 14]},
			"faces": {
				"north": {"uv": [12.5, 0.5, 13.5, 1.75], "texture": "#0"},
				"east": {"uv": [12, 0.5, 12.5, 1.75], "texture": "#0"},
				"south": {"uv": [11, 0.5, 12, 1.75], "texture": "#0"},
				"west": {"uv": [10.5, 0.5, 11, 1.75], "texture": "#0"},
				"up": {"uv": [11, 0, 12, 0.5], "texture": "#0"},
				"down": {"uv": [11, 1.75, 12, 2.25], "texture": "#0"}
			}
		},
		{
			"from": [5, 23, 6.5],
			"to": [6, 24, 7],
			"rotation": {"angle": 22.5, "axis": "x", "origin": [6, 23.5, 7]},
			"faces": {
				"north": {"uv": [3.5, 0.25, 3.75, 0.5], "texture": "#0"},
				"east": {"uv": [3.5, 0.25, 3.75, 0.5], "texture": "#0"},
				"south": {"uv": [3.5, 0.25, 3.75, 0.5], "texture": "#0"},
				"west": {"uv": [3.5, 0.25, 3.75, 0.5], "texture": "#0"},
				"up": {"uv": [3.5, 0.25, 3.75, 0.5], "texture": "#0"},
				"down": {"uv": [3.5, 0.25, 3.75, 0.5], "texture": "#0"}
			}
		},
		{
			"from": [6.625, 21.25, 5.75],
			"to": [7.375, 22, 6.75],
			"rotation": {"angle": 0, "axis": "y", "origin": [15.25, 29.25, 14.25]},
			"faces": {
				"north": {"uv": [3.5, 0.25, 3.75, 0.5], "texture": "#0"},
				"east": {"uv": [3.5, 0.25, 3.75, 0.5], "texture": "#0"},
				"south": {"uv": [3.5, 0.25, 3.75, 0.5], "texture": "#0"},
				"west": {"uv": [3.5, 0.25, 3.75, 0.5], "texture": "#0"},
				"up": {"uv": [3.5, 0.25, 3.75, 0.5], "texture": "#0"},
				"down": {"uv": [3.5, 0.25, 3.75, 0.5], "texture": "#0"}
			}
		},
		{
			"from": [6.625, 23.25, 5.75],
			"to": [7.375, 24, 6.75],
			"rotation": {"angle": 0, "axis": "y", "origin": [15.25, 30.75, 14.25]},
			"faces": {
				"north": {"uv": [3.5, 0.25, 3.75, 0.5], "texture": "#0"},
				"east": {"uv": [3.5, 0.25, 3.75, 0.5], "texture": "#0"},
				"south": {"uv": [3.5, 0.25, 3.75, 0.5], "texture": "#0"},
				"west": {"uv": [3.5, 0.25, 3.75, 0.5], "texture": "#0"},
				"up": {"uv": [3.5, 0.25, 3.75, 0.5], "texture": "#0"},
				"down": {"uv": [3.5, 0.25, 3.75, 0.5], "texture": "#0"}
			}
		},
		{
			"from": [8.625, 21.25, 5.75],
			"to": [9.375, 22, 6.75],
			"rotation": {"angle": 0, "axis": "y", "origin": [17.25, 29.75, 14.25]},
			"faces": {
				"north": {"uv": [3.5, 0.25, 3.75, 0.5], "texture": "#0"},
				"east": {"uv": [3.5, 0.25, 3.75, 0.5], "texture": "#0"},
				"south": {"uv": [3.5, 0.25, 3.75, 0.5], "texture": "#0"},
				"west": {"uv": [3.5, 0.25, 3.75, 0.5], "texture": "#0"},
				"up": {"uv": [3.5, 0.25, 3.75, 0.5], "texture": "#0"},
				"down": {"uv": [3.5, 0.25, 3.75, 0.5], "texture": "#0"}
			}
		},
		{
			"from": [8.625, 23.25, 5.75],
			"to": [9.375, 24, 6.75],
			"rotation": {"angle": 0, "axis": "y", "origin": [17.25, 31.25, 14.25]},
			"faces": {
				"north": {"uv": [3.5, 0.25, 3.75, 0.5], "texture": "#0"},
				"east": {"uv": [3.5, 0.25, 3.75, 0.5], "texture": "#0"},
				"south": {"uv": [3.5, 0.25, 3.75, 0.5], "texture": "#0"},
				"west": {"uv": [3.5, 0.25, 3.75, 0.5], "texture": "#0"},
				"up": {"uv": [3.5, 0.25, 3.75, 0.5], "texture": "#0"},
				"down": {"uv": [3.5, 0.25, 3.75, 0.5], "texture": "#0"}
			}
		},
		{
			"from": [5, 21, 6.5],
			"to": [6, 22, 7],
			"rotation": {"angle": 22.5, "axis": "x", "origin": [6, 21.5, 7]},
			"faces": {
				"north": {"uv": [3.5, 0.25, 3.75, 0.5], "texture": "#0"},
				"east": {"uv": [3.5, 0.25, 3.75, 0.5], "texture": "#0"},
				"south": {"uv": [3.5, 0.25, 3.75, 0.5], "texture": "#0"},
				"west": {"uv": [3.5, 0.25, 3.75, 0.5], "texture": "#0"},
				"up": {"uv": [3.5, 0.25, 3.75, 0.5], "texture": "#0"},
				"down": {"uv": [3.5, 0.25, 3.75, 0.5], "texture": "#0"}
			}
		},
		{
			"from": [10, 21, 6.5],
			"to": [11, 22, 7],
			"rotation": {"angle": 22.5, "axis": "x", "origin": [10, 21.5, 7]},
			"faces": {
				"north": {"uv": [3.5, 0.25, 3.75, 0.5], "texture": "#0"},
				"east": {"uv": [3.5, 0.25, 3.75, 0.5], "texture": "#0"},
				"south": {"uv": [3.5, 0.25, 3.75, 0.5], "texture": "#0"},
				"west": {"uv": [3.5, 0.25, 3.75, 0.5], "texture": "#0"},
				"up": {"uv": [3.5, 0.25, 3.75, 0.5], "texture": "#0"},
				"down": {"uv": [3.5, 0.25, 3.75, 0.5], "texture": "#0"}
			}
		},
		{
			"from": [10, 23, 6.5],
			"to": [11, 24, 7],
			"rotation": {"angle": 22.5, "axis": "x", "origin": [10, 23.5, 7]},
			"faces": {
				"north": {"uv": [3.5, 0.25, 3.75, 0.5], "texture": "#0"},
				"east": {"uv": [3.5, 0.25, 3.75, 0.5], "texture": "#0"},
				"south": {"uv": [3.5, 0.25, 3.75, 0.5], "texture": "#0"},
				"west": {"uv": [3.5, 0.25, 3.75, 0.5], "texture": "#0"},
				"up": {"uv": [3.5, 0.25, 3.75, 0.5], "texture": "#0"},
				"down": {"uv": [3.5, 0.25, 3.75, 0.5], "texture": "#0"}
			}
		}
	],
	"display": {
		"thirdperson_righthand": {
			"rotation": [84, -3, 55],
			"translation": [-3.75, -1, 0.5],
			"scale": [0.7, 0.7, 0.7]
		},
		"thirdperson_lefthand": {
			"rotation": [84, -3, 55],
			"translation": [-3.75, -1, 0.5],
			"scale": [0.7, 0.7, 0.7]
		},
		"firstperson_righthand": {
			"rotation": [30, -1, 55],
			"translation": [-4.5, -1, 1.5],
			"scale": [0.75, 0.75, 0.75]
		},
		"firstperson_lefthand": {
			"rotation": [30, -1, 55],
			"translation": [-4.5, -1, 1.5],
			"scale": [0.75, 0.75, 0.75]
		},
		"ground": {
			"translation": [0, 2, 0],
			"scale": [0.6, 0.6, 0.6]
		},
		"gui": {
			"rotation": [-31, 153, 38],
			"translation": [-0.75, -1.5, 0],
			"scale": [0.48, 0.48, 0.48]
		},
		"head": {
			"rotation": [21, 17, 47],
			"translation": [0, 9.75, 0],
			"scale": [0.9, 0.9, 0.9]
		},
		"fixed": {
			"translation": [0, -2.25, 0],
			"scale": [0.5, 0.5, 0.5]
		}
	},
	"groups": [
		{
			"name": "guitar_body",
			"origin": [12, 25, 14],
			"children": [0, 1, 2, 3, 4, 5, 6,
				{
					"name": "strings",
					"origin": [15, 15, 14],
					"children": [7, 8, 9, 10]
				}, 11, 12,
				{
					"name": "neck",
					"origin": [8, 8, 8],
					"children": [13, 14, 15, 16, 17,
						{
							"name": "tuning_pegs",
							"origin": [8, 8, 8],
							"children": [18, 19, 20, 21, 22, 23, 24, 25]
						}
					]
				}
			]
		}
	]
}