{
	"credit": "Made with Blockbench",
	"textures": {
		"1": "dee_instruments/bowed_string/bowed_string_white"
	},
	"elements": [
		{
			"from": [4, 0, 6],
			"to": [12, 1, 11],
			"rotation": {"angle": 0, "axis": "y", "origin": [12, 8, 14]},
			"faces": {
				"north": {"uv": [3.5, 11.5, 7.5, 12], "texture": "#1"},
				"east": {"uv": [0, 11.5, 2.5, 12], "texture": "#1"},
				"south": {"uv": [3.5, 11.5, 7.5, 12], "texture": "#1"},
				"west": {"uv": [0, 11.5, 2.5, 12], "texture": "#1"},
				"up": {"uv": [0, 0, 0, 0], "texture": "#1"},
				"down": {"uv": [3.5, 0, 7.5, 2.5], "texture": "#1"}
			}
		},
		{
			"from": [3, 1, 6],
			"to": [13, 2, 11],
			"rotation": {"angle": 0, "axis": "y", "origin": [11, 9, 14]},
			"faces": {
				"north": {"uv": [3, 11, 8, 11.5], "texture": "#1"},
				"east": {"uv": [0, 11, 2.5, 11.5], "texture": "#1"},
				"south": {"uv": [3, 11, 8, 11.5], "texture": "#1"},
				"west": {"uv": [0, 11, 2.5, 11.5], "texture": "#1"},
				"up": {"uv": [0, 0, 0, 0], "texture": "#1"},
				"down": {"uv": [3, 0, 8, 2.5], "texture": "#1"}
			}
		},
		{
			"from": [2, 2, 6],
			"to": [14, 8, 11],
			"rotation": {"angle": 0, "axis": "y", "origin": [10, 10, 14]},
			"faces": {
				"north": {"uv": [2.5, 8, 8.5, 11], "texture": "#1"},
				"east": {"uv": [0, 8, 2.5, 11], "texture": "#1"},
				"south": {"uv": [2.5, 8, 8.5, 11], "texture": "#1"},
				"west": {"uv": [0, 8, 2.5, 11], "texture": "#1"},
				"up": {"uv": [2.5, 0, 8.5, 2.5], "texture": "#1"},
				"down": {"uv": [2.5, 0, 8.5, 2.5], "texture": "#1"}
			}
		},
		{
			"from": [3.5, 8, 6],
			"to": [12.5, 11, 11],
			"rotation": {"angle": 0, "axis": "y", "origin": [11.5, 16, 14]},
			"faces": {
				"north": {"uv": [3, 6.5, 7.5, 8], "texture": "#1"},
				"east": {"uv": [0, 6.5, 2.5, 8], "texture": "#1"},
				"south": {"uv": [3, 6.5, 7.5, 8], "texture": "#1"},
				"west": {"uv": [0, 6.5, 2.5, 8], "texture": "#1"},
				"up": {"uv": [1.25, 0, 3.75, 1], "texture": "#1"},
				"down": {"uv": [0, 0, 0, 0], "texture": "#1"}
			}
		},
		{
			"from": [2.5, 11, 6],
			"to": [13.5, 14, 11],
			"rotation": {"angle": 0, "axis": "y", "origin": [10.5, 19, 14]},
			"faces": {
				"north": {"uv": [2.5, 5, 8, 6.5], "texture": "#1"},
				"east": {"uv": [0, 5, 2.5, 6.5], "texture": "#1"},
				"south": {"uv": [2.5, 5, 8, 6.5], "texture": "#1"},
				"west": {"uv": [0, 5, 2.5, 6.5], "texture": "#1"},
				"up": {"uv": [2.5, 0, 8, 2.5], "texture": "#1"},
				"down": {"uv": [2.5, 0, 8, 2.5], "texture": "#1"}
			}
		},
		{
			"from": [3.5, 14, 6],
			"to": [12.5, 16, 11],
			"rotation": {"angle": 0, "axis": "y", "origin": [11.5, 22, 14]},
			"faces": {
				"north": {"uv": [3, 4, 7.5, 5], "texture": "#1"},
				"east": {"uv": [0, 4, 2.5, 5], "texture": "#1"},
				"south": {"uv": [3, 4, 7.5, 5], "texture": "#1"},
				"west": {"uv": [0, 4, 2.5, 5], "texture": "#1"},
				"up": {"uv": [3, 0, 7.5, 2.5], "texture": "#1"},
				"down": {"uv": [0, 0, 0, 0], "texture": "#1"}
			}
		},
		{
			"from": [4.5, 16, 6],
			"to": [11.5, 17, 11],
			"rotation": {"angle": 0, "axis": "y", "origin": [12.5, 24, 14]},
			"faces": {
				"north": {"uv": [3.5, 3.5, 7, 4], "texture": "#1"},
				"east": {"uv": [0, 3.5, 2.5, 4], "texture": "#1"},
				"south": {"uv": [3.5, 3.5, 7, 4], "texture": "#1"},
				"west": {"uv": [0, 3.5, 2.5, 4], "texture": "#1"},
				"up": {"uv": [3.5, 0, 7, 2.5], "texture": "#1"},
				"down": {"uv": [0, 0, 0, 0], "texture": "#1"}
			}
		},
		{
			"from": [5.5, 17, 6],
			"to": [10.5, 18, 11],
			"rotation": {"angle": 0, "axis": "y", "origin": [13.5, 25, 14]},
			"faces": {
				"north": {"uv": [4, 3, 6.5, 3.5], "texture": "#1"},
				"east": {"uv": [0, 3, 2.5, 3.5], "texture": "#1"},
				"south": {"uv": [4, 3, 6.5, 3.5], "texture": "#1"},
				"west": {"uv": [0, 3, 2.5, 3.5], "texture": "#1"},
				"up": {"uv": [4, 0, 6.5, 2.5], "texture": "#1"},
				"down": {"uv": [0, 0, 0, 0], "texture": "#1"}
			}
		},
		{
			"name": "b",
			"from": [6.9, 8.75, 1.9],
			"to": [7.1, 28.75, 1.9],
			"rotation": {"angle": 22.5, "axis": "x", "origin": [8, 8.75, 2]},
			"faces": {
				"north": {"uv": [10, 4, 10.5, 12.5], "texture": "#1"},
				"east": {"uv": [0, 0, 0, 16], "texture": "#1"},
				"south": {"uv": [10, 4, 10.5, 12.5], "texture": "#1"},
				"west": {"uv": [0, 0, 0, 16], "texture": "#1"},
				"up": {"uv": [0, 0, 0.25, 0], "texture": "#1"},
				"down": {"uv": [0, 0, 0.25, 0], "texture": "#1"}
			}
		},
		{
			"name": "g",
			"from": [7.5667, 8.75, 1.9],
			"to": [7.7667, 28.75, 1.9],
			"rotation": {"angle": 22.5, "axis": "x", "origin": [8, 8.75, 2]},
			"faces": {
				"north": {"uv": [9.5, 4, 10, 12.5], "texture": "#1"},
				"east": {"uv": [0, 0, 0, 16], "texture": "#1"},
				"south": {"uv": [9.5, 4, 10, 12.5], "texture": "#1"},
				"west": {"uv": [0, 0, 0, 16], "texture": "#1"},
				"up": {"uv": [0, 0, 0.25, 0], "texture": "#1"},
				"down": {"uv": [0, 0, 0.25, 0], "texture": "#1"}
			}
		},
		{
			"name": "a",
			"from": [8.2333, 8.75, 1.9],
			"to": [8.4333, 28.75, 1.9],
			"rotation": {"angle": 22.5, "axis": "x", "origin": [8, 8.75, 2]},
			"faces": {
				"north": {"uv": [9, 4, 9.5, 12.5], "texture": "#1"},
				"east": {"uv": [0, 0, 0, 16], "texture": "#1"},
				"south": {"uv": [9, 4, 9.5, 12.5], "texture": "#1"},
				"west": {"uv": [0, 0, 0, 16], "texture": "#1"},
				"up": {"uv": [0, 0, 0.25, 0], "texture": "#1"},
				"down": {"uv": [0, 0, 0.25, 0], "texture": "#1"}
			}
		},
		{
			"name": "a",
			"from": [8.9, 8.75, 1.9],
			"to": [9.1, 28.75, 1.9],
			"rotation": {"angle": 22.5, "axis": "x", "origin": [8, 8.75, 2]},
			"faces": {
				"north": {"uv": [8.5, 4, 9, 12.5], "texture": "#1"},
				"east": {"uv": [0, 0, 0, 16], "texture": "#1"},
				"south": {"uv": [8.5, 4, 9, 12.5], "texture": "#1"},
				"west": {"uv": [0, 0, 0, 16], "texture": "#1"},
				"up": {"uv": [0, 0, 0.25, 0], "texture": "#1"},
				"down": {"uv": [0, 0, 0.25, 0], "texture": "#1"}
			}
		},
		{
			"name": "b",
			"from": [6.9, 8.1, 1.9],
			"to": [7.1, 8.8, 1.9],
			"rotation": {"angle": 0, "axis": "x", "origin": [8, 8.25, 2]},
			"faces": {
				"north": {"uv": [10, 12.5, 10.5, 13], "texture": "#1"},
				"east": {"uv": [0, 0, 0, 16], "texture": "#1"},
				"south": {"uv": [10, 12.5, 10.5, 13], "texture": "#1"},
				"west": {"uv": [0, 0, 0, 16], "texture": "#1"},
				"up": {"uv": [0, 0, 0.25, 0], "texture": "#1"},
				"down": {"uv": [0, 0, 0.25, 0], "texture": "#1"}
			}
		},
		{
			"name": "g",
			"from": [7.5667, 8.1, 1.9],
			"to": [7.7667, 8.8, 1.9],
			"rotation": {"angle": 0, "axis": "x", "origin": [8, 8.25, 2]},
			"faces": {
				"north": {"uv": [9.5, 12.5, 10, 13], "texture": "#1"},
				"east": {"uv": [0, 0, 0, 16], "texture": "#1"},
				"south": {"uv": [9.5, 12.5, 10, 13], "texture": "#1"},
				"west": {"uv": [0, 0, 0, 16], "texture": "#1"},
				"up": {"uv": [0, 0, 0.25, 0], "texture": "#1"},
				"down": {"uv": [0, 0, 0.25, 0], "texture": "#1"}
			}
		},
		{
			"name": "a",
			"from": [8.2333, 8.1, 1.9],
			"to": [8.4333, 8.8, 1.9],
			"rotation": {"angle": 0, "axis": "x", "origin": [8, 8.25, 2]},
			"faces": {
				"north": {"uv": [9, 12.5, 9.5, 13], "texture": "#1"},
				"east": {"uv": [0, 0, 0, 16], "texture": "#1"},
				"south": {"uv": [9, 12.5, 9.5, 13], "texture": "#1"},
				"west": {"uv": [0, 0, 0, 16], "texture": "#1"},
				"up": {"uv": [0, 0, 0.25, 0], "texture": "#1"},
				"down": {"uv": [0, 0, 0.25, 0], "texture": "#1"}
			}
		},
		{
			"name": "a",
			"from": [8.9, 8.1, 1.9],
			"to": [9.1, 8.8, 1.9],
			"rotation": {"angle": 0, "axis": "x", "origin": [8, 8.25, 2]},
			"faces": {
				"north": {"uv": [8.5, 12.5, 9, 13], "texture": "#1"},
				"east": {"uv": [0, 0, 0, 16], "texture": "#1"},
				"south": {"uv": [8.5, 12.5, 9, 13], "texture": "#1"},
				"west": {"uv": [0, 0, 0, 16], "texture": "#1"},
				"up": {"uv": [0, 0, 0.25, 0], "texture": "#1"},
				"down": {"uv": [0, 0, 0.25, 0], "texture": "#1"}
			}
		},
		{
			"name": "b",
			"from": [6.9, 4.15, 3.51],
			"to": [7.1, 8.45, 3.51],
			"rotation": {"angle": -22.5, "axis": "x", "origin": [8, 4.25, 3.5]},
			"faces": {
				"north": {"uv": [10, 13, 10.5, 15], "texture": "#1"},
				"east": {"uv": [0, 0, 0, 16], "texture": "#1"},
				"south": {"uv": [10, 13, 10.5, 15], "texture": "#1"},
				"west": {"uv": [0, 0, 0, 16], "texture": "#1"},
				"up": {"uv": [0, 0, 0.25, 0], "texture": "#1"},
				"down": {"uv": [0, 0, 0.25, 0], "texture": "#1"}
			}
		},
		{
			"name": "g",
			"from": [7.5667, 4.15, 3.51],
			"to": [7.7667, 8.45, 3.51],
			"rotation": {"angle": -22.5, "axis": "x", "origin": [8, 4.25, 3.5]},
			"faces": {
				"north": {"uv": [9.5, 13, 10, 15], "texture": "#1"},
				"east": {"uv": [0, 0, 0, 16], "texture": "#1"},
				"south": {"uv": [9.5, 13, 10, 15], "texture": "#1"},
				"west": {"uv": [0, 0, 0, 16], "texture": "#1"},
				"up": {"uv": [0, 0, 0.25, 0], "texture": "#1"},
				"down": {"uv": [0, 0, 0.25, 0], "texture": "#1"}
			}
		},
		{
			"name": "a",
			"from": [8.2333, 4.15, 3.51],
			"to": [8.4333, 8.45, 3.51],
			"rotation": {"angle": -22.5, "axis": "x", "origin": [8, 4.25, 3.5]},
			"faces": {
				"north": {"uv": [9, 13, 9.5, 15], "texture": "#1"},
				"east": {"uv": [0, 0, 0, 16], "texture": "#1"},
				"south": {"uv": [9, 13, 9.5, 15], "texture": "#1"},
				"west": {"uv": [0, 0, 0, 16], "texture": "#1"},
				"up": {"uv": [0, 0, 0.25, 0], "texture": "#1"},
				"down": {"uv": [0, 0, 0.25, 0], "texture": "#1"}
			}
		},
		{
			"name": "a",
			"from": [8.9, 4.15, 3.51],
			"to": [9.1, 8.45, 3.51],
			"rotation": {"angle": -22.5, "axis": "x", "origin": [8, 4.25, 3.5]},
			"faces": {
				"north": {"uv": [8.5, 13, 9, 15], "texture": "#1"},
				"east": {"uv": [0, 0, 0, 16], "texture": "#1"},
				"south": {"uv": [8.5, 13, 9, 15], "texture": "#1"},
				"west": {"uv": [0, 0, 0, 16], "texture": "#1"},
				"up": {"uv": [0, 0, 0.25, 0], "texture": "#1"},
				"down": {"uv": [0, 0, 0.25, 0], "texture": "#1"}
			}
		},
		{
			"name": "bridge_front",
			"from": [6.45, 8.2, 1.91],
			"to": [9.55, 8.8, 2.91],
			"rotation": {"angle": 0, "axis": "y", "origin": [16, 16.25, 10.5]},
			"faces": {
				"north": {"uv": [12.5, 2, 13, 2.5], "texture": "#1"},
				"east": {"uv": [12.5, 2, 13, 2.5], "texture": "#1"},
				"south": {"uv": [12.5, 2, 13, 2.5], "texture": "#1"},
				"west": {"uv": [12.5, 2, 13, 2.5], "texture": "#1"},
				"up": {"uv": [12.5, 2, 13, 2.5], "texture": "#1"},
				"down": {"uv": [12.5, 2, 13, 2.5], "texture": "#1"}
			}
		},
		{
			"name": "bridge_mid_1",
			"from": [6.5, 8.25, 2.9],
			"to": [7.5, 8.75, 6.9],
			"rotation": {"angle": 0, "axis": "y", "origin": [16, 16.25, 11.5]},
			"faces": {
				"north": {"uv": [12.5, 2, 13, 2.5], "texture": "#1"},
				"east": {"uv": [12.5, 2, 13, 2.5], "texture": "#1"},
				"south": {"uv": [12.5, 2, 13, 2.5], "texture": "#1"},
				"west": {"uv": [12.5, 2, 13, 2.5], "texture": "#1"},
				"up": {"uv": [12.5, 2, 13, 2.5], "texture": "#1"},
				"down": {"uv": [12.5, 2, 13, 2.5], "texture": "#1"}
			}
		},
		{
			"name": "bridge_mid_1",
			"from": [8.5, 8.25, 2.9],
			"to": [9.5, 8.75, 6.9],
			"rotation": {"angle": 0, "axis": "y", "origin": [18, 16.25, 11.5]},
			"faces": {
				"north": {"uv": [12.5, 2, 13, 2.5], "texture": "#1"},
				"east": {"uv": [12.5, 2, 13, 2.5], "texture": "#1"},
				"south": {"uv": [12.5, 2, 13, 2.5], "texture": "#1"},
				"west": {"uv": [12.5, 2, 13, 2.5], "texture": "#1"},
				"up": {"uv": [12.5, 2, 13, 2.5], "texture": "#1"},
				"down": {"uv": [12.5, 2, 13, 2.5], "texture": "#1"}
			}
		},
		{
			"name": "tail_underside",
			"from": [7, -0.25, 5.4],
			"to": [9, 0, 8],
			"rotation": {"angle": 0, "axis": "y", "origin": [17, 7.75, 14]},
			"faces": {
				"north": {"uv": [13.5, 1.5, 14, 2], "texture": "#1"},
				"east": {"uv": [13.5, 1.5, 14, 2], "texture": "#1"},
				"south": {"uv": [13.5, 1.5, 14, 2], "texture": "#1"},
				"west": {"uv": [13.5, 1.5, 14, 2], "texture": "#1"},
				"up": {"uv": [13.5, 1.5, 14, 2], "texture": "#1"},
				"down": {"uv": [13.5, 1.5, 14, 2], "texture": "#1"}
			}
		},
		{
			"name": "tail",
			"from": [7, 0, 5.4],
			"to": [9, 4.5, 5.645],
			"rotation": {"angle": -22.5, "axis": "x", "origin": [8, 0, 6]},
			"faces": {
				"north": {"uv": [13.5, 1.5, 14, 2], "texture": "#1"},
				"east": {"uv": [13.5, 1.5, 14, 2], "texture": "#1"},
				"south": {"uv": [13.5, 1.5, 14, 2], "texture": "#1"},
				"west": {"uv": [13.5, 1.5, 14, 2], "texture": "#1"},
				"up": {"uv": [13.5, 1.5, 14, 2], "texture": "#1"},
				"down": {"uv": [13.5, 1.5, 14, 2], "texture": "#1"}
			}
		},
		{
			"name": "tail_head",
			"from": [6.75, 4.15, 5.45],
			"to": [9.25, 5.25, 5.75],
			"rotation": {"angle": -22.5, "axis": "x", "origin": [8, -0.25, 6]},
			"faces": {
				"north": {"uv": [13.5, 1.5, 14, 2], "texture": "#1"},
				"east": {"uv": [13.5, 1.5, 14, 2], "texture": "#1"},
				"south": {"uv": [13.5, 1.5, 14, 2], "texture": "#1"},
				"west": {"uv": [13.5, 1.5, 14, 2], "texture": "#1"},
				"up": {"uv": [13.5, 1.5, 14, 2], "texture": "#1"},
				"down": {"uv": [13.5, 1.5, 14, 2], "texture": "#1"}
			}
		},
		{
			"name": "fhole1",
			"from": [10, 6.75, 5.999],
			"to": [11.5, 10.75, 5.999],
			"rotation": {"angle": 0, "axis": "z", "origin": [18, 14.75, 14]},
			"faces": {
				"north": {"uv": [8.5, 0, 10, 4], "texture": "#1"},
				"east": {"uv": [0, 0, 0, 0], "texture": "#1"},
				"south": {"uv": [0, 0, 0, 0], "texture": "#1"},
				"west": {"uv": [0, 0, 0, 0], "texture": "#1"},
				"up": {"uv": [0, 0, 0, 0], "texture": "#1"},
				"down": {"uv": [0, 0, 0, 0], "texture": "#1"}
			}
		},
		{
			"name": "fhole2",
			"from": [4.5, 6.75, 5.999],
			"to": [6, 10.75, 5.999],
			"rotation": {"angle": 0, "axis": "y", "origin": [12.5, 14.75, 14]},
			"faces": {
				"north": {"uv": [10, 0, 11.5, 4], "texture": "#1"},
				"east": {"uv": [0, 0, 0, 0], "texture": "#1"},
				"south": {"uv": [0, 0, 0, 0], "texture": "#1"},
				"west": {"uv": [0, 0, 0, 0], "texture": "#1"},
				"up": {"uv": [0, 0, 0, 0], "texture": "#1"},
				"down": {"uv": [0, 0, 0, 0], "texture": "#1"}
			}
		},
		{
			"name": "neck",
			"from": [6.75, 13.75, 8],
			"to": [9.25, 21.75, 9],
			"rotation": {"angle": 22.5, "axis": "x", "origin": [15.25, 21.75, 16]},
			"faces": {
				"north": {"uv": [13.5, 1, 15, 2], "texture": "#1"},
				"east": {"uv": [13.5, 0, 14.5, 1], "texture": "#1"},
				"south": {"uv": [13.5, 0, 14, 1], "texture": "#1"},
				"west": {"uv": [13, 0, 14, 1], "texture": "#1"},
				"up": {"uv": [12, 2.5, 12.5, 3.5], "texture": "#1"},
				"down": {"uv": [0, 0, 3, 2], "texture": "#1"}
			}
		},
		{
			"name": "neck_extended",
			"from": [6.75, 7.25, 5.3],
			"to": [9.25, 14.35, 5.8],
			"rotation": {"angle": 22.5, "axis": "x", "origin": [15.25, 15.25, 13.25]},
			"faces": {
				"north": {"uv": [13.5, 1, 15, 2], "texture": "#1"},
				"east": {"uv": [14.5, 1, 15, 2], "texture": "#1"},
				"south": {"uv": [14, 1, 14.5, 2], "texture": "#1"},
				"west": {"uv": [13.5, 1, 14, 2], "texture": "#1"},
				"up": {"uv": [0, 0, 3, 2], "texture": "#1"},
				"down": {"uv": [13.5, 1.5, 15, 2], "texture": "#1"}
			}
		},
		{
			"name": "neck_support",
			"from": [7.25, 18, 6],
			"to": [8.75, 19, 11],
			"rotation": {"angle": 0, "axis": "x", "origin": [15.75, 26, 14]},
			"faces": {
				"north": {"uv": [0, 0, 0.5, 0.5], "texture": "#1"},
				"east": {"uv": [13.5, 0, 16, 1], "texture": "#1"},
				"south": {"uv": [5, 2.5, 5.5, 3], "texture": "#1"},
				"west": {"uv": [11.5, 0, 14, 1], "texture": "#1"},
				"up": {"uv": [11.5, 1, 12.5, 3.5], "texture": "#1"},
				"down": {"uv": [10.5, 5.25, 10.75, 5.5], "texture": "#1"}
			}
		},
		{
			"name": "head",
			"from": [6.5, 21, 11],
			"to": [9.5, 25, 12.5],
			"rotation": {"angle": 22.5, "axis": "x", "origin": [15.5, 29, 19]},
			"faces": {
				"north": {"uv": [13, 2, 15.5, 3], "texture": "#1"},
				"east": {"uv": [13.5, 0.5, 14.5, 1], "texture": "#1"},
				"south": {"uv": [12, 3, 12.5, 3.5], "texture": "#1"},
				"west": {"uv": [13, 0.5, 14, 1], "texture": "#1"},
				"up": {"uv": [11, 0, 12, 0.5], "texture": "#1"},
				"down": {"uv": [8, 0, 8.5, 1], "texture": "#1"}
			}
		},
		{
			"name": "peg_base_lower",
			"from": [6.45, 21.25, 11.25],
			"to": [9.55, 21.85, 11.85],
			"rotation": {"angle": 22.5, "axis": "x", "origin": [15.5, 29.25, 19.25]},
			"faces": {
				"north": {"uv": [12.5, 2.5, 13, 3], "texture": "#1"},
				"east": {"uv": [12.5, 2.5, 13, 3], "texture": "#1"},
				"south": {"uv": [12.5, 2.5, 13, 3], "texture": "#1"},
				"west": {"uv": [12.5, 2.5, 13, 3], "texture": "#1"},
				"up": {"uv": [12.5, 3, 13, 3.5], "texture": "#1"},
				"down": {"uv": [12.5, 3, 13, 3.5], "texture": "#1"}
			}
		},
		{
			"name": "peg_base_upper",
			"from": [6.45, 22.3, 11.65],
			"to": [9.55, 22.9, 12.25],
			"rotation": {"angle": 22.5, "axis": "x", "origin": [15.5, 30.25, 19.75]},
			"faces": {
				"north": {"uv": [12.5, 2.5, 13, 3], "texture": "#1"},
				"east": {"uv": [12.5, 2.5, 13, 3], "texture": "#1"},
				"south": {"uv": [12.5, 2.5, 13, 3], "texture": "#1"},
				"west": {"uv": [12.5, 2.5, 13, 3], "texture": "#1"},
				"up": {"uv": [12.5, 3, 13, 3.5], "texture": "#1"},
				"down": {"uv": [12.5, 3, 13, 3.5], "texture": "#1"}
			}
		},
		{
			"name": "pegs_upper",
			"from": [6.45, 22.35, 11.9],
			"to": [9.55, 22.6, 13.65],
			"rotation": {"angle": 22.5, "axis": "x", "origin": [15.5, 30.25, 20]},
			"faces": {
				"north": {"uv": [12.5, 3, 13, 3.5], "texture": "#1"},
				"east": {"uv": [12.5, 2.5, 13, 3], "texture": "#1"},
				"south": {"uv": [12.5, 3, 13, 3.5], "texture": "#1"},
				"west": {"uv": [12.5, 2.5, 13, 3], "texture": "#1"},
				"up": {"uv": [12.5, 3, 13, 3.5], "texture": "#1"},
				"down": {"uv": [12.5, 3, 13, 3.5], "texture": "#1"}
			}
		},
		{
			"name": "pegs_lower",
			"from": [6.45, 21.3, 11.5],
			"to": [9.55, 21.55, 13.25],
			"rotation": {"angle": 22.5, "axis": "x", "origin": [15.5, 29.25, 19.5]},
			"faces": {
				"north": {"uv": [12.5, 3, 13, 3.5], "texture": "#1"},
				"east": {"uv": [12.5, 2.5, 13, 3], "texture": "#1"},
				"south": {"uv": [12.5, 3, 13, 3.5], "texture": "#1"},
				"west": {"uv": [12.5, 2.5, 13, 3], "texture": "#1"},
				"up": {"uv": [12.5, 3, 13, 3.5], "texture": "#1"},
				"down": {"uv": [12.5, 3, 13, 3.5], "texture": "#1"}
			}
		},
		{
			"name": "peg_head_upper",
			"from": [6.45, 21.6, 13.15],
			"to": [9.55, 22.35, 13.65],
			"rotation": {"angle": 22.5, "axis": "x", "origin": [15.5, 29.5, 21.25]},
			"faces": {
				"north": {"uv": [12.5, 3, 13, 3.5], "texture": "#1"},
				"east": {"uv": [12.5, 2.5, 13, 3], "texture": "#1"},
				"south": {"uv": [12.5, 3, 13, 3.5], "texture": "#1"},
				"west": {"uv": [12.5, 2.5, 13, 3], "texture": "#1"},
				"up": {"uv": [12.5, 3, 13, 3.5], "texture": "#1"},
				"down": {"uv": [12.5, 3, 13, 3.5], "texture": "#1"}
			}
		},
		{
			"name": "peg_head_lower",
			"from": [6.45, 20.55, 12.75],
			"to": [9.55, 21.3, 13.25],
			"rotation": {"angle": 22.5, "axis": "x", "origin": [15.5, 28.5, 20.75]},
			"faces": {
				"north": {"uv": [12.5, 3, 13, 3.5], "texture": "#1"},
				"east": {"uv": [12.5, 2.5, 13, 3], "texture": "#1"},
				"south": {"uv": [12.5, 3, 13, 3.5], "texture": "#1"},
				"west": {"uv": [12.5, 2.5, 13, 3], "texture": "#1"},
				"up": {"uv": [12.5, 3, 13, 3.5], "texture": "#1"},
				"down": {"uv": [12.5, 3, 13, 3.5], "texture": "#1"}
			}
		},
		{
			"name": "swirl",
			"from": [6.45, 24.5, 9.75],
			"to": [9.55, 28.5, 13.75],
			"rotation": {"angle": 22.5, "axis": "x", "origin": [15.5, 32.5, 17.75]},
			"faces": {
				"north": {"uv": [12.5, 4, 14, 6], "texture": "#1"},
				"east": {"uv": [14, 4, 16, 6], "texture": "#1"},
				"south": {"uv": [13, 4, 13.5, 6], "texture": "#1"},
				"west": {"uv": [10.5, 4, 12.5, 6], "texture": "#1"},
				"up": {"uv": [12.5, 4, 14, 6], "texture": "#1"},
				"down": {"uv": [12.5, 4, 14, 6], "texture": "#1"}
			}
		}
	],
	"display": {
		"thirdperson_righthand": {
			"rotation": [70, -4, 4.5],
			"translation": [2, -1, -3],
			"scale": [1.2, 1.2, 1.2]
		},
		"thirdperson_lefthand": {
			"rotation": [70, -4, 4.5],
			"translation": [2, -1, -3],
			"scale": [1.2, 1.2, 1.2]
		},
		"firstperson_righthand": {
			"rotation": [20, 10, 5],
			"translation": [-3, -1.5, 1.5],
			"scale": [0.75, 0.75, 0.75]
		},
		"firstperson_lefthand": {
			"rotation": [20, 10, 5],
			"translation": [-3, -1.5, 1.5],
			"scale": [0.75, 0.75, 0.75]
		},
		"ground": {
			"translation": [0, 3.25, 0],
			"scale": [0.7, 0.7, 0.7]
		},
		"gui": {
			"rotation": [-30, 150, 40],
			"translation": [-1.25, -2, 0],
			"scale": [0.5, 0.5, 0.5]
		},
		"head": {
			"rotation": [21, 17, 47],
			"translation": [0, 14.5, 2.5],
			"scale": [1.4, 1.4, 1.4]
		},
		"fixed": {
			"translation": [0, -3.75, -1],
			"scale": [0.5, 0.5, 0.5]
		}
	},
	"groups": [
		{
			"name": "bass_body",
			"origin": [12, 25, 14],
			"children": [0, 1, 2, 3, 4, 5, 6, 7,
				{
					"name": "strings",
					"origin": [15, 15, 14],
					"children": [
						{
							"name": "upper_portion",
							"origin": [15, 15, 14],
							"children": [8, 9, 10, 11]
						},
						{
							"name": "mid_portion",
							"origin": [15, 15, 14],
							"children": [12, 13, 14, 15]
						},
						{
							"name": "lower_portion",
							"origin": [15, 15, 14],
							"children": [16, 17, 18, 19]
						}
					]
				},
				{
					"name": "bridge",
					"origin": [16, 16.25, 10.5],
					"children": [20, 21, 22]
				}, 23, 24, 25, 26, 27,
				{
					"name": "neck",
					"origin": [8, 8, 8],
					"children": [28, 29, 30, 31,
						{
							"name": "pegs",
							"origin": [15.5, 29, 19],
							"children": [32, 33, 34, 35, 36, 37]
						}, 38,
						{
							"name": "tuning_pegs",
							"origin": [8, 8, 8],
							"children": []
						}
					]
				}
			]
		}
	]
}