{
	"credit": "Created by Oran9eUtan",
	"textures": {
		"0": "item/hats/halloween/wiggly_ghast",
		"1": "item/hats/halloween/wiggly_ghast_tentacles",
		"particle": "item/hats/halloween/wiggly_ghast"
	},
	"elements": [
		{
			"name": "ghast_head",
			"from": [0, 0, 0],
			"to": [16, 16, 16],
			"faces": {
				"north": {"uv": [4, 0, 8, 4], "texture": "#0", "cullface": "north"},
				"east": {"uv": [0, 8, 4, 4], "rotation": 270, "texture": "#0", "cullface": "east"},
				"south": {"uv": [12, 4, 16, 8], "texture": "#0", "cullface": "south"},
				"west": {"uv": [12, 4, 8, 8], "rotation": 270, "texture": "#0", "cullface": "west"},
				"up": {"uv": [4, 4, 8, 8], "texture": "#0", "cullface": "up"},
				"down": {"uv": [8, 0, 12, 4], "texture": "#0", "cullface": "down"}
			}
		},
		{
			"name": "f1_r1_left",
			"from": [10.75, -7.5, 2.25],
			"to": [12.75, 2.5, 4.25],
			"rotation": {"angle": 45, "axis": "x", "origin": [11.75, 0, 3.25]},
			"faces": {
				"north": {"uv": [1, 1, 2, 6], "texture": "#1", "cullface": "down"},
				"east": {"uv": [0, 1, 1, 6], "texture": "#1"},
				"south": {"uv": [3, 1, 4, 6], "texture": "#1", "cullface": "down"},
				"west": {"uv": [2, 1, 3, 6], "texture": "#1"},
				"down": {"uv": [2, 0, 3, 1], "texture": "#1", "cullface": "down"}
			}
		},
		{
			"name": "f1_r1_middle",
			"from": [5.75, -10, 2.25],
			"to": [7.75, 2, 4.25],
			"rotation": {"angle": 45, "axis": "x", "origin": [6.75, 0, 3.25]},
			"faces": {
				"north": {"uv": [1, 1, 2, 6], "texture": "#1", "cullface": "down"},
				"east": {"uv": [0, 1, 1, 6], "texture": "#1", "cullface": "down"},
				"south": {"uv": [3, 1, 4, 6], "texture": "#1", "cullface": "down"},
				"west": {"uv": [2, 1, 3, 6], "texture": "#1", "cullface": "down"},
				"down": {"uv": [2, 0, 3, 1], "texture": "#1", "cullface": "down"}
			}
		},
		{
			"name": "f1_r1_right",
			"from": [1.25, -8, 2.25],
			"to": [3.25, 2, 4.25],
			"rotation": {"angle": -45, "axis": "z", "origin": [2.25, 0, 3.25]},
			"faces": {
				"north": {"uv": [1, 1, 2, 6], "texture": "#1", "cullface": "down"},
				"east": {"uv": [0, 1, 1, 6], "texture": "#1", "cullface": "down"},
				"south": {"uv": [3, 1, 4, 6], "texture": "#1", "cullface": "down"},
				"west": {"uv": [2, 1, 3, 6], "texture": "#1", "cullface": "down"},
				"down": {"uv": [2, 0, 3, 1], "texture": "#1", "cullface": "west"}
			}
		},
		{
			"name": "f1_r2_left",
			"from": [13.25, -9, 7.25],
			"to": [15.25, 2, 9.25],
			"rotation": {"angle": 22.5, "axis": "z", "origin": [14.25, 0, 8.25]},
			"faces": {
				"north": {"uv": [1, 1, 2, 6], "texture": "#1", "cullface": "down"},
				"east": {"uv": [0, 1, 1, 6], "texture": "#1", "cullface": "down"},
				"south": {"uv": [3, 1, 4, 6], "texture": "#1", "cullface": "down"},
				"west": {"uv": [2, 1, 3, 6], "texture": "#1", "cullface": "down"},
				"down": {"uv": [2, 0, 3, 1], "texture": "#1", "cullface": "down"}
			}
		},
		{
			"name": "f1_r2_middle",
			"from": [8.25, -9, 7.25],
			"to": [10.25, 2, 9.25],
			"rotation": {"angle": -45, "axis": "z", "origin": [9.25, 0, 8.25]},
			"faces": {
				"north": {"uv": [1, 1, 2, 6], "texture": "#1", "cullface": "down"},
				"east": {"uv": [0, 1, 1, 6], "texture": "#1", "cullface": "down"},
				"south": {"uv": [3, 1, 4, 6], "texture": "#1", "cullface": "down"},
				"west": {"uv": [2, 1, 3, 6], "texture": "#1", "cullface": "down"},
				"down": {"uv": [2, 0, 3, 1], "texture": "#1", "cullface": "down"}
			}
		},
		{
			"name": "f1_r2_right",
			"from": [3.5, -8, 7.25],
			"to": [5.5, 2, 9.25],
			"rotation": {"angle": -45, "axis": "x", "origin": [4.5, 0, 8.25]},
			"faces": {
				"north": {"uv": [1, 1, 2, 6], "texture": "#1", "cullface": "down"},
				"east": {"uv": [0, 1, 1, 6], "texture": "#1", "cullface": "down"},
				"south": {"uv": [3, 1, 4, 6], "texture": "#1", "cullface": "down"},
				"west": {"uv": [2, 1, 3, 6], "texture": "#1", "cullface": "down"},
				"down": {"uv": [2, 0, 3, 1], "texture": "#1", "cullface": "down"}
			}
		},
		{
			"name": "f1_r3_left",
			"from": [10.75, -10, 12.25],
			"to": [12.75, 2, 14.25],
			"rotation": {"angle": 22.5, "axis": "z", "origin": [11.75, 0, 13.25]},
			"faces": {
				"north": {"uv": [1, 1, 2, 6], "texture": "#1", "cullface": "down"},
				"east": {"uv": [0, 1, 1, 6], "texture": "#1", "cullface": "down"},
				"south": {"uv": [3, 1, 4, 6], "texture": "#1", "cullface": "down"},
				"west": {"uv": [2, 1, 3, 6], "texture": "#1", "cullface": "down"},
				"down": {"uv": [2, 0, 3, 1], "texture": "#1", "cullface": "down"}
			}
		},
		{
			"name": "f1_r3_middle",
			"from": [5.75, -8, 12.25],
			"to": [7.75, 2, 14.25],
			"rotation": {"angle": -45, "axis": "x", "origin": [6.75, 0, 13.25]},
			"faces": {
				"north": {"uv": [1, 1, 2, 6], "texture": "#1", "cullface": "down"},
				"east": {"uv": [0, 1, 1, 6], "texture": "#1", "cullface": "down"},
				"south": {"uv": [3, 1, 4, 6], "texture": "#1", "cullface": "down"},
				"west": {"uv": [2, 1, 3, 6], "texture": "#1", "cullface": "down"},
				"down": {"uv": [2, 0, 3, 1], "texture": "#1", "cullface": "down"}
			}
		},
		{
			"name": "f1_r3_right",
			"from": [1.25, -10, 12.25],
			"to": [3.25, 2, 14.25],
			"rotation": {"angle": -22.5, "axis": "z", "origin": [2.25, 0, 13.25]},
			"faces": {
				"north": {"uv": [1, 1, 2, 6], "texture": "#1", "cullface": "down"},
				"east": {"uv": [0, 1, 1, 6], "texture": "#1", "cullface": "down"},
				"south": {"uv": [3, 1, 4, 6], "texture": "#1", "cullface": "down"},
				"west": {"uv": [2, 1, 3, 6], "texture": "#1", "cullface": "down"},
				"down": {"uv": [2, 0, 3, 1], "texture": "#1", "cullface": "west"}
			}
		},
		{
			"name": "f2_r1_left",
			"from": [10.75, -7.5, 2.25],
			"to": [12.75, 2.5, 4.25],
			"rotation": {"angle": 22.5, "axis": "x", "origin": [11.75, 0, 3.25]},
			"faces": {
				"north": {"uv": [5, 1, 6, 6], "texture": "#1", "cullface": "down"},
				"east": {"uv": [4, 1, 5, 6], "texture": "#1"},
				"south": {"uv": [7, 1, 8, 6], "texture": "#1", "cullface": "down"},
				"west": {"uv": [6, 1, 7, 6], "texture": "#1"},
				"down": {"uv": [6, 0, 7, 1], "texture": "#1", "cullface": "down"}
			}
		},
		{
			"name": "f2_r1_middle",
			"from": [5.75, -10, 2.25],
			"to": [7.75, 2, 4.25],
			"rotation": {"angle": 0, "axis": "x", "origin": [6.75, 0, 3.25]},
			"faces": {
				"north": {"uv": [5, 1, 6, 6], "texture": "#1", "cullface": "down"},
				"east": {"uv": [4, 1, 5, 6], "texture": "#1", "cullface": "down"},
				"south": {"uv": [7, 1, 8, 6], "texture": "#1", "cullface": "down"},
				"west": {"uv": [6, 1, 7, 6], "texture": "#1", "cullface": "down"},
				"down": {"uv": [6, 0, 7, 1], "texture": "#1", "cullface": "down"}
			}
		},
		{
			"name": "f2_r1_right",
			"from": [1.25, -8, 2.25],
			"to": [3.25, 2, 4.25],
			"rotation": {"angle": -22.5, "axis": "z", "origin": [2.25, 0, 3.25]},
			"faces": {
				"north": {"uv": [5, 1, 6, 6], "texture": "#1", "cullface": "down"},
				"east": {"uv": [4, 1, 5, 6], "texture": "#1", "cullface": "down"},
				"south": {"uv": [7, 1, 8, 6], "texture": "#1", "cullface": "down"},
				"west": {"uv": [6, 1, 7, 6], "texture": "#1", "cullface": "down"},
				"down": {"uv": [6, 0, 7, 1], "texture": "#1", "cullface": "west"}
			}
		},
		{
			"name": "f2_r2_left",
			"from": [13.25, -9, 7.25],
			"to": [15.25, 2, 9.25],
			"rotation": {"angle": 0, "axis": "z", "origin": [14.25, 0, 8.25]},
			"faces": {
				"north": {"uv": [5, 1, 6, 6], "texture": "#1", "cullface": "down"},
				"east": {"uv": [4, 1, 5, 6], "texture": "#1", "cullface": "down"},
				"south": {"uv": [7, 1, 8, 6], "texture": "#1", "cullface": "down"},
				"west": {"uv": [6, 1, 7, 6], "texture": "#1", "cullface": "down"},
				"down": {"uv": [6, 0, 7, 1], "texture": "#1", "cullface": "down"}
			}
		},
		{
			"name": "f2_r2_middle",
			"from": [8.25, -9, 7.25],
			"to": [10.25, 2, 9.25],
			"rotation": {"angle": -22.5, "axis": "z", "origin": [9.25, 0, 8.25]},
			"faces": {
				"north": {"uv": [5, 1, 6, 6], "texture": "#1", "cullface": "down"},
				"east": {"uv": [4, 1, 5, 6], "texture": "#1", "cullface": "down"},
				"south": {"uv": [7, 1, 8, 6], "texture": "#1", "cullface": "down"},
				"west": {"uv": [6, 1, 7, 6], "texture": "#1", "cullface": "down"},
				"down": {"uv": [6, 0, 7, 1], "texture": "#1", "cullface": "down"}
			}
		},
		{
			"name": "f2_r2_right",
			"from": [3.5, -8, 7.25],
			"to": [5.5, 2, 9.25],
			"rotation": {"angle": -22.5, "axis": "x", "origin": [4.5, 0, 8.25]},
			"faces": {
				"north": {"uv": [5, 1, 6, 6], "texture": "#1", "cullface": "down"},
				"east": {"uv": [4, 1, 5, 6], "texture": "#1", "cullface": "down"},
				"south": {"uv": [7, 1, 8, 6], "texture": "#1", "cullface": "down"},
				"west": {"uv": [6, 1, 7, 6], "texture": "#1", "cullface": "down"},
				"down": {"uv": [6, 0, 7, 1], "texture": "#1", "cullface": "down"}
			}
		},
		{
			"name": "f2_r3_left",
			"from": [10.75, -10, 12.25],
			"to": [12.75, 2, 14.25],
			"rotation": {"angle": 0, "axis": "z", "origin": [11.75, 0, 13.25]},
			"faces": {
				"north": {"uv": [5, 1, 6, 6], "texture": "#1", "cullface": "down"},
				"east": {"uv": [4, 1, 5, 6], "texture": "#1", "cullface": "down"},
				"south": {"uv": [7, 1, 8, 6], "texture": "#1", "cullface": "down"},
				"west": {"uv": [6, 1, 7, 6], "texture": "#1", "cullface": "down"},
				"down": {"uv": [6, 0, 7, 1], "texture": "#1", "cullface": "down"}
			}
		},
		{
			"name": "f2_r3_middle",
			"from": [5.75, -8, 12.25],
			"to": [7.75, 2, 14.25],
			"rotation": {"angle": -22.5, "axis": "x", "origin": [6.75, 0, 13.25]},
			"faces": {
				"north": {"uv": [5, 1, 6, 6], "texture": "#1", "cullface": "down"},
				"east": {"uv": [4, 1, 5, 6], "texture": "#1", "cullface": "down"},
				"south": {"uv": [7, 1, 8, 6], "texture": "#1", "cullface": "down"},
				"west": {"uv": [6, 1, 7, 6], "texture": "#1", "cullface": "down"},
				"down": {"uv": [6, 0, 7, 1], "texture": "#1", "cullface": "down"}
			}
		},
		{
			"name": "f2_r3_right",
			"from": [1.25, -10, 12.25],
			"to": [3.25, 2, 14.25],
			"rotation": {"angle": 0, "axis": "z", "origin": [2.25, 0, 13.25]},
			"faces": {
				"north": {"uv": [5, 1, 6, 6], "texture": "#1", "cullface": "down"},
				"east": {"uv": [4, 1, 5, 6], "texture": "#1", "cullface": "down"},
				"south": {"uv": [7, 1, 8, 6], "texture": "#1", "cullface": "down"},
				"west": {"uv": [6, 1, 7, 6], "texture": "#1", "cullface": "down"},
				"down": {"uv": [6, 0, 7, 1], "texture": "#1", "cullface": "west"}
			}
		},
		{
			"name": "f3_r1_left",
			"from": [10.75, -7.5, 2.25],
			"to": [12.75, 2.5, 4.25],
			"rotation": {"angle": -22.5, "axis": "x", "origin": [11.75, 0, 3.25]},
			"faces": {
				"north": {"uv": [9, 1, 10, 6], "texture": "#1", "cullface": "down"},
				"east": {"uv": [8, 1, 9, 6], "texture": "#1"},
				"south": {"uv": [11, 1, 12, 6], "texture": "#1", "cullface": "down"},
				"west": {"uv": [10, 1, 11, 6], "texture": "#1"},
				"down": {"uv": [10, 0, 11, 1], "texture": "#1", "cullface": "down"}
			}
		},
		{
			"name": "f3_r1_middle",
			"from": [5.75, -10, 2.25],
			"to": [7.75, 2, 4.25],
			"rotation": {"angle": -22.5, "axis": "x", "origin": [6.75, 0, 3.25]},
			"faces": {
				"north": {"uv": [9, 1, 10, 6], "texture": "#1", "cullface": "down"},
				"east": {"uv": [8, 1, 9, 6], "texture": "#1", "cullface": "down"},
				"south": {"uv": [11, 1, 12, 6], "texture": "#1", "cullface": "down"},
				"west": {"uv": [10, 1, 11, 6], "texture": "#1", "cullface": "down"},
				"down": {"uv": [10, 0, 11, 1], "texture": "#1", "cullface": "down"}
			}
		},
		{
			"name": "f3_r1_right",
			"from": [1.25, -8, 2.25],
			"to": [3.25, 2, 4.25],
			"rotation": {"angle": 22.5, "axis": "z", "origin": [2.25, 0, 3.25]},
			"faces": {
				"north": {"uv": [11, 1, 12, 6], "texture": "#1", "cullface": "down"},
				"east": {"uv": [8, 1, 9, 6], "texture": "#1", "cullface": "down"},
				"south": {"uv": [11, 1, 12, 6], "texture": "#1", "cullface": "down"},
				"west": {"uv": [10, 1, 11, 6], "texture": "#1", "cullface": "down"},
				"down": {"uv": [10, 0, 11, 1], "texture": "#1", "cullface": "west"}
			}
		},
		{
			"name": "f3_r2_left",
			"from": [13.25, -9, 7.25],
			"to": [15.25, 2, 9.25],
			"rotation": {"angle": -22.5, "axis": "z", "origin": [14.25, 0, 8.25]},
			"faces": {
				"north": {"uv": [9, 1, 10, 6], "texture": "#1", "cullface": "down"},
				"east": {"uv": [8, 1, 9, 6], "texture": "#1", "cullface": "down"},
				"south": {"uv": [11, 1, 12, 6], "texture": "#1", "cullface": "down"},
				"west": {"uv": [10, 1, 11, 6], "texture": "#1", "cullface": "down"},
				"down": {"uv": [10, 0, 11, 1], "texture": "#1", "cullface": "down"}
			}
		},
		{
			"name": "f3_r2_middle",
			"from": [8.25, -9, 7.25],
			"to": [10.25, 2, 9.25],
			"rotation": {"angle": 0, "axis": "z", "origin": [9.25, 0, 8.25]},
			"faces": {
				"north": {"uv": [9, 1, 10, 6], "texture": "#1", "cullface": "down"},
				"east": {"uv": [8, 1, 9, 6], "texture": "#1", "cullface": "down"},
				"south": {"uv": [11, 1, 12, 6], "texture": "#1", "cullface": "down"},
				"west": {"uv": [10, 1, 11, 6], "texture": "#1", "cullface": "down"},
				"down": {"uv": [10, 0, 11, 1], "texture": "#1", "cullface": "down"}
			}
		},
		{
			"name": "f3_r2_right",
			"from": [3.5, -8, 7.25],
			"to": [5.5, 2, 9.25],
			"rotation": {"angle": 0, "axis": "x", "origin": [4.5, 0, 8.25]},
			"faces": {
				"north": {"uv": [9, 1, 10, 6], "texture": "#1", "cullface": "down"},
				"east": {"uv": [8, 1, 9, 6], "texture": "#1", "cullface": "down"},
				"south": {"uv": [11, 1, 12, 6], "texture": "#1", "cullface": "down"},
				"west": {"uv": [10, 1, 11, 6], "texture": "#1", "cullface": "down"},
				"down": {"uv": [10, 0, 11, 1], "texture": "#1", "cullface": "down"}
			}
		},
		{
			"name": "f3_r3_left",
			"from": [10.75, -10, 12.25],
			"to": [12.75, 2, 14.25],
			"rotation": {"angle": -22.5, "axis": "z", "origin": [11.75, 0, 13.25]},
			"faces": {
				"north": {"uv": [9, 1, 10, 6], "texture": "#1", "cullface": "down"},
				"east": {"uv": [8, 1, 9, 6], "texture": "#1", "cullface": "down"},
				"south": {"uv": [11, 1, 12, 6], "texture": "#1", "cullface": "down"},
				"west": {"uv": [10, 1, 11, 6], "texture": "#1", "cullface": "down"},
				"down": {"uv": [10, 0, 11, 1], "texture": "#1", "cullface": "down"}
			}
		},
		{
			"name": "f3_r3_middle",
			"from": [5.75, -8, 12.25],
			"to": [7.75, 2, 14.25],
			"rotation": {"angle": 22.5, "axis": "x", "origin": [6.75, 0, 13.25]},
			"faces": {
				"north": {"uv": [9, 1, 10, 6], "texture": "#1", "cullface": "down"},
				"east": {"uv": [8, 1, 9, 6], "texture": "#1", "cullface": "down"},
				"south": {"uv": [11, 1, 12, 6], "texture": "#1", "cullface": "down"},
				"west": {"uv": [10, 1, 11, 6], "texture": "#1", "cullface": "down"},
				"down": {"uv": [10, 0, 11, 1], "texture": "#1", "cullface": "down"}
			}
		},
		{
			"name": "f3_r3_right",
			"from": [1.25, -10, 12.25],
			"to": [3.25, 2, 14.25],
			"rotation": {"angle": 22.5, "axis": "z", "origin": [2.25, 0, 13.25]},
			"faces": {
				"north": {"uv": [9, 1, 10, 6], "texture": "#1", "cullface": "down"},
				"east": {"uv": [8, 1, 9, 6], "texture": "#1", "cullface": "down"},
				"south": {"uv": [11, 1, 12, 6], "texture": "#1", "cullface": "down"},
				"west": {"uv": [10, 1, 11, 6], "texture": "#1", "cullface": "down"},
				"down": {"uv": [10, 0, 11, 1], "texture": "#1", "cullface": "west"}
			}
		}
	],
	"display": {
		"thirdperson_righthand": {
			"rotation": [-10, 180, 0],
			"scale": [0.38, 0.38, 0.38]
		},
		"thirdperson_lefthand": {
			"rotation": [-10, 180, 0],
			"scale": [0.38, 0.38, 0.38]
		},
		"firstperson_righthand": {
			"rotation": [-79, 180, -16],
			"translation": [1.75, 1.5, 2.25],
			"scale": [0.5, 0.5, 0.5]
		},
		"firstperson_lefthand": {
			"rotation": [-79, 180, -16],
			"translation": [1.75, 1.5, 2.25],
			"scale": [0.5, 0.5, 0.5]
		},
		"ground": {
			"rotation": [90, 0, 0],
			"translation": [-6, 2, 0],
			"scale": [0.2, 0.2, 0.2]
		},
		"gui": {
			"rotation": [101, 0, 61],
			"translation": [-1.75, 0, 0],
			"scale": [0.5, 0.5, 0.5]
		},
		"head": {
			"rotation": [90, 0, 180],
			"translation": [0, 0.5, 0]
		},
		"fixed": {
			"translation": [0, 2, -2.75],
			"scale": [0.5, 0.5, 0.5]
		}
	},
	"groups": [0,
		{
			"name": "tentacles",
			"origin": [8, 8, 8],
			"children": [
				{
					"name": "frame1",
					"origin": [8, 8, 8],
					"children": [1, 2, 3, 4, 5, 6, 7, 8, 9]
				},
				{
					"name": "frame2",
					"origin": [8, 8, 8],
					"children": [10, 11, 12, 13, 14, 15, 16, 17, 18]
				},
				{
					"name": "frame3",
					"origin": [8, 8, 8],
					"children": [19, 20, 21, 22, 23, 24, 25, 26, 27]
				}
			]
		}
	]
}