{
	"credit": "Made with Blockbench",
	"textures": {
		"0": "dee_instruments/gui/note_a",
		"1": "dee_instruments/gui/note_a_sharp",
		"2": "dee_instruments/gui/note_b",
		"3": "dee_instruments/gui/note_c",
		"4": "dee_instruments/gui/note_c_sharp",
		"5": "dee_instruments/gui/note_d",
		"6": "dee_instruments/gui/note_d_sharp",
		"7": "dee_instruments/gui/note_e",
		"8": "dee_instruments/gui/note_f",
		"9": "dee_instruments/gui/note_f_sharp",
		"10": "dee_instruments/gui/note_g",
		"11": "dee_instruments/gui/note_g_sharp",
		"particle": "dee_instruments/gui/note_a"
	},
	"elements": [
		{
			"name": "c",
			"from": [-2, 2.75, -13],
			"to": [1, 5.75, -13],
			"rotation": {"angle": -22.5, "axis": "x", "origin": [6, 10.75, -5]},
			"faces": {
				"north": {"uv": [0, 0, 1, 1], "texture": "#3"},
				"east": {"uv": [0, 0, 0, 1], "texture": "#3"},
				"south": {"uv": [0, 0, 16, 16], "texture": "#3"},
				"west": {"uv": [0, 0, 0, 1], "texture": "#3"},
				"up": {"uv": [0, 0, 1, 0], "texture": "#3"},
				"down": {"uv": [0, 0, 1, 0], "texture": "#3"}
			}
		},
		{
			"name": "c#",
			"from": [-0.5, 4.75, -13],
			"to": [2.5, 7.75, -13],
			"rotation": {"angle": -22.5, "axis": "x", "origin": [7.5, 12.75, -5]},
			"faces": {
				"north": {"uv": [0, 0, 1, 1], "texture": "#4"},
				"east": {"uv": [0, 0, 0, 1], "texture": "#4"},
				"south": {"uv": [0, 0, 16, 16], "texture": "#4"},
				"west": {"uv": [0, 0, 0, 1], "texture": "#4"},
				"up": {"uv": [0, 0, 1, 0], "texture": "#4"},
				"down": {"uv": [0, 0, 1, 0], "texture": "#4"}
			}
		},
		{
			"name": "d",
			"from": [1, 2.75, -13],
			"to": [4, 5.75, -13],
			"rotation": {"angle": -22.5, "axis": "x", "origin": [9, 10.75, -5]},
			"faces": {
				"north": {"uv": [0, 0, 1, 1], "texture": "#5"},
				"east": {"uv": [0, 0, 0, 1], "texture": "#5"},
				"south": {"uv": [0, 0, 16, 16], "texture": "#5"},
				"west": {"uv": [0, 0, 0, 1], "texture": "#5"},
				"up": {"uv": [0, 0, 1, 0], "texture": "#5"},
				"down": {"uv": [0, 0, 1, 0], "texture": "#5"}
			}
		},
		{
			"name": "d#",
			"from": [2.5, 4.75, -13],
			"to": [5.5, 7.75, -13],
			"rotation": {"angle": -22.5, "axis": "x", "origin": [10.5, 12.75, -5]},
			"faces": {
				"north": {"uv": [0, 0, 1, 1], "texture": "#6"},
				"east": {"uv": [0, 0, 0, 1], "texture": "#6"},
				"south": {"uv": [0, 0, 16, 16], "texture": "#6"},
				"west": {"uv": [0, 0, 0, 1], "texture": "#6"},
				"up": {"uv": [0, 0, 1, 0], "texture": "#6"},
				"down": {"uv": [0, 0, 1, 0], "texture": "#6"}
			}
		},
		{
			"name": "e",
			"from": [4, 2.75, -13],
			"to": [7, 5.75, -13],
			"rotation": {"angle": -22.5, "axis": "x", "origin": [12, 10.75, -5]},
			"faces": {
				"north": {"uv": [0, 0, 1, 1], "texture": "#7"},
				"east": {"uv": [0, 0, 0, 1], "texture": "#7"},
				"south": {"uv": [0, 0, 16, 16], "texture": "#7"},
				"west": {"uv": [0, 0, 0, 1], "texture": "#7"},
				"up": {"uv": [0, 0, 1, 0], "texture": "#7"},
				"down": {"uv": [0, 0, 1, 0], "texture": "#7"}
			}
		},
		{
			"name": "f",
			"from": [6.25, 2.75, -13],
			"to": [9.25, 5.75, -13],
			"rotation": {"angle": -22.5, "axis": "x", "origin": [14.25, 10.75, -5]},
			"faces": {
				"north": {"uv": [0, 0, 1, 1], "texture": "#8"},
				"east": {"uv": [0, 0, 0, 1], "texture": "#8"},
				"south": {"uv": [0, 0, 16, 16], "texture": "#8"},
				"west": {"uv": [0, 0, 0, 1], "texture": "#8"},
				"up": {"uv": [0, 0, 1, 0], "texture": "#8"},
				"down": {"uv": [0, 0, 1, 0], "texture": "#8"}
			}
		},
		{
			"name": "f#",
			"from": [7.75, 4.75, -13],
			"to": [10.75, 7.75, -13],
			"rotation": {"angle": -22.5, "axis": "x", "origin": [15.75, 12.75, -5]},
			"faces": {
				"north": {"uv": [0, 0, 1, 1], "texture": "#9"},
				"east": {"uv": [0, 0, 0, 1], "texture": "#9"},
				"south": {"uv": [0, 0, 16, 16], "texture": "#9"},
				"west": {"uv": [0, 0, 0, 1], "texture": "#9"},
				"up": {"uv": [0, 0, 1, 0], "texture": "#9"},
				"down": {"uv": [0, 0, 1, 0], "texture": "#9"}
			}
		},
		{
			"name": "g",
			"from": [9.25, 2.75, -13],
			"to": [12.25, 5.75, -13],
			"rotation": {"angle": -22.5, "axis": "x", "origin": [17.25, 10.75, -5]},
			"faces": {
				"north": {"uv": [0, 0, 1, 1], "texture": "#10"},
				"east": {"uv": [0, 0, 0, 1], "texture": "#10"},
				"south": {"uv": [0, 0, 16, 16], "texture": "#10"},
				"west": {"uv": [0, 0, 0, 1], "texture": "#10"},
				"up": {"uv": [0, 0, 1, 0], "texture": "#10"},
				"down": {"uv": [0, 0, 1, 0], "texture": "#10"}
			}
		},
		{
			"name": "g#",
			"from": [10.75, 4.75, -13],
			"to": [13.75, 7.75, -13],
			"rotation": {"angle": -22.5, "axis": "x", "origin": [18.75, 12.75, -5]},
			"faces": {
				"north": {"uv": [0, 0, 1, 1], "texture": "#11"},
				"east": {"uv": [0, 0, 0, 1], "texture": "#11"},
				"south": {"uv": [0, 0, 16, 16], "texture": "#11"},
				"west": {"uv": [0, 0, 0, 1], "texture": "#11"},
				"up": {"uv": [0, 0, 1, 0], "texture": "#11"},
				"down": {"uv": [0, 0, 1, 0], "texture": "#11"}
			}
		},
		{
			"name": "a",
			"from": [12.25, 2.75, -13],
			"to": [15.25, 5.75, -13],
			"rotation": {"angle": -22.5, "axis": "x", "origin": [20.25, 10.75, -5]},
			"faces": {
				"north": {"uv": [0, 0, 1, 1], "texture": "#0"},
				"east": {"uv": [0, 0, 0, 1], "texture": "#0"},
				"south": {"uv": [0, 0, 16, 16], "texture": "#0"},
				"west": {"uv": [0, 0, 0, 1], "texture": "#0"},
				"up": {"uv": [0, 0, 1, 0], "texture": "#0"},
				"down": {"uv": [0, 0, 1, 0], "texture": "#0"}
			}
		},
		{
			"name": "a#",
			"from": [13.75, 4.75, -13],
			"to": [16.75, 7.75, -13],
			"rotation": {"angle": -22.5, "axis": "x", "origin": [21.75, 12.75, -5]},
			"faces": {
				"north": {"uv": [0, 0, 1, 1], "texture": "#1"},
				"east": {"uv": [0, 0, 0, 1], "texture": "#1"},
				"south": {"uv": [0, 0, 16, 16], "texture": "#1"},
				"west": {"uv": [0, 0, 0, 1], "texture": "#1"},
				"up": {"uv": [0, 0, 1, 0], "texture": "#1"},
				"down": {"uv": [0, 0, 1, 0], "texture": "#1"}
			}
		},
		{
			"name": "b",
			"from": [15.25, 2.75, -13],
			"to": [18.25, 5.75, -13],
			"rotation": {"angle": -22.5, "axis": "x", "origin": [23.25, 10.75, -5]},
			"faces": {
				"north": {"uv": [0, 0, 1, 1], "texture": "#2"},
				"east": {"uv": [0, 0, 0, 1], "texture": "#2"},
				"south": {"uv": [0, 0, 16, 16], "texture": "#2"},
				"west": {"uv": [0, 0, 0, 1], "texture": "#2"},
				"up": {"uv": [0, 0, 1, 0], "texture": "#2"},
				"down": {"uv": [0, 0, 1, 0], "texture": "#2"}
			}
		},
		{
			"name": "c",
			"from": [-2, 7.5, -10.25],
			"to": [1, 10.5, -10.25],
			"rotation": {"angle": 0, "axis": "x", "origin": [6, 15.5, -2.25]},
			"faces": {
				"north": {"uv": [0, 0, 1, 1], "texture": "#3"},
				"east": {"uv": [0, 0, 0, 1], "texture": "#3"},
				"south": {"uv": [0, 0, 16, 16], "texture": "#3"},
				"west": {"uv": [0, 0, 0, 1], "texture": "#3"},
				"up": {"uv": [0, 0, 1, 0], "texture": "#3"},
				"down": {"uv": [0, 0, 1, 0], "texture": "#3"}
			}
		},
		{
			"name": "c#",
			"from": [-0.5, 9.5, -10.25],
			"to": [2.5, 12.5, -10.25],
			"rotation": {"angle": 0, "axis": "x", "origin": [7.5, 17.5, -2.25]},
			"faces": {
				"north": {"uv": [0, 0, 1, 1], "texture": "#4"},
				"east": {"uv": [0, 0, 0, 1], "texture": "#4"},
				"south": {"uv": [0, 0, 16, 16], "texture": "#4"},
				"west": {"uv": [0, 0, 0, 1], "texture": "#4"},
				"up": {"uv": [0, 0, 1, 0], "texture": "#4"},
				"down": {"uv": [0, 0, 1, 0], "texture": "#4"}
			}
		},
		{
			"name": "d",
			"from": [1, 7.5, -10.25],
			"to": [4, 10.5, -10.25],
			"rotation": {"angle": 0, "axis": "x", "origin": [9, 15.5, -2.25]},
			"faces": {
				"north": {"uv": [0, 0, 1, 1], "texture": "#5"},
				"east": {"uv": [0, 0, 0, 1], "texture": "#5"},
				"south": {"uv": [0, 0, 16, 16], "texture": "#5"},
				"west": {"uv": [0, 0, 0, 1], "texture": "#5"},
				"up": {"uv": [0, 0, 1, 0], "texture": "#5"},
				"down": {"uv": [0, 0, 1, 0], "texture": "#5"}
			}
		},
		{
			"name": "d#",
			"from": [2.5, 9.5, -10.25],
			"to": [5.5, 12.5, -10.25],
			"rotation": {"angle": 0, "axis": "x", "origin": [10.5, 17.5, -2.25]},
			"faces": {
				"north": {"uv": [0, 0, 1, 1], "texture": "#6"},
				"east": {"uv": [0, 0, 0, 1], "texture": "#6"},
				"south": {"uv": [0, 0, 16, 16], "texture": "#6"},
				"west": {"uv": [0, 0, 0, 1], "texture": "#6"},
				"up": {"uv": [0, 0, 1, 0], "texture": "#6"},
				"down": {"uv": [0, 0, 1, 0], "texture": "#6"}
			}
		},
		{
			"name": "e",
			"from": [4, 7.5, -10.25],
			"to": [7, 10.5, -10.25],
			"rotation": {"angle": 0, "axis": "x", "origin": [12, 15.5, -2.25]},
			"faces": {
				"north": {"uv": [0, 0, 1, 1], "texture": "#7"},
				"east": {"uv": [0, 0, 0, 1], "texture": "#7"},
				"south": {"uv": [0, 0, 16, 16], "texture": "#7"},
				"west": {"uv": [0, 0, 0, 1], "texture": "#7"},
				"up": {"uv": [0, 0, 1, 0], "texture": "#7"},
				"down": {"uv": [0, 0, 1, 0], "texture": "#7"}
			}
		},
		{
			"name": "f",
			"from": [6.25, 7.5, -10.25],
			"to": [9.25, 10.5, -10.25],
			"rotation": {"angle": 0, "axis": "x", "origin": [14.25, 15.5, -2.25]},
			"faces": {
				"north": {"uv": [0, 0, 1, 1], "texture": "#8"},
				"east": {"uv": [0, 0, 0, 1], "texture": "#8"},
				"south": {"uv": [0, 0, 16, 16], "texture": "#8"},
				"west": {"uv": [0, 0, 0, 1], "texture": "#8"},
				"up": {"uv": [0, 0, 1, 0], "texture": "#8"},
				"down": {"uv": [0, 0, 1, 0], "texture": "#8"}
			}
		},
		{
			"name": "f#",
			"from": [7.75, 9.5, -10.25],
			"to": [10.75, 12.5, -10.25],
			"rotation": {"angle": 0, "axis": "x", "origin": [15.75, 17.5, -2.25]},
			"faces": {
				"north": {"uv": [0, 0, 1, 1], "texture": "#9"},
				"east": {"uv": [0, 0, 0, 1], "texture": "#9"},
				"south": {"uv": [0, 0, 16, 16], "texture": "#9"},
				"west": {"uv": [0, 0, 0, 1], "texture": "#9"},
				"up": {"uv": [0, 0, 1, 0], "texture": "#9"},
				"down": {"uv": [0, 0, 1, 0], "texture": "#9"}
			}
		},
		{
			"name": "g",
			"from": [9.25, 7.5, -10.25],
			"to": [12.25, 10.5, -10.25],
			"rotation": {"angle": 0, "axis": "x", "origin": [17.25, 15.5, -2.25]},
			"faces": {
				"north": {"uv": [0, 0, 1, 1], "texture": "#10"},
				"east": {"uv": [0, 0, 0, 1], "texture": "#10"},
				"south": {"uv": [0, 0, 16, 16], "texture": "#10"},
				"west": {"uv": [0, 0, 0, 1], "texture": "#10"},
				"up": {"uv": [0, 0, 1, 0], "texture": "#10"},
				"down": {"uv": [0, 0, 1, 0], "texture": "#10"}
			}
		},
		{
			"name": "g#",
			"from": [10.75, 9.5, -10.25],
			"to": [13.75, 12.5, -10.25],
			"rotation": {"angle": 0, "axis": "x", "origin": [18.75, 17.5, -2.25]},
			"faces": {
				"north": {"uv": [0, 0, 1, 1], "texture": "#11"},
				"east": {"uv": [0, 0, 0, 1], "texture": "#11"},
				"south": {"uv": [0, 0, 16, 16], "texture": "#11"},
				"west": {"uv": [0, 0, 0, 1], "texture": "#11"},
				"up": {"uv": [0, 0, 1, 0], "texture": "#11"},
				"down": {"uv": [0, 0, 1, 0], "texture": "#11"}
			}
		},
		{
			"name": "a",
			"from": [12.25, 7.5, -10.25],
			"to": [15.25, 10.5, -10.25],
			"rotation": {"angle": 0, "axis": "x", "origin": [20.25, 15.5, -2.25]},
			"faces": {
				"north": {"uv": [0, 0, 1, 1], "texture": "#0"},
				"east": {"uv": [0, 0, 0, 1], "texture": "#0"},
				"south": {"uv": [0, 0, 16, 16], "texture": "#0"},
				"west": {"uv": [0, 0, 0, 1], "texture": "#0"},
				"up": {"uv": [0, 0, 1, 0], "texture": "#0"},
				"down": {"uv": [0, 0, 1, 0], "texture": "#0"}
			}
		},
		{
			"name": "a#",
			"from": [13.75, 9.5, -10.25],
			"to": [16.75, 12.5, -10.25],
			"rotation": {"angle": 0, "axis": "x", "origin": [21.75, 17.5, -2.25]},
			"faces": {
				"north": {"uv": [0, 0, 1, 1], "texture": "#1"},
				"east": {"uv": [0, 0, 0, 1], "texture": "#1"},
				"south": {"uv": [0, 0, 16, 16], "texture": "#1"},
				"west": {"uv": [0, 0, 0, 1], "texture": "#1"},
				"up": {"uv": [0, 0, 1, 0], "texture": "#1"},
				"down": {"uv": [0, 0, 1, 0], "texture": "#1"}
			}
		},
		{
			"name": "b",
			"from": [15.25, 7.5, -10.25],
			"to": [18.25, 10.5, -10.25],
			"rotation": {"angle": 0, "axis": "x", "origin": [23.25, 15.5, -2.25]},
			"faces": {
				"north": {"uv": [0, 0, 1, 1], "texture": "#2"},
				"east": {"uv": [0, 0, 0, 1], "texture": "#2"},
				"south": {"uv": [0, 0, 16, 16], "texture": "#2"},
				"west": {"uv": [0, 0, 0, 1], "texture": "#2"},
				"up": {"uv": [0, 0, 1, 0], "texture": "#2"},
				"down": {"uv": [0, 0, 1, 0], "texture": "#2"}
			}
		},
		{
			"name": "c",
			"from": [-2, 11.5, -7.75],
			"to": [1, 14.5, -7.75],
			"rotation": {"angle": 22.5, "axis": "x", "origin": [6, 19.5, 0.25]},
			"faces": {
				"north": {"uv": [0, 0, 1, 1], "texture": "#0"},
				"east": {"uv": [0, 0, 0, 1], "texture": "#0"},
				"south": {"uv": [0, 0, 16, 16], "texture": "#3"},
				"west": {"uv": [0, 0, 0, 1], "texture": "#0"},
				"up": {"uv": [0, 0, 1, 0], "texture": "#0"},
				"down": {"uv": [0, 0, 1, 0], "texture": "#0"}
			}
		},
		{
			"name": "c#",
			"from": [-0.5, 13.5, -7.75],
			"to": [2.5, 16.5, -7.75],
			"rotation": {"angle": 22.5, "axis": "x", "origin": [7.5, 21.5, 0.25]},
			"faces": {
				"north": {"uv": [0, 0, 1, 1], "texture": "#0"},
				"east": {"uv": [0, 0, 0, 1], "texture": "#0"},
				"south": {"uv": [0, 0, 16, 16], "texture": "#4"},
				"west": {"uv": [0, 0, 0, 1], "texture": "#0"},
				"up": {"uv": [0, 0, 1, 0], "texture": "#0"},
				"down": {"uv": [0, 0, 1, 0], "texture": "#0"}
			}
		},
		{
			"name": "d",
			"from": [1, 11.5, -7.75],
			"to": [4, 14.5, -7.75],
			"rotation": {"angle": 22.5, "axis": "x", "origin": [9, 19.5, 0.25]},
			"faces": {
				"north": {"uv": [0, 0, 1, 1], "texture": "#0"},
				"east": {"uv": [0, 0, 0, 1], "texture": "#0"},
				"south": {"uv": [0, 0, 16, 16], "texture": "#5"},
				"west": {"uv": [0, 0, 0, 1], "texture": "#0"},
				"up": {"uv": [0, 0, 1, 0], "texture": "#0"},
				"down": {"uv": [0, 0, 1, 0], "texture": "#0"}
			}
		},
		{
			"name": "d#",
			"from": [2.5, 13.5, -7.75],
			"to": [5.5, 16.5, -7.75],
			"rotation": {"angle": 22.5, "axis": "x", "origin": [10.5, 21.5, 0.25]},
			"faces": {
				"north": {"uv": [0, 0, 1, 1], "texture": "#0"},
				"east": {"uv": [0, 0, 0, 1], "texture": "#0"},
				"south": {"uv": [0, 0, 16, 16], "texture": "#6"},
				"west": {"uv": [0, 0, 0, 1], "texture": "#0"},
				"up": {"uv": [0, 0, 1, 0], "texture": "#0"},
				"down": {"uv": [0, 0, 1, 0], "texture": "#0"}
			}
		},
		{
			"name": "e",
			"from": [4, 11.5, -7.75],
			"to": [7, 14.5, -7.75],
			"rotation": {"angle": 22.5, "axis": "x", "origin": [12, 19.5, 0.25]},
			"faces": {
				"north": {"uv": [0, 0, 1, 1], "texture": "#0"},
				"east": {"uv": [0, 0, 0, 1], "texture": "#0"},
				"south": {"uv": [0, 0, 16, 16], "texture": "#7"},
				"west": {"uv": [0, 0, 0, 1], "texture": "#0"},
				"up": {"uv": [0, 0, 1, 0], "texture": "#0"},
				"down": {"uv": [0, 0, 1, 0], "texture": "#0"}
			}
		},
		{
			"name": "f",
			"from": [6.25, 11.5, -7.75],
			"to": [9.25, 14.5, -7.75],
			"rotation": {"angle": 22.5, "axis": "x", "origin": [14.25, 19.5, 0.25]},
			"faces": {
				"north": {"uv": [0, 0, 1, 1], "texture": "#8"},
				"east": {"uv": [0, 0, 0, 1], "texture": "#8"},
				"south": {"uv": [0, 0, 16, 16], "texture": "#8"},
				"west": {"uv": [0, 0, 0, 1], "texture": "#8"},
				"up": {"uv": [0, 0, 1, 0], "texture": "#8"},
				"down": {"uv": [0, 0, 1, 0], "texture": "#8"}
			}
		},
		{
			"name": "f#",
			"from": [7.75, 13.5, -7.75],
			"to": [10.75, 16.5, -7.75],
			"rotation": {"angle": 22.5, "axis": "x", "origin": [15.75, 21.5, 0.25]},
			"faces": {
				"north": {"uv": [0, 0, 1, 1], "texture": "#9"},
				"east": {"uv": [0, 0, 0, 1], "texture": "#9"},
				"south": {"uv": [0, 0, 16, 16], "texture": "#9"},
				"west": {"uv": [0, 0, 0, 1], "texture": "#9"},
				"up": {"uv": [0, 0, 1, 0], "texture": "#9"},
				"down": {"uv": [0, 0, 1, 0], "texture": "#9"}
			}
		},
		{
			"name": "g",
			"from": [9.25, 11.5, -7.75],
			"to": [12.25, 14.5, -7.75],
			"rotation": {"angle": 22.5, "axis": "x", "origin": [17.25, 19.5, 0.25]},
			"faces": {
				"north": {"uv": [0, 0, 1, 1], "texture": "#10"},
				"east": {"uv": [0, 0, 0, 1], "texture": "#10"},
				"south": {"uv": [0, 0, 16, 16], "texture": "#10"},
				"west": {"uv": [0, 0, 0, 1], "texture": "#10"},
				"up": {"uv": [0, 0, 1, 0], "texture": "#10"},
				"down": {"uv": [0, 0, 1, 0], "texture": "#10"}
			}
		},
		{
			"name": "g#",
			"from": [10.75, 13.5, -7.75],
			"to": [13.75, 16.5, -7.75],
			"rotation": {"angle": 22.5, "axis": "x", "origin": [18.75, 21.5, 0.25]},
			"faces": {
				"north": {"uv": [0, 0, 1, 1], "texture": "#11"},
				"east": {"uv": [0, 0, 0, 1], "texture": "#11"},
				"south": {"uv": [0, 0, 16, 16], "texture": "#11"},
				"west": {"uv": [0, 0, 0, 1], "texture": "#11"},
				"up": {"uv": [0, 0, 1, 0], "texture": "#11"},
				"down": {"uv": [0, 0, 1, 0], "texture": "#11"}
			}
		},
		{
			"name": "a",
			"from": [12.25, 11.5, -7.75],
			"to": [15.25, 14.5, -7.75],
			"rotation": {"angle": 22.5, "axis": "x", "origin": [20.25, 19.5, 0.25]},
			"faces": {
				"north": {"uv": [0, 0, 1, 1], "texture": "#0"},
				"east": {"uv": [0, 0, 0, 1], "texture": "#0"},
				"south": {"uv": [0, 0, 16, 16], "texture": "#0"},
				"west": {"uv": [0, 0, 0, 1], "texture": "#0"},
				"up": {"uv": [0, 0, 1, 0], "texture": "#0"},
				"down": {"uv": [0, 0, 1, 0], "texture": "#0"}
			}
		},
		{
			"name": "a#",
			"from": [13.75, 13.5, -7.75],
			"to": [16.75, 16.5, -7.75],
			"rotation": {"angle": 22.5, "axis": "x", "origin": [21.75, 21.5, 0.25]},
			"faces": {
				"north": {"uv": [0, 0, 1, 1], "texture": "#1"},
				"east": {"uv": [0, 0, 0, 1], "texture": "#1"},
				"south": {"uv": [0, 0, 16, 16], "texture": "#1"},
				"west": {"uv": [0, 0, 0, 1], "texture": "#1"},
				"up": {"uv": [0, 0, 1, 0], "texture": "#1"},
				"down": {"uv": [0, 0, 1, 0], "texture": "#1"}
			}
		},
		{
			"name": "b",
			"from": [15.25, 11.5, -7.75],
			"to": [18.25, 14.5, -7.75],
			"rotation": {"angle": 22.5, "axis": "x", "origin": [23.25, 19.5, 0.25]},
			"faces": {
				"north": {"uv": [0, 0, 1, 1], "texture": "#2"},
				"east": {"uv": [0, 0, 0, 1], "texture": "#2"},
				"south": {"uv": [0, 0, 16, 16], "texture": "#2"},
				"west": {"uv": [0, 0, 0, 1], "texture": "#2"},
				"up": {"uv": [0, 0, 1, 0], "texture": "#2"},
				"down": {"uv": [0, 0, 1, 0], "texture": "#2"}
			}
		}
	],
	"display": {
		"head": {
			"translation": [0, 9.5, 6],
			"scale": [2.5, 2.5, 2.5]
		}
	},
	"groups": [
		{
			"name": "octave 1",
			"origin": [19, 8, -7],
			"children": [0, 1, 2, 3, 4, 5, 6, 7, 8, 9, 10, 11]
		},
		{
			"name": "octave 2",
			"origin": [19, 8, -7],
			"children": [12, 13, 14, 15, 16, 17, 18, 19, 20, 21, 22, 23]
		},
		{
			"name": "octave 3",
			"origin": [19, 8, -7],
			"children": [24, 25, 26, 27, 28, 29, 30, 31, 32, 33, 34, 35]
		}
	]
}