{
    "parent": "item/generated",
    "textures": {
        "layer0": "item/carrot_on_a_stick"
    },
    "overrides": [
        {
            "predicate": {
                "custom_model_data": 4020
            },
            "model": "item/instruments/strings_plucked/guitar/guitar"
        },
		{
            "predicate": {
                "custom_model_data": 4021
            },
            "model": "item/instruments/strings_plucked/bass/bass"
        },
		{
            "predicate": {
                "custom_model_data": 4022
            },
            "model": "item/instruments/strings_plucked/guitar/guitar_electric"
        },
		{
            "predicate": {
                "custom_model_data": 4023
            },
            "model": "item/instruments/strings_plucked/bass/bass_electric"
        },
		{
            "predicate": {
                "custom_model_data": 4024
            },
            "model": "item/instruments/strings_plucked/ukulele/ukulele"
        },
		{
            "predicate": {
                "custom_model_data": 4025
            },
            "model": "item/instruments/strings_plucked/banjo/banjo"
        },
		{
            "predicate": {
                "custom_model_data": 4026
            },
            "model": "item/instruments/strings_plucked/mandolin/mandolin"
        },
		{
            "predicate": {
                "custom_model_data": 4027
            },
            "model": "item/instruments/strings_bowed/violin/violin"
        },
		{
            "predicate": {
                "custom_model_data": 4028
            },
            "model": "item/instruments/strings_bowed/viola/viola"
        },
		{
            "predicate": {
                "custom_model_data": 4029
            },
            "model": "item/instruments/strings_bowed/cello/cello"
        },
		{
            "predicate": {
                "custom_model_data": 4030
            },
            "model": "item/instruments/strings_bowed/double_bass/double_bass"
        },
		{
            "predicate": {
                "custom_model_data": 4031
            },
            "model": "item/instruments/brass/trumpet/trumpet"
        },
		{
            "predicate": {
                "custom_model_data": 4032
            },
            "model": "item/instruments/brass/trombone/trombone"
        },
		{
            "predicate": {
                "custom_model_data": 4099
            },
            "model": "item/instruments/microphones/microphone"
        },
		
		{
            "predicate": {
                "custom_model_data": 402001
            },
            "model": "item/instruments/strings_plucked/guitar/guitar_white"
        },
		{
            "predicate": {
                "custom_model_data": 402002
            },
            "model": "item/instruments/strings_plucked/guitar/guitar_orange"
        },
		{
            "predicate": {
                "custom_model_data": 402003
            },
            "model": "item/instruments/strings_plucked/guitar/guitar_magenta"
        },
		{
            "predicate": {
                "custom_model_data": 402004
            },
            "model": "item/instruments/strings_plucked/guitar/guitar_light_blue"
        },
		{
            "predicate": {
                "custom_model_data": 402005
            },
            "model": "item/instruments/strings_plucked/guitar/guitar_yellow"
        },
		{
            "predicate": {
                "custom_model_data": 402006
            },
            "model": "item/instruments/strings_plucked/guitar/guitar_lime"
        },
		{
            "predicate": {
                "custom_model_data": 402007
            },
            "model": "item/instruments/strings_plucked/guitar/guitar_pink"
        },
		{
            "predicate": {
                "custom_model_data": 402008
            },
            "model": "item/instruments/strings_plucked/guitar/guitar_gray"
        },
		{
            "predicate": {
                "custom_model_data": 402009
            },
            "model": "item/instruments/strings_plucked/guitar/guitar_light_gray"
        },
		{
            "predicate": {
                "custom_model_data": 402010
            },
            "model": "item/instruments/strings_plucked/guitar/guitar_cyan"
        },
		{
            "predicate": {
                "custom_model_data": 402011
            },
            "model": "item/instruments/strings_plucked/guitar/guitar_purple"
        },
		{
            "predicate": {
                "custom_model_data": 402012
            },
            "model": "item/instruments/strings_plucked/guitar/guitar_blue"
        },
		{
            "predicate": {
                "custom_model_data": 402013
            },
            "model": "item/instruments/strings_plucked/guitar/guitar_brown"
        },
		{
            "predicate": {
                "custom_model_data": 402014
            },
            "model": "item/instruments/strings_plucked/guitar/guitar_green"
        },
		{
            "predicate": {
                "custom_model_data": 402015
            },
            "model": "item/instruments/strings_plucked/guitar/guitar_red"
        },
		{
            "predicate": {
                "custom_model_data": 402016
            },
            "model": "item/instruments/strings_plucked/guitar/guitar_black"
        },
		
		{
            "predicate": {
                "custom_model_data": 402101
            },
            "model": "item/instruments/strings_plucked/bass/bass_white"
        },
		{
            "predicate": {
                "custom_model_data": 402102
            },
            "model": "item/instruments/strings_plucked/bass/bass_orange"
        },
		{
            "predicate": {
                "custom_model_data": 402103
            },
            "model": "item/instruments/strings_plucked/bass/bass_magenta"
        },
		{
            "predicate": {
                "custom_model_data": 402104
            },
            "model": "item/instruments/strings_plucked/bass/bass_light_blue"
        },
		{
            "predicate": {
                "custom_model_data": 402105
            },
            "model": "item/instruments/strings_plucked/bass/bass_yellow"
        },
		{
            "predicate": {
                "custom_model_data": 402106
            },
            "model": "item/instruments/strings_plucked/bass/bass_lime"
        },
		{
            "predicate": {
                "custom_model_data": 402107
            },
            "model": "item/instruments/strings_plucked/bass/bass_pink"
        },
		{
            "predicate": {
                "custom_model_data": 402108
            },
            "model": "item/instruments/strings_plucked/bass/bass_gray"
        },
		{
            "predicate": {
                "custom_model_data": 402109
            },
            "model": "item/instruments/strings_plucked/bass/bass_light_gray"
        },
		{
            "predicate": {
                "custom_model_data": 402110
            },
            "model": "item/instruments/strings_plucked/bass/bass_cyan"
        },
		{
            "predicate": {
                "custom_model_data": 402111
            },
            "model": "item/instruments/strings_plucked/bass/bass_purple"
        },
		{
            "predicate": {
                "custom_model_data": 402112
            },
            "model": "item/instruments/strings_plucked/bass/bass_blue"
        },
		{
            "predicate": {
                "custom_model_data": 402113
            },
            "model": "item/instruments/strings_plucked/bass/bass_brown"
        },
		{
            "predicate": {
                "custom_model_data": 402114
            },
            "model": "item/instruments/strings_plucked/bass/bass_green"
        },
		{
            "predicate": {
                "custom_model_data": 402115
            },
            "model": "item/instruments/strings_plucked/bass/bass_red"
        },
		{
            "predicate": {
                "custom_model_data": 402116
            },
            "model": "item/instruments/strings_plucked/bass/bass_black"
        },
		
		{
            "predicate": {
                "custom_model_data": 402201
            },
            "model": "item/instruments/strings_plucked/guitar/guitar_electric_white"
        },
		{
            "predicate": {
                "custom_model_data": 402202
            },
            "model": "item/instruments/strings_plucked/guitar/guitar_electric_orange"
        },
		{
            "predicate": {
                "custom_model_data": 402203
            },
            "model": "item/instruments/strings_plucked/guitar/guitar_electric_magenta"
        },
		{
            "predicate": {
                "custom_model_data": 402204
            },
            "model": "item/instruments/strings_plucked/guitar/guitar_electric_light_blue"
        },
		{
            "predicate": {
                "custom_model_data": 402205
            },
            "model": "item/instruments/strings_plucked/guitar/guitar_electric_yellow"
        },
		{
            "predicate": {
                "custom_model_data": 402206
            },
            "model": "item/instruments/strings_plucked/guitar/guitar_electric_lime"
        },
		{
            "predicate": {
                "custom_model_data": 402207
            },
            "model": "item/instruments/strings_plucked/guitar/guitar_electric_pink"
        },
		{
            "predicate": {
                "custom_model_data": 402208
            },
            "model": "item/instruments/strings_plucked/guitar/guitar_electric_gray"
        },
		{
            "predicate": {
                "custom_model_data": 402209
            },
            "model": "item/instruments/strings_plucked/guitar/guitar_electric_light_gray"
        },
		{
            "predicate": {
                "custom_model_data": 402210
            },
            "model": "item/instruments/strings_plucked/guitar/guitar_electric_cyan"
        },
		{
            "predicate": {
                "custom_model_data": 402211
            },
            "model": "item/instruments/strings_plucked/guitar/guitar_electric_purple"
        },
		{
            "predicate": {
                "custom_model_data": 402212
            },
            "model": "item/instruments/strings_plucked/guitar/guitar_electric_blue"
        },
		{
            "predicate": {
                "custom_model_data": 402213
            },
            "model": "item/instruments/strings_plucked/guitar/guitar_electric_brown"
        },
		{
            "predicate": {
                "custom_model_data": 402214
            },
            "model": "item/instruments/strings_plucked/guitar/guitar_electric_green"
        },
		{
            "predicate": {
                "custom_model_data": 402215
            },
            "model": "item/instruments/strings_plucked/guitar/guitar_electric_red"
        },
		{
            "predicate": {
                "custom_model_data": 402216
            },
            "model": "item/instruments/strings_plucked/guitar/guitar_electric_black"
        },
		
		{
            "predicate": {
                "custom_model_data": 402301
            },
            "model": "item/instruments/strings_plucked/bass/bass_electric_white"
        },
		{
            "predicate": {
                "custom_model_data": 402302
            },
            "model": "item/instruments/strings_plucked/bass/bass_electric_orange"
        },
		{
            "predicate": {
                "custom_model_data": 402303
            },
            "model": "item/instruments/strings_plucked/bass/bass_electric_magenta"
        },
		{
            "predicate": {
                "custom_model_data": 402304
            },
            "model": "item/instruments/strings_plucked/bass/bass_electric_light_blue"
        },
		{
            "predicate": {
                "custom_model_data": 402305
            },
            "model": "item/instruments/strings_plucked/bass/bass_electric_yellow"
        },
		{
            "predicate": {
                "custom_model_data": 402306
            },
            "model": "item/instruments/strings_plucked/bass/bass_electric_lime"
        },
		{
            "predicate": {
                "custom_model_data": 402307
            },
            "model": "item/instruments/strings_plucked/bass/bass_electric_pink"
        },
		{
            "predicate": {
                "custom_model_data": 402308
            },
            "model": "item/instruments/strings_plucked/bass/bass_electric_gray"
        },
		{
            "predicate": {
                "custom_model_data": 402309
            },
            "model": "item/instruments/strings_plucked/bass/bass_electric_light_gray"
        },
		{
            "predicate": {
                "custom_model_data": 402310
            },
            "model": "item/instruments/strings_plucked/bass/bass_electric_cyan"
        },
		{
            "predicate": {
                "custom_model_data": 402311
            },
            "model": "item/instruments/strings_plucked/bass/bass_electric_purple"
        },
		{
            "predicate": {
                "custom_model_data": 402312
            },
            "model": "item/instruments/strings_plucked/bass/bass_electric_blue"
        },
		{
            "predicate": {
                "custom_model_data": 402313
            },
            "model": "item/instruments/strings_plucked/bass/bass_electric_brown"
        },
		{
            "predicate": {
                "custom_model_data": 402314
            },
            "model": "item/instruments/strings_plucked/bass/bass_electric_green"
        },
		{
            "predicate": {
                "custom_model_data": 402315
            },
            "model": "item/instruments/strings_plucked/bass/bass_electric_red"
        },
		{
            "predicate": {
                "custom_model_data": 402316
            },
            "model": "item/instruments/strings_plucked/bass/bass_electric_black"
        },
		
		{
            "predicate": {
                "custom_model_data": 402401
            },
            "model": "item/instruments/strings_plucked/ukulele/ukulele_white"
        },
		{
            "predicate": {
                "custom_model_data": 402402
            },
            "model": "item/instruments/strings_plucked/ukulele/ukulele_orange"
        },
		{
            "predicate": {
                "custom_model_data": 402403
            },
            "model": "item/instruments/strings_plucked/ukulele/ukulele_magenta"
        },
		{
            "predicate": {
                "custom_model_data": 402404
            },
            "model": "item/instruments/strings_plucked/ukulele/ukulele_light_blue"
        },
		{
            "predicate": {
                "custom_model_data": 402405
            },
            "model": "item/instruments/strings_plucked/ukulele/ukulele_yellow"
        },
		{
            "predicate": {
                "custom_model_data": 402406
            },
            "model": "item/instruments/strings_plucked/ukulele/ukulele_lime"
        },
		{
            "predicate": {
                "custom_model_data": 402407
            },
            "model": "item/instruments/strings_plucked/ukulele/ukulele_pink"
        },
		{
            "predicate": {
                "custom_model_data": 402408
            },
            "model": "item/instruments/strings_plucked/ukulele/ukulele_gray"
        },
		{
            "predicate": {
                "custom_model_data": 402409
            },
            "model": "item/instruments/strings_plucked/ukulele/ukulele_light_gray"
        },
		{
            "predicate": {
                "custom_model_data": 402410
            },
            "model": "item/instruments/strings_plucked/ukulele/ukulele_cyan"
        },
		{
            "predicate": {
                "custom_model_data": 402411
            },
            "model": "item/instruments/strings_plucked/ukulele/ukulele_purple"
        },
		{
            "predicate": {
                "custom_model_data": 402412
            },
            "model": "item/instruments/strings_plucked/ukulele/ukulele_blue"
        },
		{
            "predicate": {
                "custom_model_data": 402413
            },
            "model": "item/instruments/strings_plucked/ukulele/ukulele_brown"
        },
		{
            "predicate": {
                "custom_model_data": 402414
            },
            "model": "item/instruments/strings_plucked/ukulele/ukulele_green"
        },
		{
            "predicate": {
                "custom_model_data": 402415
            },
            "model": "item/instruments/strings_plucked/ukulele/ukulele_red"
        },
		{
            "predicate": {
                "custom_model_data": 402416
            },
            "model": "item/instruments/strings_plucked/ukulele/ukulele_black"
        },
		
		{
            "predicate": {
                "custom_model_data": 402501
            },
            "model": "item/instruments/strings_plucked/banjo/banjo_white"
        },
		{
            "predicate": {
                "custom_model_data": 402502
            },
            "model": "item/instruments/strings_plucked/banjo/banjo_orange"
        },
		{
            "predicate": {
                "custom_model_data": 402503
            },
            "model": "item/instruments/strings_plucked/banjo/banjo_magenta"
        },
		{
            "predicate": {
                "custom_model_data": 402504
            },
            "model": "item/instruments/strings_plucked/banjo/banjo_light_blue"
        },
		{
            "predicate": {
                "custom_model_data": 402505
            },
            "model": "item/instruments/strings_plucked/banjo/banjo_yellow"
        },
		{
            "predicate": {
                "custom_model_data": 402506
            },
            "model": "item/instruments/strings_plucked/banjo/banjo_lime"
        },
		{
            "predicate": {
                "custom_model_data": 402507
            },
            "model": "item/instruments/strings_plucked/banjo/banjo_pink"
        },
		{
            "predicate": {
                "custom_model_data": 402508
            },
            "model": "item/instruments/strings_plucked/banjo/banjo_gray"
        },
		{
            "predicate": {
                "custom_model_data": 402509
            },
            "model": "item/instruments/strings_plucked/banjo/banjo_light_gray"
        },
		{
            "predicate": {
                "custom_model_data": 402510
            },
            "model": "item/instruments/strings_plucked/banjo/banjo_cyan"
        },
		{
            "predicate": {
                "custom_model_data": 402511
            },
            "model": "item/instruments/strings_plucked/banjo/banjo_purple"
        },
		{
            "predicate": {
                "custom_model_data": 402512
            },
            "model": "item/instruments/strings_plucked/banjo/banjo_blue"
        },
		{
            "predicate": {
                "custom_model_data": 402513
            },
            "model": "item/instruments/strings_plucked/banjo/banjo_brown"
        },
		{
            "predicate": {
                "custom_model_data": 402514
            },
            "model": "item/instruments/strings_plucked/banjo/banjo_green"
        },
		{
            "predicate": {
                "custom_model_data": 402515
            },
            "model": "item/instruments/strings_plucked/banjo/banjo_red"
        },
		{
            "predicate": {
                "custom_model_data": 402516
            },
            "model": "item/instruments/strings_plucked/banjo/banjo_black"
        },
		
		{
            "predicate": {
                "custom_model_data": 402601
            },
            "model": "item/instruments/strings_plucked/mandolin/mandolin_white"
        },
		{
            "predicate": {
                "custom_model_data": 402602
            },
            "model": "item/instruments/strings_plucked/mandolin/mandolin_orange"
        },
		{
            "predicate": {
                "custom_model_data": 402603
            },
            "model": "item/instruments/strings_plucked/mandolin/mandolin_magenta"
        },
		{
            "predicate": {
                "custom_model_data": 402604
            },
            "model": "item/instruments/strings_plucked/mandolin/mandolin_light_blue"
        },
		{
            "predicate": {
                "custom_model_data": 402605
            },
            "model": "item/instruments/strings_plucked/mandolin/mandolin_yellow"
        },
		{
            "predicate": {
                "custom_model_data": 402606
            },
            "model": "item/instruments/strings_plucked/mandolin/mandolin_lime"
        },
		{
            "predicate": {
                "custom_model_data": 402607
            },
            "model": "item/instruments/strings_plucked/mandolin/mandolin_pink"
        },
		{
            "predicate": {
                "custom_model_data": 402608
            },
            "model": "item/instruments/strings_plucked/mandolin/mandolin_gray"
        },
		{
            "predicate": {
                "custom_model_data": 402609
            },
            "model": "item/instruments/strings_plucked/mandolin/mandolin_light_gray"
        },
		{
            "predicate": {
                "custom_model_data": 402610
            },
            "model": "item/instruments/strings_plucked/mandolin/mandolin_cyan"
        },
		{
            "predicate": {
                "custom_model_data": 402611
            },
            "model": "item/instruments/strings_plucked/mandolin/mandolin_purple"
        },
		{
            "predicate": {
                "custom_model_data": 402612
            },
            "model": "item/instruments/strings_plucked/mandolin/mandolin_blue"
        },
		{
            "predicate": {
                "custom_model_data": 402613
            },
            "model": "item/instruments/strings_plucked/mandolin/mandolin_brown"
        },
		{
            "predicate": {
                "custom_model_data": 402614
            },
            "model": "item/instruments/strings_plucked/mandolin/mandolin_green"
        },
		{
            "predicate": {
                "custom_model_data": 402615
            },
            "model": "item/instruments/strings_plucked/mandolin/mandolin_red"
        },
		{
            "predicate": {
                "custom_model_data": 402616
            },
            "model": "item/instruments/strings_plucked/mandolin/mandolin_black"
        },
		
		{
            "predicate": {
                "custom_model_data": 402701
            },
            "model": "item/instruments/strings_bowed/violin/violin_white"
        },
		{
            "predicate": {
                "custom_model_data": 402702
            },
            "model": "item/instruments/strings_bowed/violin/violin_orange"
        },
		{
            "predicate": {
                "custom_model_data": 402703
            },
            "model": "item/instruments/strings_bowed/violin/violin_magenta"
        },
		{
            "predicate": {
                "custom_model_data": 402704
            },
            "model": "item/instruments/strings_bowed/violin/violin_light_blue"
        },
		{
            "predicate": {
                "custom_model_data": 402705
            },
            "model": "item/instruments/strings_bowed/violin/violin_yellow"
        },
		{
            "predicate": {
                "custom_model_data": 402706
            },
            "model": "item/instruments/strings_bowed/violin/violin_lime"
        },
		{
            "predicate": {
                "custom_model_data": 402707
            },
            "model": "item/instruments/strings_bowed/violin/violin_pink"
        },
		{
            "predicate": {
                "custom_model_data": 402708
            },
            "model": "item/instruments/strings_bowed/violin/violin_gray"
        },
		{
            "predicate": {
                "custom_model_data": 402709
            },
            "model": "item/instruments/strings_bowed/violin/violin_light_gray"
        },
		{
            "predicate": {
                "custom_model_data": 402710
            },
            "model": "item/instruments/strings_bowed/violin/violin_cyan"
        },
		{
            "predicate": {
                "custom_model_data": 402711
            },
            "model": "item/instruments/strings_bowed/violin/violin_purple"
        },
		{
            "predicate": {
                "custom_model_data": 402712
            },
            "model": "item/instruments/strings_bowed/violin/violin_blue"
        },
		{
            "predicate": {
                "custom_model_data": 402713
            },
            "model": "item/instruments/strings_bowed/violin/violin_brown"
        },
		{
            "predicate": {
                "custom_model_data": 402714
            },
            "model": "item/instruments/strings_bowed/violin/violin_green"
        },
		{
            "predicate": {
                "custom_model_data": 402715
            },
            "model": "item/instruments/strings_bowed/violin/violin_red"
        },
		{
            "predicate": {
                "custom_model_data": 402716
            },
            "model": "item/instruments/strings_bowed/violin/violin_black"
        },
		
		{
            "predicate": {
                "custom_model_data": 402801
            },
            "model": "item/instruments/strings_bowed/viola/viola_white"
        },
		{
            "predicate": {
                "custom_model_data": 402802
            },
            "model": "item/instruments/strings_bowed/viola/viola_orange"
        },
		{
            "predicate": {
                "custom_model_data": 402803
            },
            "model": "item/instruments/strings_bowed/viola/viola_magenta"
        },
		{
            "predicate": {
                "custom_model_data": 402804
            },
            "model": "item/instruments/strings_bowed/viola/viola_light_blue"
        },
		{
            "predicate": {
                "custom_model_data": 402805
            },
            "model": "item/instruments/strings_bowed/viola/viola_yellow"
        },
		{
            "predicate": {
                "custom_model_data": 402806
            },
            "model": "item/instruments/strings_bowed/viola/viola_lime"
        },
		{
            "predicate": {
                "custom_model_data": 402807
            },
            "model": "item/instruments/strings_bowed/viola/viola_pink"
        },
		{
            "predicate": {
                "custom_model_data": 402808
            },
            "model": "item/instruments/strings_bowed/viola/viola_gray"
        },
		{
            "predicate": {
                "custom_model_data": 402809
            },
            "model": "item/instruments/strings_bowed/viola/viola_light_gray"
        },
		{
            "predicate": {
                "custom_model_data": 402810
            },
            "model": "item/instruments/strings_bowed/viola/viola_cyan"
        },
		{
            "predicate": {
                "custom_model_data": 402811
            },
            "model": "item/instruments/strings_bowed/viola/viola_purple"
        },
		{
            "predicate": {
                "custom_model_data": 402812
            },
            "model": "item/instruments/strings_bowed/viola/viola_blue"
        },
		{
            "predicate": {
                "custom_model_data": 402813
            },
            "model": "item/instruments/strings_bowed/viola/viola_brown"
        },
		{
            "predicate": {
                "custom_model_data": 402814
            },
            "model": "item/instruments/strings_bowed/viola/viola_green"
        },
		{
            "predicate": {
                "custom_model_data": 402815
            },
            "model": "item/instruments/strings_bowed/viola/viola_red"
        },
		{
            "predicate": {
                "custom_model_data": 402816
            },
            "model": "item/instruments/strings_bowed/viola/viola_black"
        },
		
		{
            "predicate": {
                "custom_model_data": 402901
            },
            "model": "item/instruments/strings_bowed/cello/cello_white"
        },
		{
            "predicate": {
                "custom_model_data": 402902
            },
            "model": "item/instruments/strings_bowed/cello/cello_orange"
        },
		{
            "predicate": {
                "custom_model_data": 402903
            },
            "model": "item/instruments/strings_bowed/cello/cello_magenta"
        },
		{
            "predicate": {
                "custom_model_data": 402904
            },
            "model": "item/instruments/strings_bowed/cello/cello_light_blue"
        },
		{
            "predicate": {
                "custom_model_data": 402905
            },
            "model": "item/instruments/strings_bowed/cello/cello_yellow"
        },
		{
            "predicate": {
                "custom_model_data": 402906
            },
            "model": "item/instruments/strings_bowed/cello/cello_lime"
        },
		{
            "predicate": {
                "custom_model_data": 402907
            },
            "model": "item/instruments/strings_bowed/cello/cello_pink"
        },
		{
            "predicate": {
                "custom_model_data": 402908
            },
            "model": "item/instruments/strings_bowed/cello/cello_gray"
        },
		{
            "predicate": {
                "custom_model_data": 402909
            },
            "model": "item/instruments/strings_bowed/cello/cello_light_gray"
        },
		{
            "predicate": {
                "custom_model_data": 402910
            },
            "model": "item/instruments/strings_bowed/cello/cello_cyan"
        },
		{
            "predicate": {
                "custom_model_data": 402911
            },
            "model": "item/instruments/strings_bowed/cello/cello_purple"
        },
		{
            "predicate": {
                "custom_model_data": 402912
            },
            "model": "item/instruments/strings_bowed/cello/cello_blue"
        },
		{
            "predicate": {
                "custom_model_data": 402913
            },
            "model": "item/instruments/strings_bowed/cello/cello_brown"
        },
		{
            "predicate": {
                "custom_model_data": 402914
            },
            "model": "item/instruments/strings_bowed/cello/cello_green"
        },
		{
            "predicate": {
                "custom_model_data": 402915
            },
            "model": "item/instruments/strings_bowed/cello/cello_red"
        },
		{
            "predicate": {
                "custom_model_data": 402916
            },
            "model": "item/instruments/strings_bowed/cello/cello_black"
        },
		
		{
            "predicate": {
                "custom_model_data": 403001
            },
            "model": "item/instruments/strings_bowed/double_bass/double_bass_white"
        },
		{
            "predicate": {
                "custom_model_data": 403002
            },
            "model": "item/instruments/strings_bowed/double_bass/double_bass_orange"
        },
		{
            "predicate": {
                "custom_model_data": 403003
            },
            "model": "item/instruments/strings_bowed/double_bass/double_bass_magenta"
        },
		{
            "predicate": {
                "custom_model_data": 403004
            },
            "model": "item/instruments/strings_bowed/double_bass/double_bass_light_blue"
        },
		{
            "predicate": {
                "custom_model_data": 403005
            },
            "model": "item/instruments/strings_bowed/double_bass/double_bass_yellow"
        },
		{
            "predicate": {
                "custom_model_data": 403006
            },
            "model": "item/instruments/strings_bowed/double_bass/double_bass_lime"
        },
		{
            "predicate": {
                "custom_model_data": 403007
            },
            "model": "item/instruments/strings_bowed/double_bass/double_bass_pink"
        },
		{
            "predicate": {
                "custom_model_data": 403008
            },
            "model": "item/instruments/strings_bowed/double_bass/double_bass_gray"
        },
		{
            "predicate": {
                "custom_model_data": 403009
            },
            "model": "item/instruments/strings_bowed/double_bass/double_bass_light_gray"
        },
		{
            "predicate": {
                "custom_model_data": 403010
            },
            "model": "item/instruments/strings_bowed/double_bass/double_bass_cyan"
        },
		{
            "predicate": {
                "custom_model_data": 403011
            },
            "model": "item/instruments/strings_bowed/double_bass/double_bass_purple"
        },
		{
            "predicate": {
                "custom_model_data": 403012
            },
            "model": "item/instruments/strings_bowed/double_bass/double_bass_blue"
        },
		{
            "predicate": {
                "custom_model_data": 403013
            },
            "model": "item/instruments/strings_bowed/double_bass/double_bass_brown"
        },
		{
            "predicate": {
                "custom_model_data": 403014
            },
            "model": "item/instruments/strings_bowed/double_bass/double_bass_green"
        },
		{
            "predicate": {
                "custom_model_data": 403015
            },
            "model": "item/instruments/strings_bowed/double_bass/double_bass_red"
        },
		{
            "predicate": {
                "custom_model_data": 403016
            },
            "model": "item/instruments/strings_bowed/double_bass/double_bass_black"
        },
		
		{
            "predicate": {
                "custom_model_data": 403101
            },
            "model": "item/instruments/brass/trumpet/trumpet_white"
        },
		{
            "predicate": {
                "custom_model_data": 403102
            },
            "model": "item/instruments/brass/trumpet/trumpet_orange"
        },
		{
            "predicate": {
                "custom_model_data": 403103
            },
            "model": "item/instruments/brass/trumpet/trumpet_magenta"
        },
		{
            "predicate": {
                "custom_model_data": 403104
            },
            "model": "item/instruments/brass/trumpet/trumpet_light_blue"
        },
		{
            "predicate": {
                "custom_model_data": 403105
            },
            "model": "item/instruments/brass/trumpet/trumpet_yellow"
        },
		{
            "predicate": {
                "custom_model_data": 403106
            },
            "model": "item/instruments/brass/trumpet/trumpet_lime"
        },
		{
            "predicate": {
                "custom_model_data": 403107
            },
            "model": "item/instruments/brass/trumpet/trumpet_pink"
        },
		{
            "predicate": {
                "custom_model_data": 403108
            },
            "model": "item/instruments/brass/trumpet/trumpet_gray"
        },
		{
            "predicate": {
                "custom_model_data": 403109
            },
            "model": "item/instruments/brass/trumpet/trumpet_light_gray"
        },
		{
            "predicate": {
                "custom_model_data": 403110
            },
            "model": "item/instruments/brass/trumpet/trumpet_cyan"
        },
		{
            "predicate": {
                "custom_model_data": 403111
            },
            "model": "item/instruments/brass/trumpet/trumpet_purple"
        },
		{
            "predicate": {
                "custom_model_data": 403112
            },
            "model": "item/instruments/brass/trumpet/trumpet_blue"
        },
		{
            "predicate": {
                "custom_model_data": 403113
            },
            "model": "item/instruments/brass/trumpet/trumpet_brown"
        },
		{
            "predicate": {
                "custom_model_data": 403114
            },
            "model": "item/instruments/brass/trumpet/trumpet_green"
        },
		{
            "predicate": {
                "custom_model_data": 403115
            },
            "model": "item/instruments/brass/trumpet/trumpet_red"
        },
		{
            "predicate": {
                "custom_model_data": 403116
            },
            "model": "item/instruments/brass/trumpet/trumpet_black"
        },
		
		{
            "predicate": {
                "custom_model_data": 403201
            },
            "model": "item/instruments/brass/trombone/trombone_white"
        },
		{
            "predicate": {
                "custom_model_data": 403202
            },
            "model": "item/instruments/brass/trombone/trombone_orange"
        },
		{
            "predicate": {
                "custom_model_data": 403203
            },
            "model": "item/instruments/brass/trombone/trombone_magenta"
        },
		{
            "predicate": {
                "custom_model_data": 403204
            },
            "model": "item/instruments/brass/trombone/trombone_light_blue"
        },
		{
            "predicate": {
                "custom_model_data": 403205
            },
            "model": "item/instruments/brass/trombone/trombone_yellow"
        },
		{
            "predicate": {
                "custom_model_data": 403206
            },
            "model": "item/instruments/brass/trombone/trombone_lime"
        },
		{
            "predicate": {
                "custom_model_data": 403207
            },
            "model": "item/instruments/brass/trombone/trombone_pink"
        },
		{
            "predicate": {
                "custom_model_data": 403208
            },
            "model": "item/instruments/brass/trombone/trombone_gray"
        },
		{
            "predicate": {
                "custom_model_data": 403209
            },
            "model": "item/instruments/brass/trombone/trombone_light_gray"
        },
		{
            "predicate": {
                "custom_model_data": 403210
            },
            "model": "item/instruments/brass/trombone/trombone_cyan"
        },
		{
            "predicate": {
                "custom_model_data": 403211
            },
            "model": "item/instruments/brass/trombone/trombone_purple"
        },
		{
            "predicate": {
                "custom_model_data": 403212
            },
            "model": "item/instruments/brass/trombone/trombone_blue"
        },
		{
            "predicate": {
                "custom_model_data": 403213
            },
            "model": "item/instruments/brass/trombone/trombone_brown"
        },
		{
            "predicate": {
                "custom_model_data": 403214
            },
            "model": "item/instruments/brass/trombone/trombone_green"
        },
		{
            "predicate": {
                "custom_model_data": 403215
            },
            "model": "item/instruments/brass/trombone/trombone_red"
        },
		{
            "predicate": {
                "custom_model_data": 403216
            },
            "model": "item/instruments/brass/trombone/trombone_black"
        }
    ]
}