{
    "parent": "item/generated",
    "textures": {
        "layer0": "item/iron_nugget"
    },
    "overrides": [
		{
            "predicate": {
                "custom_model_data": 4000
            },
            "model": "item/gui/note_display"
        },
        {
            "predicate": {
                "custom_model_data": 4021
            },
            "model": "item/gui/table/page_right"
        },
        {
            "predicate": {
                "custom_model_data": 4022
            },
            "model": "item/gui/table/page_left"
        },
		{
            "predicate": {
                "custom_model_data": 40501
            },
            "model": "item/gui/table/slot_filler"
        },
		{
            "predicate": {
                "custom_model_data": 40502
            },
            "model": "item/gui/table/slot_instrument"
        },
		{
            "predicate": {
                "custom_model_data": 40503
            },
            "model": "item/gui/table/slot_plus"
        },
		{
            "predicate": {
                "custom_model_data": 40504
            },
            "model": "item/gui/table/slot_dye"
        },
		{
            "predicate": {
                "custom_model_data": 40511
            },
            "model": "item/gui/table/page_icon_1"
        },
		{
            "predicate": {
                "custom_model_data": 40512
            },
            "model": "item/gui/table/page_icon_2"
        },
		{
            "predicate": {
                "custom_model_data": 40513
            },
            "model": "item/gui/table/page_icon_3"
        },
		{
            "predicate": {
                "custom_model_data": 40514
            },
            "model": "item/gui/table/page_icon_4"
        },
		{
            "predicate": {
                "custom_model_data": 40515
            },
            "model": "item/gui/table/page_icon_5"
        },
		{
            "predicate": {
                "custom_model_data": 40516
            },
            "model": "item/gui/table/page_icon_6"
        },
		{
            "predicate": {
                "custom_model_data": 40517
            },
            "model": "item/gui/table/page_icon_7"
        },
		{
            "predicate": {
                "custom_model_data": 40518
            },
            "model": "item/gui/table/page_icon_8"
        },
		{
            "predicate": {
                "custom_model_data": 40519
            },
            "model": "item/gui/table/page_icon_9"
        },
		{
            "predicate": {
                "custom_model_data": 40521
            },
            "model": "item/gui/table/page_notes_1"
        },
		{
            "predicate": {
                "custom_model_data": 40522
            },
            "model": "item/gui/table/page_notes_2"
        },
		{
            "predicate": {
                "custom_model_data": 40523
            },
            "model": "item/gui/table/page_notes_3"
        },
		{
            "predicate": {
                "custom_model_data": 40524
            },
            "model": "item/gui/table/page_notes_4"
        },
		{
            "predicate": {
                "custom_model_data": 40525
            },
            "model": "item/gui/table/page_notes_5"
        },
		{
            "predicate": {
                "custom_model_data": 40526
            },
            "model": "item/gui/table/page_notes_6"
        },
		{
            "predicate": {
                "custom_model_data": 40527
            },
            "model": "item/gui/table/page_notes_7"
        },
		{
            "predicate": {
                "custom_model_data": 40528
            },
            "model": "item/gui/table/page_notes_8"
        },
		{
            "predicate": {
                "custom_model_data": 40529
            },
            "model": "item/gui/table/page_notes_9"
        }
    ]
}