{
	 "parent": "item/generated",
	 "textures": {
		"layer0": "item/item_frame"
	 },
	 "overrides": [
		 { "predicate": {"custom_model_data": 100}, "model": "item/cherry_leaves"},
		 { "predicate": {"custom_model_data": 101}, "model": "item/chair"},
		 { "predicate": {"custom_model_data": 103}, "model": "item/lamp"},
		 { "predicate": {"custom_model_data": 104}, "model": "item/table"},
		 { "predicate": {"custom_model_data": 107}, "model": "item/olympian_generator"},
		 { "predicate": {"custom_model_data": 109}, "model": "item/cherry_sapling"},
		 { "predicate": {"custom_model_data": 110}, "model": "item/spruce_chair"},
		 { "predicate": {"custom_model_data": 111}, "model": "item/birch_chair"},
		 { "predicate": {"custom_model_data": 112}, "model": "item/dark_oak_chair"},
		 { "predicate": {"custom_model_data": 113}, "model": "item/jungle_chair"},
		 { "predicate": {"custom_model_data": 114}, "model": "item/acacia_chair"},
		 { "predicate": {"custom_model_data": 115}, "model": "item/crimson_chair"},
		 { "predicate": {"custom_model_data": 116}, "model": "item/warped_chair"},
		 { "predicate": {"custom_model_data": 117}, "model": "item/spruce_table"},
		 { "predicate": {"custom_model_data": 118}, "model": "item/birch_table"},
		 { "predicate": {"custom_model_data": 119}, "model": "item/dark_oak_table"},
		 { "predicate": {"custom_model_data": 120}, "model": "item/jungle_table"},
		 { "predicate": {"custom_model_data": 121}, "model": "item/acacia_table"},
		 { "predicate": {"custom_model_data": 122}, "model": "item/crimson_table"},
		 { "predicate": {"custom_model_data": 123}, "model": "item/warped_table"},
		 { "predicate": {"custom_model_data": 124}, "model": "item/oak_sapling_pot"},
		 { "predicate": {"custom_model_data": 125}, "model": "item/rice_seeds"},
		 { "predicate": {"custom_model_data": 126}, "model": "block/rice_stage1"},
		 { "predicate": {"custom_model_data": 127}, "model": "block/rice_stage2"},
		 { "predicate": {"custom_model_data": 128}, "model": "block/rice_stage3"},
		 { "predicate": {"custom_model_data": 129}, "model": "block/rice_stage4"},
		 { "predicate": {"custom_model_data": 130}, "model": "item/tomato_seeds"},
		 { "predicate": {"custom_model_data": 131}, "model": "block/tomato_stage1"},
		 { "predicate": {"custom_model_data": 132}, "model": "block/tomato_stage2"},
		 { "predicate": {"custom_model_data": 133}, "model": "block/tomato_stage3"},
		 { "predicate": {"custom_model_data": 134}, "model": "block/tomato_stage4"},
		 { "predicate": {"custom_model_data": 135}, "model": "item/lettuce_seeds"},
		 { "predicate": {"custom_model_data": 136}, "model": "block/lettuce_stage1"},
		 { "predicate": {"custom_model_data": 137}, "model": "block/lettuce_stage2"},
		 { "predicate": {"custom_model_data": 138}, "model": "block/lettuce_stage3"},
		 { "predicate": {"custom_model_data": 139}, "model": "block/lettuce_stage4"},
		 { "predicate": {"custom_model_data": 4020}, "model": "block/amp"},
		 { "predicate": {"custom_model_data": 4021}, "model": "block/table"}
	]
}