{
	"credit": "Made with Blockbench",
	"parent": "trumpet",
	"texture_size": [64, 64],
	"textures": {
		"2": "dee_instruments/brass/trompet_purple"
	},
	"elements": [
		{
			"from": [5, 4.5, 6],
			"to": [11, 10.5, 6.5],
			"faces": {
				"north": {"uv": [1.75, 9.5, 0.25, 11], "texture": "#2"},
				"east": {"uv": [0, 9.5, 0.25, 11], "texture": "#2"},
				"south": {"uv": [3.25, 9.5, 1.75, 11], "texture": "#2"},
				"west": {"uv": [3.25, 9.5, 3.5, 11], "texture": "#2"},
				"up": {"uv": [1.75, 9.25, 0.25, 9.5], "texture": "#2"},
				"down": {"uv": [3.25, 9.25, 1.75, 9.5], "texture": "#2"}
			}
		},
		{
			"from": [5.5, 5, 6.5],
			"to": [10.5, 10, 7],
			"faces": {
				"north": {"uv": [0.25, 0.25, 1.5, 1.5], "texture": "#2"},
				"east": {"uv": [0, 0.25, 0.25, 1.5], "texture": "#2"},
				"south": {"uv": [1.5, 0.25, 2.75, 1.5], "texture": "#2"},
				"west": {"uv": [2.75, 0.25, 3, 1.5], "texture": "#2"},
				"up": {"uv": [1.5, 0, 0.25, 0.25], "texture": "#2"},
				"down": {"uv": [2.75, 0, 1.5, 0.25], "texture": "#2"}
			}
		},
		{
			"from": [7, 6.5, 10],
			"to": [9, 8.5, 12],
			"faces": {
				"north": {"uv": [8.5, 0.5, 9, 1], "texture": "#2"},
				"east": {"uv": [8, 0.5, 8.5, 1], "texture": "#2"},
				"south": {"uv": [9, 0.5, 9.5, 1], "texture": "#2"},
				"west": {"uv": [9.5, 0.5, 10, 1], "texture": "#2"},
				"up": {"uv": [8.5, 0, 9, 0.5], "texture": "#2"},
				"down": {"uv": [9, 0, 9.5, 0.5], "texture": "#2"}
			}
		},
		{
			"from": [6.5, 6, 8],
			"to": [9.5, 9, 10],
			"faces": {
				"north": {"uv": [6, 0.5, 6.75, 1.25], "texture": "#2"},
				"east": {"uv": [5.5, 0.5, 6, 1.25], "texture": "#2"},
				"south": {"uv": [6.75, 0.5, 7.5, 1.25], "texture": "#2"},
				"west": {"uv": [7.5, 0.5, 8, 1.25], "texture": "#2"},
				"up": {"uv": [6.75, 0.5, 6, 0], "texture": "#2"},
				"down": {"uv": [7.5, 0.5, 6.75, 0], "texture": "#2"}
			}
		},
		{
			"from": [6, 5.5, 7],
			"to": [10, 9.5, 8],
			"faces": {
				"north": {"uv": [3.25, 0.25, 4.25, 1.25], "texture": "#2"},
				"east": {"uv": [3, 0.25, 3.25, 1.25], "texture": "#2"},
				"south": {"uv": [4.25, 0.25, 5.25, 1.25], "texture": "#2"},
				"west": {"uv": [5.25, 0.25, 5.5, 1.25], "texture": "#2"},
				"up": {"uv": [4.25, 0.25, 3.25, 0], "texture": "#2"},
				"down": {"uv": [5.25, 0.25, 4.25, 0], "texture": "#2"}
			}
		},
		{
			"from": [7.5, 6.75, 12],
			"to": [8.5, 8.25, 23],
			"faces": {
				"north": {"uv": [0, 5, 0.5, 5.5], "texture": "#2"},
				"east": {"uv": [0, 5, 2.75, 5.5], "texture": "#2"},
				"south": {"uv": [0, 5, 0.5, 5.5], "texture": "#2"},
				"west": {"uv": [0, 5, 2.75, 5.5], "texture": "#2"},
				"up": {"uv": [0.25, 5.25, 0, 2.5], "texture": "#2"},
				"down": {"uv": [0.25, 8, 0, 5.25], "texture": "#2"}
			}
		},
		{
			"from": [7.5, 6.75, 29],
			"to": [8.5, 8.25, 31],
			"faces": {
				"north": {"uv": [0, 5, 0.5, 5.5], "texture": "#2"},
				"east": {"uv": [0, 5, 0.5, 5.5], "texture": "#2"},
				"south": {"uv": [0, 5, 0.5, 5.5], "texture": "#2"},
				"west": {"uv": [0, 5, 0.5, 5.5], "texture": "#2"},
				"up": {"uv": [0.25, 5.25, 0, 4.75], "texture": "#2"},
				"down": {"uv": [0.25, 5.75, 0, 5.25], "texture": "#2"}
			}
		},
		{
			"from": [7.4, 6.65, 23],
			"to": [8.6, 8.35, 25],
			"faces": {
				"north": {"uv": [0, 5, 0.5, 5.5], "texture": "#2"},
				"east": {"uv": [0, 5, 0.5, 5.5], "texture": "#2"},
				"south": {"uv": [0, 5, 0.5, 5.5], "texture": "#2"},
				"west": {"uv": [0, 5, 0.5, 5.5], "texture": "#2"},
				"up": {"uv": [0.25, 5.25, 0, 4.75], "texture": "#2"},
				"down": {"uv": [0.25, 5.75, 0, 5.25], "texture": "#2"}
			}
		},
		{
			"from": [7.4995, 3.25, 30.25],
			"to": [8.5005, 7.5, 31.75],
			"faces": {
				"north": {"uv": [1.75, 2.5, 2, 4.75], "texture": "#2"},
				"east": {"uv": [1.25, 2.5, 1.75, 4.75], "texture": "#2"},
				"south": {"uv": [1, 2.5, 1.25, 4.75], "texture": "#2"},
				"west": {"uv": [0.5, 2.5, 1, 4.75], "texture": "#2"},
				"up": {"uv": [1.25, 2.25, 1, 1.75], "texture": "#2"},
				"down": {"uv": [1.5, 1.75, 1.25, 2.25], "texture": "#2"}
			}
		},
		{
			"from": [7.5, 2.75, 29],
			"to": [8.5, 3.75, 31],
			"rotation": {"angle": 0, "axis": "y", "origin": [8, 2.5, 14.75]},
			"faces": {
				"north": {"uv": [0, 5, 0.5, 5.5], "texture": "#2"},
				"east": {"uv": [0, 5, 0.5, 5.5], "texture": "#2"},
				"south": {"uv": [0, 5, 0.5, 5.5], "texture": "#2"},
				"west": {"uv": [0, 5, 0.5, 5.5], "texture": "#2"},
				"up": {"uv": [0.25, 5.25, 0, 4.75], "texture": "#2"},
				"down": {"uv": [0.25, 5.75, 0, 5.25], "texture": "#2"}
			}
		},
		{
			"from": [7.5, 2.75, 23],
			"to": [8.5, 3.75, 29],
			"rotation": {"angle": 0, "axis": "y", "origin": [8, 2.5, 14.75]},
			"faces": {
				"north": {"uv": [12, 3.5, 12.5, 4], "texture": "#2"},
				"east": {"uv": [12, 3.5, 13.5, 4], "texture": "#2"},
				"south": {"uv": [12, 3.5, 12.5, 4], "texture": "#2"},
				"west": {"uv": [12, 3.5, 13.5, 4], "texture": "#2"},
				"up": {"uv": [12, 2.25, 12.25, 3.75], "texture": "#2"},
				"down": {"uv": [12, 3.75, 12.25, 5.25], "texture": "#2"}
			}
		},
		{
			"from": [7.5, 6.75, 25],
			"to": [8.5, 8.25, 29],
			"rotation": {"angle": 0, "axis": "y", "origin": [8, 2.5, 14.75]},
			"faces": {
				"north": {"uv": [12, 3.5, 12.5, 4], "texture": "#2"},
				"east": {"uv": [12, 3.5, 13, 4], "texture": "#2"},
				"south": {"uv": [12, 3.5, 12.5, 4], "texture": "#2"},
				"west": {"uv": [12, 3.5, 13, 4], "texture": "#2"},
				"up": {"uv": [12, 2.75, 12.25, 3.75], "texture": "#2"},
				"down": {"uv": [12, 3.75, 12.25, 4.75], "texture": "#2"}
			}
		},
		{
			"from": [7.6, 3.75, 26.9],
			"to": [8.4, 6.75, 27.7],
			"faces": {
				"north": {"uv": [12.75, 0.25, 13, 1], "texture": "#2"},
				"east": {"uv": [13.25, 0.25, 13.5, 1], "texture": "#2"},
				"south": {"uv": [13, 0.25, 13.25, 1], "texture": "#2"},
				"west": {"uv": [12.5, 0.25, 12.75, 1], "texture": "#2"},
				"up": {"uv": [12.75, 0, 13, 0.25], "texture": "#2"},
				"down": {"uv": [13, 0, 13.25, 0.25], "texture": "#2"}
			}
		},
		{
			"from": [7.6, 3.75, 23.6],
			"to": [8.4, 6.75, 24.4],
			"faces": {
				"north": {"uv": [12.75, 0.25, 13, 1], "texture": "#2"},
				"east": {"uv": [13.25, 0.25, 13.5, 1], "texture": "#2"},
				"south": {"uv": [13, 0.25, 13.25, 1], "texture": "#2"},
				"west": {"uv": [12.5, 0.25, 12.75, 1], "texture": "#2"},
				"up": {"uv": [12.75, 0, 13, 0.25], "texture": "#2"},
				"down": {"uv": [13, 0, 13.25, 0.25], "texture": "#2"}
			}
		},
		{
			"from": [7.6, 3.75, 17.1],
			"to": [8.4, 6.75, 17.9],
			"faces": {
				"north": {"uv": [12.75, 0.25, 13, 1], "texture": "#2"},
				"east": {"uv": [13.25, 0.25, 13.5, 1], "texture": "#2"},
				"south": {"uv": [13, 0.25, 13.25, 1], "texture": "#2"},
				"west": {"uv": [12.5, 0.25, 12.75, 1], "texture": "#2"},
				"up": {"uv": [12.75, 0, 13, 0.25], "texture": "#2"},
				"down": {"uv": [13, 0, 13.25, 0.25], "texture": "#2"}
			}
		},
		{
			"from": [7.5, 2.75, 1],
			"to": [8.5, 3.75, 12],
			"rotation": {"angle": 0, "axis": "y", "origin": [8, 2.5, 14.75]},
			"faces": {
				"north": {"uv": [0, 5, 0.5, 5.5], "texture": "#2"},
				"east": {"uv": [0, 5, 2.75, 5.5], "texture": "#2"},
				"south": {"uv": [0, 5, 0.5, 5.5], "texture": "#2"},
				"west": {"uv": [0, 5, 2.75, 5.5], "texture": "#2"},
				"up": {"uv": [0.25, 5.25, 0, 2.5], "texture": "#2"},
				"down": {"uv": [0.25, 8, 0, 5.25], "texture": "#2"}
			}
		},
		{
			"from": [7.5, 2.75, 16],
			"to": [8.5, 3.75, 23],
			"rotation": {"angle": 0, "axis": "y", "origin": [8, 2.5, 14.75]},
			"faces": {
				"north": {"uv": [0, 5, 0.5, 5.5], "texture": "#2"},
				"east": {"uv": [0, 5, 1.75, 5.5], "texture": "#2"},
				"south": {"uv": [0, 5, 0.5, 5.5], "texture": "#2"},
				"west": {"uv": [0, 5, 1.75, 5.5], "texture": "#2"},
				"up": {"uv": [0.25, 5.25, 0, 3.5], "texture": "#2"},
				"down": {"uv": [0.25, 7, 0, 5.25], "texture": "#2"}
			}
		},
		{
			"from": [12.5, 2.75, 1],
			"to": [13.5, 3.75, 12],
			"rotation": {"angle": 0, "axis": "y", "origin": [8, 2.5, 14.75]},
			"faces": {
				"north": {"uv": [0, 5, 0.5, 5.5], "texture": "#2"},
				"east": {"uv": [0, 5, 2.75, 5.5], "texture": "#2"},
				"south": {"uv": [0, 5, 0.5, 5.5], "texture": "#2"},
				"west": {"uv": [0, 5, 2.75, 5.5], "texture": "#2"},
				"up": {"uv": [0.25, 5.25, 0, 2.5], "texture": "#2"},
				"down": {"uv": [0.25, 8, 0, 5.25], "texture": "#2"}
			}
		},
		{
			"from": [12.5, 2.75, -14],
			"to": [13.5, 3.75, 1],
			"rotation": {"angle": 0, "axis": "y", "origin": [8, 2.5, 14.75]},
			"faces": {
				"north": {"uv": [0, 5, 0.5, 5.5], "texture": "#2"},
				"east": {"uv": [0, 5, 3.75, 5.5], "texture": "#2"},
				"south": {"uv": [0, 5, 0.5, 5.5], "texture": "#2"},
				"west": {"uv": [0, 5, 3.75, 5.5], "texture": "#2"},
				"up": {"uv": [0.25, 5.25, 0, 1.5], "texture": "#2"},
				"down": {"uv": [0.25, 9, 0, 5.25], "texture": "#2"}
			}
		},
		{
			"from": [12.3, 2.55, 12],
			"to": [13.7, 3.95, 16],
			"rotation": {"angle": 0, "axis": "y", "origin": [8, 2.5, 14.75]},
			"faces": {
				"north": {"uv": [0, 5, 0.5, 5.5], "texture": "#2"},
				"east": {"uv": [0, 5, 1, 5.5], "texture": "#2"},
				"south": {"uv": [0, 5, 0.5, 5.5], "texture": "#2"},
				"west": {"uv": [0, 5, 1, 5.5], "texture": "#2"},
				"up": {"uv": [0.25, 5.25, 0, 4.25], "texture": "#2"},
				"down": {"uv": [0.25, 6.25, 0, 5.25], "texture": "#2"}
			}
		},
		{
			"from": [7.3, 2.55, 12],
			"to": [8.7, 3.95, 16],
			"rotation": {"angle": 0, "axis": "y", "origin": [8, 2.5, 14.75]},
			"faces": {
				"north": {"uv": [0, 5, 0.5, 5.5], "texture": "#2"},
				"east": {"uv": [0, 5, 1, 5.5], "texture": "#2"},
				"south": {"uv": [0, 5, 0.5, 5.5], "texture": "#2"},
				"west": {"uv": [0, 5, 1, 5.5], "texture": "#2"},
				"up": {"uv": [0.25, 5.25, 0, 4.25], "texture": "#2"},
				"down": {"uv": [0.25, 6.25, 0, 5.25], "texture": "#2"}
			}
		},
		{
			"from": [7.5, 2.75, -14],
			"to": [8.5, 3.75, 1],
			"rotation": {"angle": 0, "axis": "y", "origin": [8, 2.5, 14.75]},
			"faces": {
				"north": {"uv": [0, 5, 0.5, 5.5], "texture": "#2"},
				"east": {"uv": [0, 5, 3.75, 5.5], "texture": "#2"},
				"south": {"uv": [0, 5, 0.5, 5.5], "texture": "#2"},
				"west": {"uv": [0, 5, 3.75, 5.5], "texture": "#2"},
				"up": {"uv": [0.25, 5.25, 0, 1.5], "texture": "#2"},
				"down": {"uv": [0.25, 9, 0, 5.25], "texture": "#2"}
			}
		},
		{
			"from": [8, 2.751, -14.5],
			"to": [13, 3.749, -13.5],
			"rotation": {"angle": 0, "axis": "y", "origin": [8, 2.5, -12.5]},
			"faces": {
				"north": {"uv": [0, 5, 1.25, 5.5], "texture": "#2"},
				"east": {"uv": [0, 5, 0.5, 5.5], "texture": "#2"},
				"south": {"uv": [0, 5, 1.25, 5.5], "texture": "#2"},
				"west": {"uv": [0, 5, 0.5, 5.5], "texture": "#2"},
				"up": {"uv": [0.25, 5.25, 0, 4], "rotation": 270, "texture": "#2"},
				"down": {"uv": [0.25, 6.5, 0, 5.25], "rotation": 270, "texture": "#2"}
			}
		},
		{
			"from": [8.5, 2.851, 14.6],
			"to": [12.5, 3.651, 15.4],
			"rotation": {"angle": 0, "axis": "y", "origin": [8, 2.5, -12.5]},
			"faces": {
				"north": {"uv": [0, 5, 1.25, 5.5], "texture": "#2"},
				"east": {"uv": [0, 5, 0.5, 5.5], "texture": "#2"},
				"south": {"uv": [0, 5, 1.25, 5.5], "texture": "#2"},
				"west": {"uv": [0, 5, 0.5, 5.5], "texture": "#2"},
				"up": {"uv": [0.25, 5.25, 0, 4], "rotation": 270, "texture": "#2"},
				"down": {"uv": [0.25, 6.5, 0, 5.25], "rotation": 270, "texture": "#2"}
			}
		},
		{
			"from": [8.5, 2.851, 10.6],
			"to": [12.5, 3.651, 11.4],
			"rotation": {"angle": 0, "axis": "y", "origin": [8, 2.5, -12.5]},
			"faces": {
				"north": {"uv": [0, 5, 1.25, 5.5], "texture": "#2"},
				"east": {"uv": [0, 5, 0.5, 5.5], "texture": "#2"},
				"south": {"uv": [0, 5, 1.25, 5.5], "texture": "#2"},
				"west": {"uv": [0, 5, 0.5, 5.5], "texture": "#2"},
				"up": {"uv": [0.25, 5.25, 0, 4], "rotation": 270, "texture": "#2"},
				"down": {"uv": [0.25, 6.5, 0, 5.25], "rotation": 270, "texture": "#2"}
			}
		},
		{
			"name": "mouthpiece",
			"from": [12.25, 2.5, 17],
			"to": [13.75, 4, 18],
			"rotation": {"angle": 0, "axis": "y", "origin": [0, 0, -1]},
			"faces": {
				"north": {"uv": [7.5, 3, 8.25, 3.75], "texture": "#2"},
				"east": {"uv": [8.25, 3, 8.5, 3.75], "texture": "#2"},
				"south": {"uv": [6.75, 3, 7.5, 3.75], "texture": "#2"},
				"west": {"uv": [6.5, 3, 6.75, 3.75], "texture": "#2"},
				"up": {"uv": [6.75, 2.75, 7.5, 3], "texture": "#2"},
				"down": {"uv": [7.5, 2.75, 8.25, 3], "texture": "#2"}
			}
		},
		{
			"from": [12.5, 2.75, 16],
			"to": [13.5, 3.75, 17],
			"rotation": {"angle": 0, "axis": "y", "origin": [0, 0, -1]},
			"faces": {
				"north": {"uv": [4, 5.25, 4.5, 5.75], "texture": "#2"},
				"east": {"uv": [4, 5.25, 4.5, 5.75], "texture": "#2"},
				"south": {"uv": [11.5, 4.75, 12, 5.25], "texture": "#2"},
				"west": {"uv": [11.5, 4.75, 12, 5.25], "texture": "#2"},
				"up": {"uv": [8, 6.25, 7.75, 5.75], "texture": "#2"},
				"down": {"uv": [8.25, 13.75, 8, 13.25], "texture": "#2"}
			}
		}
	],
	"display": {
		"thirdperson_righthand": {
			"translation": [-0.25, 4, 2],
			"scale": [0.65, 0.65, 0.65]
		},
		"thirdperson_lefthand": {
			"translation": [0.25, 4, 2],
			"scale": [0.65, 0.65, 0.65]
		},
		"firstperson_righthand": {
			"rotation": [11, 0, 0],
			"translation": [-12.83, 10, 1],
			"scale": [0.8, 0.8, 0.8]
		},
		"firstperson_lefthand": {
			"rotation": [11, 0, 0],
			"translation": [-5.25, 10, 1],
			"scale": [0.8, 0.8, 0.8]
		},
		"ground": {
			"translation": [0, 2, 0],
			"scale": [0.4, 0.4, 0.4]
		},
		"gui": {
			"rotation": [20, 140, 0],
			"translation": [0.5, 1, 0],
			"scale": [0.4, 0.4, 0.4]
		},
		"head": {
			"rotation": [-90, 0, 0],
			"translation": [0, 8.5, 3]
		},
		"fixed": {
			"rotation": [0, 90, 0],
			"translation": [-0.25, 1.25, 0],
			"scale": [0.4, 0.4, 0.4]
		}
	},
	"groups": [
		{
			"name": "bell",
			"origin": [8, 8, 8],
			"color": 0,
			"children": [0, 1, 2, 3, 4]
		},
		{
			"name": "pipework",
			"origin": [8, 8, 8],
			"color": 0,
			"children": [
				{
					"name": "beginning_pipe",
					"origin": [8.75, 2.5, 10],
					"color": 0,
					"children": [5, 6, 7, 8, 9, 10, 11, 12, 13, 14]
				},
				{
					"name": "slide",
					"origin": [0, 0, 0],
					"color": 0,
					"children": [15, 16, 17, 18, 19, 20, 21, 22, 23, 24]
				}
			]
		},
		{
			"name": "mouthpiece",
			"origin": [0, 0, -1],
			"color": 0,
			"children": [25, 26]
		}
	]
}