{
	"credit": "Made with Blockbench",
	"textures": {
		"0": "dee_instruments/plucked_string/banjo/banjo_red"
	},
	"elements": [
		{
			"from": [2, 3, 6],
			"to": [3, 9, 10],
			"rotation": {"angle": 0, "axis": "y", "origin": [10, 11, 14]},
			"faces": {
				"north": {"uv": [1, 3.5, 4.5, 5], "texture": "#0"},
				"east": {"uv": [0, 2, 1, 3], "texture": "#0"},
				"south": {"uv": [5, 1.75, 5.25, 3.25], "texture": "#0"},
				"west": {"uv": [4, 1.75, 5, 3.25], "texture": "#0"},
				"up": {"uv": [3.75, 0, 4, 1], "texture": "#0"},
				"down": {"uv": [3.75, 4, 4, 5], "texture": "#0"}
			}
		},
		{
			"from": [13, 3, 6],
			"to": [14, 9, 10],
			"rotation": {"angle": 0, "axis": "y", "origin": [21, 11, 14]},
			"faces": {
				"north": {"uv": [1, 3.5, 4.5, 5], "texture": "#0"},
				"east": {"uv": [0, 1.75, 1, 3.25], "texture": "#0"},
				"south": {"uv": [7.75, 1.75, 8, 3.25], "texture": "#0"},
				"west": {"uv": [4, 2, 5, 3], "texture": "#0"},
				"up": {"uv": [1.25, 0, 1.5, 1], "texture": "#0"},
				"down": {"uv": [1, 4, 1.25, 5], "texture": "#0"}
			}
		},
		{
			"from": [3, 1, 6],
			"to": [5, 2, 10],
			"rotation": {"angle": 0, "axis": "y", "origin": [11, 9, 14]},
			"faces": {
				"north": {"uv": [1.25, 5, 4.25, 5.25], "texture": "#0"},
				"east": {"uv": [0, 3.25, 1, 3.5], "texture": "#0"},
				"south": {"uv": [5.25, 3.5, 5.75, 3.75], "texture": "#0"},
				"west": {"uv": [4, 3.5, 5, 3.75], "texture": "#0"},
				"up": {"uv": [1.25, 4, 1.75, 5], "texture": "#0"},
				"down": {"uv": [3, 4, 3.5, 5], "texture": "#0"}
			}
		},
		{
			"from": [11, 1, 6],
			"to": [13, 2, 10],
			"rotation": {"angle": 0, "axis": "y", "origin": [19, 9, 14]},
			"faces": {
				"north": {"uv": [1.25, 5, 4.25, 5.25], "texture": "#0"},
				"east": {"uv": [0, 3.5, 1, 3.75], "texture": "#0"},
				"south": {"uv": [7.25, 3.5, 7.75, 3.75], "texture": "#0"},
				"west": {"uv": [4, 3.25, 5, 3.5], "texture": "#0"},
				"up": {"uv": [3.25, 4, 3.75, 5], "texture": "#0"},
				"down": {"uv": [1.5, 4, 2, 5], "texture": "#0"}
			}
		},
		{
			"from": [3, 2, 6],
			"to": [4, 3, 10],
			"rotation": {"angle": 0, "axis": "y", "origin": [11, 10, 14]},
			"faces": {
				"north": {"uv": [1.25, 5, 4.25, 5.25], "texture": "#0"},
				"east": {"uv": [0, 3.25, 1, 3.5], "texture": "#0"},
				"south": {"uv": [5.25, 3.25, 5.5, 3.5], "texture": "#0"},
				"west": {"uv": [4, 3.25, 5, 3.5], "texture": "#0"},
				"up": {"uv": [1.5, 4, 1.75, 5], "texture": "#0"},
				"down": {"uv": [1.25, 5.5, 4.25, 6.5], "texture": "#0"}
			}
		},
		{
			"from": [12, 2, 6],
			"to": [13, 3, 10],
			"rotation": {"angle": 0, "axis": "y", "origin": [20, 10, 14]},
			"faces": {
				"north": {"uv": [1.25, 5, 4.25, 5.25], "texture": "#0"},
				"east": {"uv": [0, 3.25, 1, 3.5], "texture": "#0"},
				"south": {"uv": [7.5, 3.25, 7.75, 3.5], "texture": "#0"},
				"west": {"uv": [4, 3.25, 5, 3.5], "texture": "#0"},
				"up": {"uv": [3.25, 4, 3.5, 5], "texture": "#0"},
				"down": {"uv": [1.25, 5.5, 4.25, 6.5], "texture": "#0"}
			}
		},
		{
			"from": [5, 0, 6],
			"to": [11, 1, 10],
			"rotation": {"angle": 0, "axis": "y", "origin": [13, 8, 14]},
			"faces": {
				"north": {"uv": [1.75, 5.25, 3.75, 5.5], "texture": "#0"},
				"east": {"uv": [0, 3.75, 1, 4], "texture": "#0"},
				"south": {"uv": [5.75, 3.75, 7.25, 4], "texture": "#0"},
				"west": {"uv": [4, 3.75, 5, 4], "texture": "#0"},
				"up": {"uv": [2, 4, 3, 5], "texture": "#0"},
				"down": {"uv": [1.75, 4, 3.25, 5], "texture": "#0"}
			}
		},
		{
			"from": [5, 11, 6],
			"to": [11, 12, 10],
			"rotation": {"angle": 0, "axis": "y", "origin": [13, 19, 14]},
			"faces": {
				"north": {"uv": [1.75, 5.25, 3.75, 5.5], "texture": "#0"},
				"east": {"uv": [0, 1, 1, 1.25], "texture": "#0"},
				"south": {"uv": [5.75, 1, 7.25, 1.25], "texture": "#0"},
				"west": {"uv": [4, 1.25, 5, 1.5], "texture": "#0"},
				"up": {"uv": [1.75, 0, 3.25, 1], "texture": "#0"},
				"down": {"uv": [2, 0, 3, 1], "texture": "#0"}
			}
		},
		{
			"from": [3, 9, 6],
			"to": [4, 10, 10],
			"rotation": {"angle": 0, "axis": "y", "origin": [11, 17, 14]},
			"faces": {
				"north": {"uv": [1.25, 5, 4.25, 5.25], "texture": "#0"},
				"east": {"uv": [0, 1.5, 1, 1.75], "texture": "#0"},
				"south": {"uv": [5.25, 1.5, 5.5, 1.75], "texture": "#0"},
				"west": {"uv": [4, 1.5, 5, 1.75], "texture": "#0"},
				"up": {"uv": [0, 0, 0, 0], "texture": "#0"},
				"down": {"uv": [1.5, 4, 1.75, 5], "texture": "#0"}
			}
		},
		{
			"from": [3, 10, 6],
			"to": [5, 11, 10],
			"rotation": {"angle": 0, "axis": "y", "origin": [11, 18, 14]},
			"faces": {
				"north": {"uv": [1.25, 5, 4.25, 5.25], "texture": "#0"},
				"east": {"uv": [0, 1.5, 1, 1.75], "texture": "#0"},
				"south": {"uv": [5.25, 1.25, 5.75, 1.5], "texture": "#0"},
				"west": {"uv": [4, 1.25, 5, 1.5], "texture": "#0"},
				"up": {"uv": [3, 0, 3.5, 1], "texture": "#0"},
				"down": {"uv": [1.25, 4, 1.75, 5], "texture": "#0"}
			}
		},
		{
			"from": [11, 10, 6],
			"to": [13, 11, 10],
			"rotation": {"angle": 0, "axis": "y", "origin": [19, 18, 14]},
			"faces": {
				"north": {"uv": [1.25, 5, 4.25, 5.25], "texture": "#0"},
				"east": {"uv": [0, 1.25, 1, 1.5], "texture": "#0"},
				"south": {"uv": [7.25, 1.25, 7.75, 1.5], "texture": "#0"},
				"west": {"uv": [4, 1.5, 5, 1.75], "texture": "#0"},
				"up": {"uv": [1.5, 0, 2, 1], "texture": "#0"},
				"down": {"uv": [3.25, 4, 3.75, 5], "texture": "#0"}
			}
		},
		{
			"from": [12, 9, 6],
			"to": [13, 10, 10],
			"rotation": {"angle": 0, "axis": "y", "origin": [20, 17, 14]},
			"faces": {
				"north": {"uv": [1.25, 5, 4.25, 5.25], "texture": "#0"},
				"east": {"uv": [0, 1.5, 1, 1.75], "texture": "#0"},
				"south": {"uv": [7.5, 1.5, 7.75, 1.75], "texture": "#0"},
				"west": {"uv": [4, 1.5, 5, 1.75], "texture": "#0"},
				"up": {"uv": [0, 0, 0, 0], "texture": "#0"},
				"down": {"uv": [3.25, 4, 3.5, 5], "texture": "#0"}
			}
		},
		{
			"name": "front_of_banjo",
			"from": [2, 0, 5.999],
			"to": [14, 12, 5.999],
			"rotation": {"angle": 0, "axis": "y", "origin": [10, 8, 14]},
			"faces": {
				"north": {"uv": [1, 1, 4, 4], "texture": "#0"},
				"east": {"uv": [0, 0, 0, 0], "texture": "#0"},
				"south": {"uv": [5, 1, 8, 4], "texture": "#0"},
				"west": {"uv": [0, 0, 0, 0], "texture": "#0"},
				"up": {"uv": [0, 0, 0, 0], "texture": "#0"},
				"down": {"uv": [0, 0, 0, 0], "texture": "#0"}
			}
		},
		{
			"name": "extra_piece1",
			"from": [1.999, 5.5, 5.998],
			"to": [2.999, 6.5, 8.998],
			"rotation": {"angle": 0, "axis": "y", "origin": [10, 13.5, 14]},
			"faces": {
				"north": {"uv": [3.75, 1.75, 4, 2], "texture": "#0"},
				"east": {"uv": [0, 0, 0, 0], "texture": "#0"},
				"south": {"uv": [0, 0, 0, 0], "texture": "#0"},
				"west": {"uv": [4, 1.75, 4.75, 2], "texture": "#0"},
				"up": {"uv": [0, 0, 0, 0], "texture": "#0"},
				"down": {"uv": [0, 0, 0, 0], "texture": "#0"}
			}
		},
		{
			"name": "extra_piece1",
			"from": [13.001, 5.5, 5.998],
			"to": [14.001, 6.5, 8.998],
			"rotation": {"angle": 0, "axis": "y", "origin": [21, 13.5, 14]},
			"faces": {
				"north": {"uv": [3.75, 1.75, 4, 2], "texture": "#0"},
				"east": {"uv": [4, 1.75, 4.75, 2], "texture": "#0"},
				"south": {"uv": [0, 0, 0, 0], "texture": "#0"},
				"west": {"uv": [0, 0, 0, 0], "texture": "#0"},
				"up": {"uv": [0, 0, 0, 0], "texture": "#0"},
				"down": {"uv": [0, 0, 0, 0], "texture": "#0"}
			}
		},
		{
			"name": "d",
			"from": [6.75, 1, 5.9],
			"to": [7, 27, 5.9],
			"rotation": {"angle": 0, "axis": "y", "origin": [16.25, 11, 14]},
			"faces": {
				"north": {"uv": [9, 0.75, 9.25, 5.5], "texture": "#0"},
				"east": {"uv": [0, 0, 0, 16], "texture": "#0"},
				"south": {"uv": [9, 0.75, 9.25, 5.5], "texture": "#0"},
				"west": {"uv": [0, 0, 0, 16], "texture": "#0"},
				"up": {"uv": [0, 0, 0.25, 0], "texture": "#0"},
				"down": {"uv": [0, 0, 0.25, 0], "texture": "#0"}
			}
		},
		{
			"name": "g",
			"from": [7.5, 1, 5.9],
			"to": [7.75, 27, 5.9],
			"rotation": {"angle": 0, "axis": "y", "origin": [18, 11, 14]},
			"faces": {
				"north": {"uv": [9.5, 0.75, 9.75, 5.5], "texture": "#0"},
				"east": {"uv": [0, 0, 0, 16], "texture": "#0"},
				"south": {"uv": [9.5, 0.75, 9.75, 5.5], "texture": "#0"},
				"west": {"uv": [0, 0, 0, 16], "texture": "#0"},
				"up": {"uv": [0, 0, 0.25, 0], "texture": "#0"},
				"down": {"uv": [0, 0, 0.25, 0], "texture": "#0"}
			}
		},
		{
			"name": "b",
			"from": [8.25, 1, 5.9],
			"to": [8.5, 27, 5.9],
			"rotation": {"angle": 0, "axis": "y", "origin": [19.25, 11, 14]},
			"faces": {
				"north": {"uv": [9.25, 0.75, 9.5, 5.5], "texture": "#0"},
				"east": {"uv": [0, 0, 0, 16], "texture": "#0"},
				"south": {"uv": [9.75, 0.75, 10, 5.5], "texture": "#0"},
				"west": {"uv": [0, 0, 0, 16], "texture": "#0"},
				"up": {"uv": [0, 0, 0.25, 0], "texture": "#0"},
				"down": {"uv": [0, 0, 0.25, 0], "texture": "#0"}
			}
		},
		{
			"name": "d",
			"from": [9, 1, 5.9],
			"to": [9.25, 27, 5.9],
			"rotation": {"angle": 0, "axis": "y", "origin": [20.5, 11, 14]},
			"faces": {
				"north": {"uv": [10, 0.75, 10.25, 5.5], "texture": "#0"},
				"east": {"uv": [0, 0, 0, 16], "texture": "#0"},
				"south": {"uv": [10.25, 0.75, 10.5, 5.5], "texture": "#0"},
				"west": {"uv": [0, 0, 0, 16], "texture": "#0"},
				"up": {"uv": [0, 0, 0.25, 0], "texture": "#0"},
				"down": {"uv": [0, 0, 0.25, 0], "texture": "#0"}
			}
		},
		{
			"name": "tail",
			"from": [6.375, -0.25, 5.75],
			"to": [9.625, 1.25, 5.995],
			"rotation": {"angle": 0, "axis": "y", "origin": [15.75, 7.75, 14.25]},
			"faces": {
				"north": {"uv": [4, 0.75, 4.25, 1], "texture": "#0"},
				"east": {"uv": [4, 0.75, 4.25, 1], "texture": "#0"},
				"south": {"uv": [4, 0.75, 4.25, 1], "texture": "#0"},
				"west": {"uv": [4, 0.75, 4.25, 1], "texture": "#0"},
				"up": {"uv": [4, 0.75, 4.25, 1], "texture": "#0"},
				"down": {"uv": [4, 0.75, 4.25, 1], "texture": "#0"}
			}
		},
		{
			"name": "tail_underside",
			"from": [6.375, -0.25, 5.9],
			"to": [9.625, 0, 8],
			"rotation": {"angle": 0, "axis": "y", "origin": [15.75, 7.75, 14.5]},
			"faces": {
				"north": {"uv": [4, 0.75, 4.25, 1], "texture": "#0"},
				"east": {"uv": [4, 0.75, 4.25, 1], "texture": "#0"},
				"south": {"uv": [4, 0.75, 4.25, 1], "texture": "#0"},
				"west": {"uv": [4, 0.75, 4.25, 1], "texture": "#0"},
				"up": {"uv": [4, 0.75, 4.25, 1], "texture": "#0"},
				"down": {"uv": [4, 0.75, 4.25, 1], "texture": "#0"}
			}
		},
		{
			"name": "bridge",
			"from": [6.375, 5.75, 5.91],
			"to": [9.625, 6, 5.995],
			"rotation": {"angle": 0, "axis": "y", "origin": [15.75, 13.75, 14.5]},
			"faces": {
				"north": {"uv": [4, 0.25, 4.25, 0.5], "texture": "#0"},
				"east": {"uv": [4, 0, 4.25, 0.25], "texture": "#0"},
				"south": {"uv": [4, 0, 4.25, 0.25], "texture": "#0"},
				"west": {"uv": [4, 0, 4.25, 0.25], "texture": "#0"},
				"up": {"uv": [4, 0, 4.25, 0.25], "texture": "#0"},
				"down": {"uv": [4, 0, 4.25, 0.25], "texture": "#0"}
			}
		},
		{
			"name": "nut",
			"from": [6.6, 26.75, 5.85],
			"to": [9.4, 27.25, 6.35],
			"rotation": {"angle": 0, "axis": "y", "origin": [16, 34.75, 14.25]},
			"faces": {
				"north": {"uv": [4.5, 0, 4.75, 0.25], "texture": "#0"},
				"east": {"uv": [4.5, 0, 4.75, 0.25], "texture": "#0"},
				"south": {"uv": [4.5, 0, 4.75, 0.25], "texture": "#0"},
				"west": {"uv": [4.5, 0, 4.75, 0.25], "texture": "#0"},
				"up": {"uv": [4.5, 0, 4.75, 0.25], "texture": "#0"},
				"down": {"uv": [4.5, 0, 4.75, 0.25], "texture": "#0"}
			}
		},
		{
			"name": "inner_support1",
			"from": [7.75, 1, 7],
			"to": [8.25, 11, 7.5],
			"rotation": {"angle": 0, "axis": "y", "origin": [15.75, 9, 15]},
			"faces": {
				"north": {"uv": [8.75, 0.5, 9, 5.5], "texture": "#0"},
				"east": {"uv": [8.75, 0.5, 9, 5.5], "texture": "#0"},
				"south": {"uv": [8.75, 0.5, 9, 5.5], "texture": "#0"},
				"west": {"uv": [8.75, 0.5, 9, 5.5], "texture": "#0"},
				"up": {"uv": [4, 0.5, 4.25, 0.75], "texture": "#0"},
				"down": {"uv": [4, 0.5, 4.25, 0.75], "texture": "#0"}
			}
		},
		{
			"name": "inner_support2",
			"from": [7.75, 1, 8.5],
			"to": [8.25, 11, 9],
			"rotation": {"angle": 0, "axis": "y", "origin": [15.75, 9, 16.5]},
			"faces": {
				"north": {"uv": [8.5, 0.5, 8.75, 5.5], "texture": "#0"},
				"east": {"uv": [8.5, 0.5, 8.75, 5.5], "texture": "#0"},
				"south": {"uv": [8.5, 0.5, 8.75, 5.5], "texture": "#0"},
				"west": {"uv": [8.5, 0.5, 8.75, 5.5], "texture": "#0"},
				"up": {"uv": [4, 0.5, 4.25, 0.75], "texture": "#0"},
				"down": {"uv": [4, 0.5, 4.25, 0.75], "texture": "#0"}
			}
		},
		{
			"name": "neck",
			"from": [6.5, 12, 6],
			"to": [9.5, 27, 8],
			"rotation": {"angle": 0, "axis": "y", "origin": [15, 20, 14]},
			"faces": {
				"north": {"uv": [11, 3.25, 11.75, 5.5], "texture": "#0"},
				"east": {"uv": [10.5, 3.25, 11, 5.5], "texture": "#0"},
				"south": {"uv": [12.25, 3.25, 13, 5.5], "texture": "#0"},
				"west": {"uv": [11.75, 3.25, 12.25, 5.5], "texture": "#0"},
				"up": {"uv": [0, 0, 3, 2], "texture": "#0"},
				"down": {"uv": [0, 0, 3, 2], "texture": "#0"}
			}
		},
		{
			"name": "neck_support",
			"from": [6.5, 12, 8],
			"to": [9.5, 15, 9],
			"rotation": {"angle": 0, "axis": "y", "origin": [15, 20, 16]},
			"faces": {
				"north": {"uv": [10.5, 5.25, 10.75, 5.5], "texture": "#0"},
				"east": {"uv": [10.5, 5.25, 10.75, 5.5], "texture": "#0"},
				"south": {"uv": [10.5, 5.25, 10.75, 5.5], "texture": "#0"},
				"west": {"uv": [10.5, 5.25, 10.75, 5.5], "texture": "#0"},
				"up": {"uv": [10.5, 5.25, 10.75, 5.5], "texture": "#0"},
				"down": {"uv": [10.5, 5.25, 10.75, 5.5], "texture": "#0"}
			}
		},
		{
			"name": "neck_support_outer",
			"from": [7, 12, 9],
			"to": [9, 14, 10],
			"rotation": {"angle": 0, "axis": "y", "origin": [15.5, 20, 17]},
			"faces": {
				"north": {"uv": [10.5, 5.25, 10.75, 5.5], "texture": "#0"},
				"east": {"uv": [10.5, 5.25, 10.75, 5.5], "texture": "#0"},
				"south": {"uv": [10.5, 5.25, 10.75, 5.5], "texture": "#0"},
				"west": {"uv": [10.5, 5.25, 10.75, 5.5], "texture": "#0"},
				"up": {"uv": [10.5, 5.25, 10.75, 5.5], "texture": "#0"},
				"down": {"uv": [10.5, 5.25, 10.75, 5.5], "texture": "#0"}
			}
		},
		{
			"name": "head",
			"from": [6, 27, 6],
			"to": [10, 32, 8],
			"rotation": {"angle": 0, "axis": "y", "origin": [15, 35, 14]},
			"faces": {
				"north": {"uv": [12.5, 0.5, 13.5, 1.75], "texture": "#0"},
				"east": {"uv": [12, 0.5, 12.5, 1.75], "texture": "#0"},
				"south": {"uv": [11, 0.5, 12, 1.75], "texture": "#0"},
				"west": {"uv": [10.5, 0.5, 11, 1.75], "texture": "#0"},
				"up": {"uv": [11, 0, 12, 0.5], "texture": "#0"},
				"down": {"uv": [11, 1.75, 12, 2.25], "texture": "#0"}
			}
		},
		{
			"from": [5, 30.25, 6.5],
			"to": [6, 31.25, 7],
			"rotation": {"angle": 22.5, "axis": "x", "origin": [6, 30.75, 7]},
			"faces": {
				"north": {"uv": [4, 0.25, 4.25, 0.5], "texture": "#0"},
				"east": {"uv": [4, 0.25, 4.25, 0.5], "texture": "#0"},
				"south": {"uv": [4, 0.25, 4.25, 0.5], "texture": "#0"},
				"west": {"uv": [4, 0.25, 4.25, 0.5], "texture": "#0"},
				"up": {"uv": [4, 0.25, 4.25, 0.5], "texture": "#0"},
				"down": {"uv": [4, 0.25, 4.25, 0.5], "texture": "#0"}
			}
		},
		{
			"from": [6.625, 28.5, 5.75],
			"to": [7.375, 29.25, 6.75],
			"rotation": {"angle": 0, "axis": "y", "origin": [15.25, 36.5, 14.25]},
			"faces": {
				"north": {"uv": [4, 0.25, 4.25, 0.5], "texture": "#0"},
				"east": {"uv": [4, 0.25, 4.25, 0.5], "texture": "#0"},
				"south": {"uv": [4, 0.25, 4.25, 0.5], "texture": "#0"},
				"west": {"uv": [4, 0.25, 4.25, 0.5], "texture": "#0"},
				"up": {"uv": [4, 0.25, 4.25, 0.5], "texture": "#0"},
				"down": {"uv": [4, 0.25, 4.25, 0.5], "texture": "#0"}
			}
		},
		{
			"from": [6.625, 30.5, 5.75],
			"to": [7.375, 31.25, 6.75],
			"rotation": {"angle": 0, "axis": "y", "origin": [15.25, 38, 14.25]},
			"faces": {
				"north": {"uv": [4, 0.25, 4.25, 0.5], "texture": "#0"},
				"east": {"uv": [4, 0.25, 4.25, 0.5], "texture": "#0"},
				"south": {"uv": [4, 0.25, 4.25, 0.5], "texture": "#0"},
				"west": {"uv": [4, 0.25, 4.25, 0.5], "texture": "#0"},
				"up": {"uv": [4, 0.25, 4.25, 0.5], "texture": "#0"},
				"down": {"uv": [4, 0.25, 4.25, 0.5], "texture": "#0"}
			}
		},
		{
			"from": [8.625, 28.5, 5.75],
			"to": [9.375, 29.25, 6.75],
			"rotation": {"angle": 0, "axis": "y", "origin": [17.25, 36.5, 14.25]},
			"faces": {
				"north": {"uv": [4, 0.25, 4.25, 0.5], "texture": "#0"},
				"east": {"uv": [4, 0.25, 4.25, 0.5], "texture": "#0"},
				"south": {"uv": [4, 0.25, 4.25, 0.5], "texture": "#0"},
				"west": {"uv": [4, 0.25, 4.25, 0.5], "texture": "#0"},
				"up": {"uv": [4, 0.25, 4.25, 0.5], "texture": "#0"},
				"down": {"uv": [4, 0.25, 4.25, 0.5], "texture": "#0"}
			}
		},
		{
			"from": [8.625, 30.5, 5.75],
			"to": [9.375, 31.25, 6.75],
			"rotation": {"angle": 0, "axis": "y", "origin": [17.25, 38, 14.25]},
			"faces": {
				"north": {"uv": [4, 0.25, 4.25, 0.5], "texture": "#0"},
				"east": {"uv": [4, 0.25, 4.25, 0.5], "texture": "#0"},
				"south": {"uv": [4, 0.25, 4.25, 0.5], "texture": "#0"},
				"west": {"uv": [4, 0.25, 4.25, 0.5], "texture": "#0"},
				"up": {"uv": [4, 0.25, 4.25, 0.5], "texture": "#0"},
				"down": {"uv": [4, 0.25, 4.25, 0.5], "texture": "#0"}
			}
		},
		{
			"from": [5, 28.25, 6.5],
			"to": [6, 29.25, 7],
			"rotation": {"angle": 22.5, "axis": "x", "origin": [6, 28.75, 7]},
			"faces": {
				"north": {"uv": [4, 0.25, 4.25, 0.5], "texture": "#0"},
				"east": {"uv": [4, 0.25, 4.25, 0.5], "texture": "#0"},
				"south": {"uv": [4, 0.25, 4.25, 0.5], "texture": "#0"},
				"west": {"uv": [4, 0.25, 4.25, 0.5], "texture": "#0"},
				"up": {"uv": [4, 0.25, 4.25, 0.5], "texture": "#0"},
				"down": {"uv": [4, 0.25, 4.25, 0.5], "texture": "#0"}
			}
		},
		{
			"from": [10, 28.25, 6.5],
			"to": [11, 29.25, 7],
			"rotation": {"angle": 22.5, "axis": "x", "origin": [10, 28.75, 7]},
			"faces": {
				"north": {"uv": [4, 0.25, 4.25, 0.5], "texture": "#0"},
				"east": {"uv": [4, 0.25, 4.25, 0.5], "texture": "#0"},
				"south": {"uv": [4, 0.25, 4.25, 0.5], "texture": "#0"},
				"west": {"uv": [4, 0.25, 4.25, 0.5], "texture": "#0"},
				"up": {"uv": [4, 0.25, 4.25, 0.5], "texture": "#0"},
				"down": {"uv": [4, 0.25, 4.25, 0.5], "texture": "#0"}
			}
		},
		{
			"from": [10, 30.25, 6.5],
			"to": [11, 31.25, 7],
			"rotation": {"angle": 22.5, "axis": "x", "origin": [10, 30.75, 7]},
			"faces": {
				"north": {"uv": [4, 0.25, 4.25, 0.5], "texture": "#0"},
				"east": {"uv": [4, 0.25, 4.25, 0.5], "texture": "#0"},
				"south": {"uv": [4, 0.25, 4.25, 0.5], "texture": "#0"},
				"west": {"uv": [4, 0.25, 4.25, 0.5], "texture": "#0"},
				"up": {"uv": [4, 0.25, 4.25, 0.5], "texture": "#0"},
				"down": {"uv": [4, 0.25, 4.25, 0.5], "texture": "#0"}
			}
		}
	],
	"display": {
		"thirdperson_righthand": {
			"rotation": [84, -3, 55],
			"translation": [-3.75, -1, -0.5],
			"scale": [0.75, 0.75, 0.75]
		},
		"thirdperson_lefthand": {
			"rotation": [84, -3, 55],
			"translation": [-3.75, -1, -0.5],
			"scale": [0.75, 0.75, 0.75]
		},
		"firstperson_righthand": {
			"rotation": [30, -1, 55],
			"translation": [-3, -2, 1.5],
			"scale": [0.75, 0.75, 0.75]
		},
		"firstperson_lefthand": {
			"rotation": [30, -1, 55],
			"translation": [-3, -2, 1.5],
			"scale": [0.75, 0.75, 0.75]
		},
		"ground": {
			"translation": [0, 2, 0],
			"scale": [0.6, 0.6, 0.6]
		},
		"gui": {
			"rotation": [-31, 153, 38],
			"translation": [-1.25, -3, 0],
			"scale": [0.48, 0.48, 0.48]
		},
		"head": {
			"rotation": [21, 17, 47],
			"translation": [0, 9.75, 0]
		},
		"fixed": {
			"translation": [0, -4, 0],
			"scale": [0.5, 0.5, 0.5]
		}
	},
	"groups": [
		{
			"name": "guitar_body",
			"origin": [12, 25, 14],
			"children": [0, 1, 2, 3, 4, 5, 6, 7, 8, 9, 10, 11, 12, 13, 14,
				{
					"name": "strings",
					"origin": [15, 15, 14],
					"children": [15, 16, 17, 18]
				}, 19, 20, 21, 22, 23, 24,
				{
					"name": "neck",
					"origin": [8, 8, 8],
					"children": [25, 26, 27, 28,
						{
							"name": "tuning_pegs",
							"origin": [8, 8, 8],
							"children": [29, 30, 31, 32, 33, 34, 35, 36]
						}
					]
				}
			]
		}
	]
}