{
	"__comment": "Created by Oran9eUtan https://www.youtube.com/channel/UCb6GapmiHbzqJszTxGWpgzA",
	"textures": {
		"particle": "entity/villager/villager",
		"texture": "entity/villager/villager"
	},
	"elements": [ 	 
		{
			"__comment": "nose",
			"from": [ 7, 6, 7 ],
			"to": [ 9, 10, 9 ],
			"faces": {
				"down": { "uv": [ 7, 0, 7.5, 0.5 ], "texture": "#texture", "rotation": 270 },
				"up": { "uv": [ 6.5, 0, 7, 0.5 ], "texture": "#texture", "rotation": 180 },
				"north": { "uv": [ 6.5, 0.5, 7, 1.5 ], "texture": "#texture" },
				"south": { "uv": [ 7.5, 0.5, 8, 1.5 ], "texture": "#texture" },
				"west": { "uv": [ 7.5, 0.5, 8, 1.5 ], "texture": "#texture", "rotation": 180 },
				"east": { "uv": [ 6, 0.5, 6.5, 1.5 ], "texture": "#texture" }
			}
		}
	],
	"display": {
		"gui": {
			"scale":  [ 2.1, 2.1, 2.1 ]
		},
		"head": {
			"translation":  [ 0, -5, -7.8 ],
			"scale":  [ 1.7, 1.7, 1.7 ]
		}
	}
}