{
    "parent": "item/generated",
    "textures": {
        "layer0": "item/leather_chestplate",
        "layer1": "item/leather_chestplate_overlay"
        
        
    },
    "overrides": [
        
        { "predicate": { "custom_model_data": 65 }, "model": "item/bedflower"},
        { "predicate": { "custom_model_data": 66 }, "model": "item/bedthing"},
        { "predicate": { "custom_model_data": 67 }, "model": "item/bedskull"},
        { "predicate": { "custom_model_data": 68 }, "model": "item/bedglobe"},
        { "predicate": { "custom_model_data": 69 }, "model": "item/bedcreeper"}
        

    ]
}
