{
    "textures": {
        "layer0": "item/music_disc_11"
    }, 
    "overrides": [
        {
            "predicate": {
                "custom_model_data": 1
            }, 
            "model": "item/music_disc_ablesisters"
        }, 
        {
            "predicate": {
                "custom_model_data": 2
            }, 
            "model": "item/music_disc_rockdubstep"
        }, 
        {
            "predicate": {
                "custom_model_data": 3
            }, 
            "model": "item/music_disc_tall"
        }
    ], 
    "parent": "item/generated"
}