{
	"credit": "Created by Oran9eUtan",
	"textures": {
		"mask": "item/hats/accessories/alex_mask"
	},
	"elements": [
		{
			"name": "front",
			"from": [4, 4.25, 4],
			"to": [12, 12.25, 4.005],
			"faces": {
				"north": {"uv": [4, 4, 8, 8], "texture": "#mask"},
				"south": {"uv": [8, 4, 4, 8], "texture": "#mask"}
			}
		},
		{
			"name": "back",
			"from": [4, 4.25, 12],
			"to": [12, 12.25, 12.001],
			"faces": {
				"north": {"uv": [16, 4, 12, 8], "texture": "#mask"},
				"south": {"uv": [12, 4, 16, 8], "texture": "#mask"}
			}
		},
		{
			"name": "right",
			"from": [4, 4.25, 4],
			"to": [4.001, 12.25, 12],
			"faces": {
				"east": {"uv": [12, 4, 8, 8], "texture": "#mask"},
				"west": {"uv": [8, 4, 12, 8], "texture": "#mask"}
			}
		},
		{
			"name": "left",
			"from": [12, 4.25, 4],
			"to": [12.001, 12.25, 12],
			"faces": {
				"east": {"uv": [0, 4, 4, 8], "texture": "#mask"},
				"west": {"uv": [4, 4, 0, 8], "texture": "#mask"}
			}
		},
		{
			"name": "top",
			"from": [4, 12.25, 4],
			"to": [12, 12.251, 12],
			"faces": {
				"up": {"uv": [4, 0, 8, 4], "rotation": 180, "texture": "#mask"},
				"down": {"uv": [8, 0, 4, 4], "texture": "#mask"}
			}
		},
		{
			"name": "bottom",
			"from": [4, 4.25, 4],
			"to": [12, 4.251, 12],
			"faces": {
				"up": {"uv": [8, 8, 4, 12], "texture": "#mask"},
				"down": {"uv": [4, 8, 8, 12], "rotation": 180, "texture": "#mask"}
			}
		}
	],
	"display": {
		"thirdperson_righthand": {
			"rotation": [47, 0, -44],
			"translation": [0, -1.25, 1.5],
			"scale": [0.8, 0.8, 0.6]
		},
		"thirdperson_lefthand": {
			"rotation": [47, 0, -44],
			"translation": [0, -1.25, 1.5],
			"scale": [0.8, 0.8, 0.6]
		},
		"firstperson_righthand": {
			"rotation": [0, 8, 18],
			"translation": [3, -0.75, 3.25]
		},
		"firstperson_lefthand": {
			"rotation": [0, 8, 18],
			"translation": [3, -0.75, 3.25]
		},
		"ground": {
			"scale": [0.6, 0.6, 0.6]
		},
		"gui": {
			"rotation": [0, 180, 0],
			"scale": [1.5, 1.5, 0.01]
		},
		"head": {
			"scale": [1.81, 1.81, 1.81]
		},
		"fixed": {
			"scale": [1.5, 1.5, 0.01]
		}
	}
}