{
	"credit": "Made with Blockbench",
	"textures": {
		"0": "dee_instruments/plucked_string/mandolin/mandolin_white"
	},
	"elements": [
		{
			"from": [2, 2, 6],
			"to": [14, 8, 10],
			"rotation": {"angle": 0, "axis": "y", "origin": [10, 10, 14]},
			"faces": {
				"north": {"uv": [1, 2.25, 4, 3.75], "texture": "#0"},
				"east": {"uv": [0, 2.25, 1, 3.75], "texture": "#0"},
				"south": {"uv": [4, 2.25, 7, 3.75], "texture": "#0"},
				"west": {"uv": [0, 2.25, 1, 3.75], "texture": "#0"},
				"up": {"uv": [1, 0, 4, 1], "texture": "#0"},
				"down": {"uv": [1, 0, 4, 1], "texture": "#0"}
			}
		},
		{
			"from": [3, 1, 6],
			"to": [13, 2, 10],
			"rotation": {"angle": 0, "axis": "y", "origin": [11, 9, 14]},
			"faces": {
				"north": {"uv": [1.25, 3.75, 3.75, 4], "texture": "#0"},
				"east": {"uv": [0, 3.75, 1, 4], "texture": "#0"},
				"south": {"uv": [4.25, 3.75, 6.75, 4], "texture": "#0"},
				"west": {"uv": [0, 3.75, 1, 4], "texture": "#0"},
				"up": {"uv": [0, 0, 0, 0], "texture": "#0"},
				"down": {"uv": [1.25, 0, 3.75, 1], "texture": "#0"}
			}
		},
		{
			"from": [4, 10, 6],
			"to": [12, 11, 10],
			"rotation": {"angle": 0, "axis": "y", "origin": [12, 18, 14]},
			"faces": {
				"north": {"uv": [1.5, 1.5, 3.5, 1.75], "texture": "#0"},
				"east": {"uv": [0, 1.5, 1, 1.75], "texture": "#0"},
				"south": {"uv": [4.5, 1.5, 6.5, 1.75], "texture": "#0"},
				"west": {"uv": [0, 1.5, 1, 1.75], "texture": "#0"},
				"up": {"uv": [1.5, 0, 3.5, 1], "texture": "#0"},
				"down": {"uv": [0, 0, 0, 0], "texture": "#0"}
			}
		},
		{
			"from": [5, 11, 6],
			"to": [11, 12, 10],
			"rotation": {"angle": 0, "axis": "y", "origin": [13, 19, 14]},
			"faces": {
				"north": {"uv": [1.75, 1.25, 3.25, 1.5], "texture": "#0"},
				"east": {"uv": [0, 1.25, 1, 1.5], "texture": "#0"},
				"south": {"uv": [4.75, 1.25, 6.25, 1.5], "texture": "#0"},
				"west": {"uv": [0, 1.25, 1, 1.5], "texture": "#0"},
				"up": {"uv": [1.75, 0, 3.25, 1], "texture": "#0"},
				"down": {"uv": [0, 0, 0, 0], "texture": "#0"}
			}
		},
		{
			"from": [6, 12, 6],
			"to": [10, 13, 10],
			"rotation": {"angle": 0, "axis": "y", "origin": [14, 20, 14]},
			"faces": {
				"north": {"uv": [2, 1, 3, 1.25], "texture": "#0"},
				"east": {"uv": [0, 1, 1, 1.25], "texture": "#0"},
				"south": {"uv": [5, 1, 6, 1.25], "texture": "#0"},
				"west": {"uv": [0, 1, 1, 1.25], "texture": "#0"},
				"up": {"uv": [2, 0, 3, 1], "texture": "#0"},
				"down": {"uv": [0, 0, 0, 0], "texture": "#0"}
			}
		},
		{
			"from": [3, 8, 6],
			"to": [13, 10, 10],
			"rotation": {"angle": 0, "axis": "y", "origin": [11, 16, 14]},
			"faces": {
				"north": {"uv": [1.25, 1.75, 3.75, 2.25], "texture": "#0"},
				"east": {"uv": [0, 1.75, 1, 2.25], "texture": "#0"},
				"south": {"uv": [4.25, 1.75, 6.75, 2.25], "texture": "#0"},
				"west": {"uv": [0, 1.75, 1, 2.25], "texture": "#0"},
				"up": {"uv": [1.25, 0, 3.75, 1], "texture": "#0"},
				"down": {"uv": [0, 0, 0, 0], "texture": "#0"}
			}
		},
		{
			"from": [5, 0, 6],
			"to": [11, 1, 10],
			"rotation": {"angle": 0, "axis": "y", "origin": [13, 8, 14]},
			"faces": {
				"north": {"uv": [1.75, 4, 3.25, 4.25], "texture": "#0"},
				"east": {"uv": [0, 4, 1, 4.25], "texture": "#0"},
				"south": {"uv": [4.75, 4, 6.25, 4.25], "texture": "#0"},
				"west": {"uv": [0, 4, 1, 4.25], "texture": "#0"},
				"up": {"uv": [0, 0, 0, 0], "texture": "#0"},
				"down": {"uv": [1.75, 0, 3.25, 1], "texture": "#0"}
			}
		},
		{
			"name": "e",
			"from": [6.75, 1, 5.9],
			"to": [6.95, 22, 5.9],
			"rotation": {"angle": 0, "axis": "y", "origin": [16.25, 9, 14]},
			"faces": {
				"north": {"uv": [10.25, 0.25, 10.5, 5.5], "texture": "#0"},
				"east": {"uv": [0, 0, 0, 16], "texture": "#0"},
				"south": {"uv": [9, 0.75, 9.25, 5.5], "texture": "#0"},
				"west": {"uv": [0, 0, 0, 16], "texture": "#0"},
				"up": {"uv": [0, 0, 0.25, 0], "texture": "#0"},
				"down": {"uv": [0, 0, 0.25, 0], "texture": "#0"}
			}
		},
		{
			"name": "b",
			"from": [7.05, 1, 5.9],
			"to": [7.25, 22, 5.9],
			"rotation": {"angle": 0, "axis": "y", "origin": [17.25, 9, 14]},
			"faces": {
				"north": {"uv": [10, 0.25, 10.25, 5.5], "texture": "#0"},
				"east": {"uv": [0, 0, 0, 16], "texture": "#0"},
				"south": {"uv": [9.25, 0.75, 9.5, 5.5], "texture": "#0"},
				"west": {"uv": [0, 0, 0, 16], "texture": "#0"},
				"up": {"uv": [0, 0, 0.25, 0], "texture": "#0"},
				"down": {"uv": [0, 0, 0.25, 0], "texture": "#0"}
			}
		},
		{
			"name": "g",
			"from": [7.4167, 1, 5.9],
			"to": [7.6167, 22, 5.9],
			"rotation": {"angle": 0, "axis": "y", "origin": [18.25, 9, 14]},
			"faces": {
				"north": {"uv": [9.75, 0.25, 10, 5.5], "texture": "#0"},
				"east": {"uv": [0, 0, 0, 16], "texture": "#0"},
				"south": {"uv": [9.5, 0.75, 9.75, 5.5], "texture": "#0"},
				"west": {"uv": [0, 0, 0, 16], "texture": "#0"},
				"up": {"uv": [0, 0, 0.25, 0], "texture": "#0"},
				"down": {"uv": [0, 0, 0.25, 0], "texture": "#0"}
			}
		},
		{
			"name": "d",
			"from": [7.7167, 1, 5.9],
			"to": [7.9167, 22, 5.9],
			"rotation": {"angle": 0, "axis": "y", "origin": [19, 9, 14]},
			"faces": {
				"north": {"uv": [9.5, 0.25, 9.75, 5.5], "texture": "#0"},
				"east": {"uv": [0, 0, 0, 16], "texture": "#0"},
				"south": {"uv": [9.75, 0.75, 10, 5.5], "texture": "#0"},
				"west": {"uv": [0, 0, 0, 16], "texture": "#0"},
				"up": {"uv": [0, 0, 0.25, 0], "texture": "#0"},
				"down": {"uv": [0, 0, 0.25, 0], "texture": "#0"}
			}
		},
		{
			"name": "a",
			"from": [8.0833, 1, 5.9],
			"to": [8.2833, 22, 5.9],
			"rotation": {"angle": 0, "axis": "y", "origin": [19.25, 9, 14]},
			"faces": {
				"north": {"uv": [9.25, 0.25, 9.5, 5.5], "texture": "#0"},
				"east": {"uv": [0, 0, 0, 16], "texture": "#0"},
				"south": {"uv": [10, 0.75, 10.25, 5.5], "texture": "#0"},
				"west": {"uv": [0, 0, 0, 16], "texture": "#0"},
				"up": {"uv": [0, 0, 0.25, 0], "texture": "#0"},
				"down": {"uv": [0, 0, 0.25, 0], "texture": "#0"}
			}
		},
		{
			"name": "a",
			"from": [8.3833, 1, 5.9],
			"to": [8.5833, 22, 5.9],
			"rotation": {"angle": 0, "axis": "y", "origin": [19.5, 9, 14]},
			"faces": {
				"north": {"uv": [9, 0.25, 9.25, 5.5], "texture": "#0"},
				"east": {"uv": [0, 0, 0, 16], "texture": "#0"},
				"south": {"uv": [10, 0.75, 10.25, 5.5], "texture": "#0"},
				"west": {"uv": [0, 0, 0, 16], "texture": "#0"},
				"up": {"uv": [0, 0, 0.25, 0], "texture": "#0"},
				"down": {"uv": [0, 0, 0.25, 0], "texture": "#0"}
			}
		},
		{
			"name": "a",
			"from": [8.75, 1, 5.9],
			"to": [8.95, 22, 5.9],
			"rotation": {"angle": 0, "axis": "y", "origin": [19.75, 9, 14]},
			"faces": {
				"north": {"uv": [8.75, 0.25, 9, 5.5], "texture": "#0"},
				"east": {"uv": [0, 0, 0, 16], "texture": "#0"},
				"south": {"uv": [10, 0.75, 10.25, 5.5], "texture": "#0"},
				"west": {"uv": [0, 0, 0, 16], "texture": "#0"},
				"up": {"uv": [0, 0, 0.25, 0], "texture": "#0"},
				"down": {"uv": [0, 0, 0.25, 0], "texture": "#0"}
			}
		},
		{
			"name": "e2",
			"from": [9.05, 1, 5.9],
			"to": [9.25, 22, 5.9],
			"rotation": {"angle": 0, "axis": "y", "origin": [20.5, 9, 14]},
			"faces": {
				"north": {"uv": [8.5, 0.25, 8.75, 5.5], "texture": "#0"},
				"east": {"uv": [0, 0, 0, 16], "texture": "#0"},
				"south": {"uv": [10.25, 0.75, 10.5, 5.5], "texture": "#0"},
				"west": {"uv": [0, 0, 0, 16], "texture": "#0"},
				"up": {"uv": [0, 0, 0.25, 0], "texture": "#0"},
				"down": {"uv": [0, 0, 0.25, 0], "texture": "#0"}
			}
		},
		{
			"name": "bridge",
			"from": [6.375, 5.25, 5.91],
			"to": [9.625, 5.75, 6.91],
			"rotation": {"angle": 0, "axis": "y", "origin": [15.75, 13.25, 14.5]},
			"faces": {
				"north": {"uv": [4, 0.5, 4.25, 0.75], "texture": "#0"},
				"east": {"uv": [4, 0.5, 4.25, 0.75], "texture": "#0"},
				"south": {"uv": [4, 0.5, 4.25, 0.75], "texture": "#0"},
				"west": {"uv": [4, 0.5, 4.25, 0.75], "texture": "#0"},
				"up": {"uv": [4, 0.5, 4.25, 0.75], "texture": "#0"},
				"down": {"uv": [4, 0.5, 4.25, 0.75], "texture": "#0"}
			}
		},
		{
			"name": "nut",
			"from": [6.6, 21.75, 5.85],
			"to": [9.4, 22.25, 6.35],
			"rotation": {"angle": 0, "axis": "y", "origin": [16, 29.75, 14.25]},
			"faces": {
				"north": {"uv": [4, 0, 4.25, 0.25], "texture": "#0"},
				"east": {"uv": [4, 0, 4.25, 0.25], "texture": "#0"},
				"south": {"uv": [4, 0, 4.25, 0.25], "texture": "#0"},
				"west": {"uv": [4, 0, 4.25, 0.25], "texture": "#0"},
				"up": {"uv": [4, 0, 4.25, 0.25], "texture": "#0"},
				"down": {"uv": [4, 0, 4.25, 0.25], "texture": "#0"}
			}
		},
		{
			"name": "tail_underside",
			"from": [6.375, -0.25, 5.9],
			"to": [9.625, 0, 8],
			"rotation": {"angle": 0, "axis": "y", "origin": [15.75, 7.75, 14.5]},
			"faces": {
				"north": {"uv": [4, 0.75, 4.25, 1], "texture": "#0"},
				"east": {"uv": [4, 0.75, 4.25, 1], "texture": "#0"},
				"south": {"uv": [4, 0.75, 4.25, 1], "texture": "#0"},
				"west": {"uv": [4, 0.75, 4.25, 1], "texture": "#0"},
				"up": {"uv": [4, 0.75, 4.25, 1], "texture": "#0"},
				"down": {"uv": [4, 0.75, 4.25, 1], "texture": "#0"}
			}
		},
		{
			"name": "tail",
			"from": [6.375, -0.25, 5.75],
			"to": [9.625, 1.25, 5.995],
			"rotation": {"angle": 0, "axis": "y", "origin": [15.75, 7.75, 14.25]},
			"faces": {
				"north": {"uv": [4, 0.75, 4.25, 1], "texture": "#0"},
				"east": {"uv": [4, 0.75, 4.25, 1], "texture": "#0"},
				"south": {"uv": [4, 0.75, 4.25, 1], "texture": "#0"},
				"west": {"uv": [4, 0.75, 4.25, 1], "texture": "#0"},
				"up": {"uv": [4, 0.75, 4.25, 1], "texture": "#0"},
				"down": {"uv": [4, 0.75, 4.25, 1], "texture": "#0"}
			}
		},
		{
			"name": "fhole1",
			"from": [10.5, 4, 5.999],
			"to": [12, 8, 5.999],
			"rotation": {"angle": 0, "axis": "z", "origin": [18.5, 12, 14]},
			"faces": {
				"north": {"uv": [7, 0, 7.75, 2], "texture": "#0"},
				"east": {"uv": [0, 0, 0, 0], "texture": "#0"},
				"south": {"uv": [0, 0, 0, 0], "texture": "#0"},
				"west": {"uv": [0, 0, 0, 0], "texture": "#0"},
				"up": {"uv": [0, 0, 0, 0], "texture": "#0"},
				"down": {"uv": [0, 0, 0, 0], "texture": "#0"}
			}
		},
		{
			"name": "fhole2",
			"from": [4, 4, 5.999],
			"to": [5.5, 8, 5.999],
			"rotation": {"angle": 0, "axis": "y", "origin": [12, 12, 14]},
			"faces": {
				"north": {"uv": [7.75, 0, 8.5, 2], "texture": "#0"},
				"east": {"uv": [0, 0, 0, 0], "texture": "#0"},
				"south": {"uv": [0, 0, 0, 0], "texture": "#0"},
				"west": {"uv": [0, 0, 0, 0], "texture": "#0"},
				"up": {"uv": [0, 0, 0, 0], "texture": "#0"},
				"down": {"uv": [0, 0, 0, 0], "texture": "#0"}
			}
		},
		{
			"name": "neck",
			"from": [6.5, 13, 6],
			"to": [9.5, 22, 8],
			"rotation": {"angle": 0, "axis": "y", "origin": [15, 21, 14]},
			"faces": {
				"north": {"uv": [11, 3.25, 11.75, 5.5], "texture": "#0"},
				"east": {"uv": [10.5, 3.25, 11, 5.5], "texture": "#0"},
				"south": {"uv": [12.25, 3.25, 13, 5.5], "texture": "#0"},
				"west": {"uv": [11.75, 3.25, 12.25, 5.5], "texture": "#0"},
				"up": {"uv": [0, 0, 3, 2], "texture": "#0"},
				"down": {"uv": [0, 0, 3, 2], "texture": "#0"}
			}
		},
		{
			"name": "neck_extended",
			"from": [6.5, 12, 5.975],
			"to": [9.5, 13.1, 5.975],
			"rotation": {"angle": 0, "axis": "y", "origin": [15, 20, 14]},
			"faces": {
				"north": {"uv": [11, 3.25, 11.75, 3.5], "texture": "#0"},
				"east": {"uv": [11, 2.25, 11.75, 3.25], "texture": "#0"},
				"south": {"uv": [10.5, 2.25, 12, 3.25], "texture": "#0"},
				"west": {"uv": [11, 2.25, 11.75, 3.25], "texture": "#0"},
				"up": {"uv": [0, 0, 3, 2], "texture": "#0"},
				"down": {"uv": [0, 0, 3, 2], "texture": "#0"}
			}
		},
		{
			"name": "neck_extended_bottom",
			"from": [6.5, 11, 5.975],
			"to": [9.5, 12.1, 5.975],
			"rotation": {"angle": 0, "axis": "y", "origin": [15, 19, 14]},
			"faces": {
				"north": {"uv": [10.5, 2.25, 12, 3.25], "texture": "#0"},
				"east": {"uv": [11, 2.25, 11.75, 3.25], "texture": "#0"},
				"south": {"uv": [10.5, 2.25, 12, 3.25], "texture": "#0"},
				"west": {"uv": [11, 2.25, 11.75, 3.25], "texture": "#0"},
				"up": {"uv": [0, 0, 3, 2], "texture": "#0"},
				"down": {"uv": [0, 0, 3, 2], "texture": "#0"}
			}
		},
		{
			"name": "neck_support",
			"from": [6.5, 13, 8],
			"to": [9.5, 14, 9],
			"rotation": {"angle": 0, "axis": "y", "origin": [15, 21, 16]},
			"faces": {
				"north": {"uv": [10.5, 5.25, 10.75, 5.5], "texture": "#0"},
				"east": {"uv": [10.5, 5.25, 10.75, 5.5], "texture": "#0"},
				"south": {"uv": [10.5, 5.25, 10.75, 5.5], "texture": "#0"},
				"west": {"uv": [10.5, 5.25, 10.75, 5.5], "texture": "#0"},
				"up": {"uv": [10.5, 5.25, 10.75, 5.5], "texture": "#0"},
				"down": {"uv": [10.5, 5.25, 10.75, 5.5], "texture": "#0"}
			}
		},
		{
			"name": "head",
			"from": [6, 22, 6],
			"to": [10, 28, 8],
			"rotation": {"angle": 0, "axis": "y", "origin": [15, 30, 14]},
			"faces": {
				"north": {"uv": [12.5, 0.5, 13.5, 1.75], "texture": "#0"},
				"east": {"uv": [12, 0.5, 12.5, 1.75], "texture": "#0"},
				"south": {"uv": [11, 0.5, 12, 1.75], "texture": "#0"},
				"west": {"uv": [10.5, 0.5, 11, 1.75], "texture": "#0"},
				"up": {"uv": [11, 0, 12, 0.5], "texture": "#0"},
				"down": {"uv": [11, 1.75, 12, 2.25], "texture": "#0"}
			}
		},
		{
			"from": [10, 22.75, 6.5],
			"to": [11, 23.75, 7],
			"rotation": {"angle": 22.5, "axis": "x", "origin": [10, 23.25, 7]},
			"faces": {
				"north": {"uv": [4, 0.25, 4.25, 0.5], "texture": "#0"},
				"east": {"uv": [4, 0.25, 4.25, 0.5], "texture": "#0"},
				"south": {"uv": [4, 0.25, 4.25, 0.5], "texture": "#0"},
				"west": {"uv": [4, 0.25, 4.25, 0.5], "texture": "#0"},
				"up": {"uv": [4, 0.25, 4.25, 0.5], "texture": "#0"},
				"down": {"uv": [4, 0.25, 4.25, 0.5], "texture": "#0"}
			}
		},
		{
			"from": [5, 25.25, 6.5],
			"to": [6, 26.25, 7],
			"rotation": {"angle": 22.5, "axis": "x", "origin": [6, 25.75, 7]},
			"faces": {
				"north": {"uv": [4, 0.25, 4.25, 0.5], "texture": "#0"},
				"east": {"uv": [4, 0.25, 4.25, 0.5], "texture": "#0"},
				"south": {"uv": [4, 0.25, 4.25, 0.5], "texture": "#0"},
				"west": {"uv": [4, 0.25, 4.25, 0.5], "texture": "#0"},
				"up": {"uv": [4, 0.25, 4.25, 0.5], "texture": "#0"},
				"down": {"uv": [4, 0.25, 4.25, 0.5], "texture": "#0"}
			}
		},
		{
			"from": [6.625, 23, 5.75],
			"to": [7.375, 23.75, 6.75],
			"rotation": {"angle": 0, "axis": "y", "origin": [15.25, 30.5, 14.25]},
			"faces": {
				"north": {"uv": [4, 0.25, 4.25, 0.5], "texture": "#0"},
				"east": {"uv": [4, 0.25, 4.25, 0.5], "texture": "#0"},
				"south": {"uv": [4, 0.25, 4.25, 0.5], "texture": "#0"},
				"west": {"uv": [4, 0.25, 4.25, 0.5], "texture": "#0"},
				"up": {"uv": [4, 0.25, 4.25, 0.5], "texture": "#0"},
				"down": {"uv": [4, 0.25, 4.25, 0.5], "texture": "#0"}
			}
		},
		{
			"from": [6.625, 24.25, 5.75],
			"to": [7.375, 25, 6.75],
			"rotation": {"angle": 0, "axis": "y", "origin": [15.25, 32.25, 14.25]},
			"faces": {
				"north": {"uv": [4, 0.25, 4.25, 0.5], "texture": "#0"},
				"east": {"uv": [4, 0.25, 4.25, 0.5], "texture": "#0"},
				"south": {"uv": [4, 0.25, 4.25, 0.5], "texture": "#0"},
				"west": {"uv": [4, 0.25, 4.25, 0.5], "texture": "#0"},
				"up": {"uv": [4, 0.25, 4.25, 0.5], "texture": "#0"},
				"down": {"uv": [4, 0.25, 4.25, 0.5], "texture": "#0"}
			}
		},
		{
			"from": [6.625, 25.5, 5.75],
			"to": [7.375, 26.25, 6.75],
			"rotation": {"angle": 0, "axis": "y", "origin": [15.25, 33, 14.25]},
			"faces": {
				"north": {"uv": [4, 0.25, 4.25, 0.5], "texture": "#0"},
				"east": {"uv": [4, 0.25, 4.25, 0.5], "texture": "#0"},
				"south": {"uv": [4, 0.25, 4.25, 0.5], "texture": "#0"},
				"west": {"uv": [4, 0.25, 4.25, 0.5], "texture": "#0"},
				"up": {"uv": [4, 0.25, 4.25, 0.5], "texture": "#0"},
				"down": {"uv": [4, 0.25, 4.25, 0.5], "texture": "#0"}
			}
		},
		{
			"from": [5, 26.5, 6.5],
			"to": [6, 27.5, 7],
			"rotation": {"angle": 22.5, "axis": "x", "origin": [6, 27, 7]},
			"faces": {
				"north": {"uv": [4, 0.25, 4.25, 0.5], "texture": "#0"},
				"east": {"uv": [4, 0.25, 4.25, 0.5], "texture": "#0"},
				"south": {"uv": [4, 0.25, 4.25, 0.5], "texture": "#0"},
				"west": {"uv": [4, 0.25, 4.25, 0.5], "texture": "#0"},
				"up": {"uv": [4, 0.25, 4.25, 0.5], "texture": "#0"},
				"down": {"uv": [4, 0.25, 4.25, 0.5], "texture": "#0"}
			}
		},
		{
			"from": [10, 26.5, 6.5],
			"to": [11, 27.5, 7],
			"rotation": {"angle": 22.5, "axis": "x", "origin": [10, 27, 7]},
			"faces": {
				"north": {"uv": [4, 0.25, 4.25, 0.5], "texture": "#0"},
				"east": {"uv": [4, 0.25, 4.25, 0.5], "texture": "#0"},
				"south": {"uv": [4, 0.25, 4.25, 0.5], "texture": "#0"},
				"west": {"uv": [4, 0.25, 4.25, 0.5], "texture": "#0"},
				"up": {"uv": [4, 0.25, 4.25, 0.5], "texture": "#0"},
				"down": {"uv": [4, 0.25, 4.25, 0.5], "texture": "#0"}
			}
		},
		{
			"from": [8.625, 26.75, 5.75],
			"to": [9.375, 27.5, 6.75],
			"rotation": {"angle": 0, "axis": "y", "origin": [17.25, 34.25, 14.25]},
			"faces": {
				"north": {"uv": [4, 0.25, 4.25, 0.5], "texture": "#0"},
				"east": {"uv": [4, 0.25, 4.25, 0.5], "texture": "#0"},
				"south": {"uv": [4, 0.25, 4.25, 0.5], "texture": "#0"},
				"west": {"uv": [4, 0.25, 4.25, 0.5], "texture": "#0"},
				"up": {"uv": [4, 0.25, 4.25, 0.5], "texture": "#0"},
				"down": {"uv": [4, 0.25, 4.25, 0.5], "texture": "#0"}
			}
		},
		{
			"from": [6.625, 26.75, 5.75],
			"to": [7.375, 27.5, 6.75],
			"rotation": {"angle": 0, "axis": "y", "origin": [15.25, 34.25, 14.25]},
			"faces": {
				"north": {"uv": [4, 0.25, 4.25, 0.5], "texture": "#0"},
				"east": {"uv": [4, 0.25, 4.25, 0.5], "texture": "#0"},
				"south": {"uv": [4, 0.25, 4.25, 0.5], "texture": "#0"},
				"west": {"uv": [4, 0.25, 4.25, 0.5], "texture": "#0"},
				"up": {"uv": [4, 0.25, 4.25, 0.5], "texture": "#0"},
				"down": {"uv": [4, 0.25, 4.25, 0.5], "texture": "#0"}
			}
		},
		{
			"from": [8.625, 24.25, 5.75],
			"to": [9.375, 25, 6.75],
			"rotation": {"angle": 0, "axis": "y", "origin": [17.25, 32.25, 14.25]},
			"faces": {
				"north": {"uv": [4, 0.25, 4.25, 0.5], "texture": "#0"},
				"east": {"uv": [4, 0.25, 4.25, 0.5], "texture": "#0"},
				"south": {"uv": [4, 0.25, 4.25, 0.5], "texture": "#0"},
				"west": {"uv": [4, 0.25, 4.25, 0.5], "texture": "#0"},
				"up": {"uv": [4, 0.25, 4.25, 0.5], "texture": "#0"},
				"down": {"uv": [4, 0.25, 4.25, 0.5], "texture": "#0"}
			}
		},
		{
			"from": [8.625, 23, 5.75],
			"to": [9.375, 23.75, 6.75],
			"rotation": {"angle": 0, "axis": "y", "origin": [17.25, 30.5, 14.25]},
			"faces": {
				"north": {"uv": [4, 0.25, 4.25, 0.5], "texture": "#0"},
				"east": {"uv": [4, 0.25, 4.25, 0.5], "texture": "#0"},
				"south": {"uv": [4, 0.25, 4.25, 0.5], "texture": "#0"},
				"west": {"uv": [4, 0.25, 4.25, 0.5], "texture": "#0"},
				"up": {"uv": [4, 0.25, 4.25, 0.5], "texture": "#0"},
				"down": {"uv": [4, 0.25, 4.25, 0.5], "texture": "#0"}
			}
		},
		{
			"from": [8.625, 25.5, 5.75],
			"to": [9.375, 26.25, 6.75],
			"rotation": {"angle": 0, "axis": "y", "origin": [17.25, 33, 14.25]},
			"faces": {
				"north": {"uv": [4, 0.25, 4.25, 0.5], "texture": "#0"},
				"east": {"uv": [4, 0.25, 4.25, 0.5], "texture": "#0"},
				"south": {"uv": [4, 0.25, 4.25, 0.5], "texture": "#0"},
				"west": {"uv": [4, 0.25, 4.25, 0.5], "texture": "#0"},
				"up": {"uv": [4, 0.25, 4.25, 0.5], "texture": "#0"},
				"down": {"uv": [4, 0.25, 4.25, 0.5], "texture": "#0"}
			}
		},
		{
			"from": [5, 24, 6.5],
			"to": [6, 25, 7],
			"rotation": {"angle": 22.5, "axis": "x", "origin": [6, 24.5, 7]},
			"faces": {
				"north": {"uv": [4, 0.25, 4.25, 0.5], "texture": "#0"},
				"east": {"uv": [4, 0.25, 4.25, 0.5], "texture": "#0"},
				"south": {"uv": [4, 0.25, 4.25, 0.5], "texture": "#0"},
				"west": {"uv": [4, 0.25, 4.25, 0.5], "texture": "#0"},
				"up": {"uv": [4, 0.25, 4.25, 0.5], "texture": "#0"},
				"down": {"uv": [4, 0.25, 4.25, 0.5], "texture": "#0"}
			}
		},
		{
			"from": [5, 22.75, 6.5],
			"to": [6, 23.75, 7],
			"rotation": {"angle": 22.5, "axis": "x", "origin": [6, 23.25, 7]},
			"faces": {
				"north": {"uv": [4, 0.25, 4.25, 0.5], "texture": "#0"},
				"east": {"uv": [4, 0.25, 4.25, 0.5], "texture": "#0"},
				"south": {"uv": [4, 0.25, 4.25, 0.5], "texture": "#0"},
				"west": {"uv": [4, 0.25, 4.25, 0.5], "texture": "#0"},
				"up": {"uv": [4, 0.25, 4.25, 0.5], "texture": "#0"},
				"down": {"uv": [4, 0.25, 4.25, 0.5], "texture": "#0"}
			}
		},
		{
			"from": [10, 24, 6.5],
			"to": [11, 25, 7],
			"rotation": {"angle": 22.5, "axis": "x", "origin": [10, 24.5, 7]},
			"faces": {
				"north": {"uv": [4, 0.25, 4.25, 0.5], "texture": "#0"},
				"east": {"uv": [4, 0.25, 4.25, 0.5], "texture": "#0"},
				"south": {"uv": [4, 0.25, 4.25, 0.5], "texture": "#0"},
				"west": {"uv": [4, 0.25, 4.25, 0.5], "texture": "#0"},
				"up": {"uv": [4, 0.25, 4.25, 0.5], "texture": "#0"},
				"down": {"uv": [4, 0.25, 4.25, 0.5], "texture": "#0"}
			}
		},
		{
			"from": [10, 25.25, 6.5],
			"to": [11, 26.25, 7],
			"rotation": {"angle": 22.5, "axis": "x", "origin": [10, 25.75, 7]},
			"faces": {
				"north": {"uv": [4, 0.25, 4.25, 0.5], "texture": "#0"},
				"east": {"uv": [4, 0.25, 4.25, 0.5], "texture": "#0"},
				"south": {"uv": [4, 0.25, 4.25, 0.5], "texture": "#0"},
				"west": {"uv": [4, 0.25, 4.25, 0.5], "texture": "#0"},
				"up": {"uv": [4, 0.25, 4.25, 0.5], "texture": "#0"},
				"down": {"uv": [4, 0.25, 4.25, 0.5], "texture": "#0"}
			}
		}
	],
	"display": {
		"thirdperson_righthand": {
			"rotation": [84, -3, 55],
			"translation": [-3.75, -1, -0.5],
			"scale": [0.75, 0.75, 0.75]
		},
		"thirdperson_lefthand": {
			"rotation": [84, -3, 55],
			"translation": [-3.75, -1, -0.5],
			"scale": [0.75, 0.75, 0.75]
		},
		"firstperson_righthand": {
			"rotation": [30, -1, 55],
			"translation": [-3, -2, 1.5],
			"scale": [0.75, 0.75, 0.75]
		},
		"firstperson_lefthand": {
			"rotation": [30, -1, 55],
			"translation": [-3, -2, 1.5],
			"scale": [0.75, 0.75, 0.75]
		},
		"ground": {
			"translation": [0, 2, 0],
			"scale": [0.6, 0.6, 0.6]
		},
		"gui": {
			"rotation": [-31, 153, 38],
			"translation": [-0.75, -2, 0],
			"scale": [0.5, 0.5, 0.5]
		},
		"head": {
			"rotation": [21, 17, 47],
			"translation": [0, 9.75, 0]
		},
		"fixed": {
			"translation": [0, -3, 0],
			"scale": [0.5, 0.5, 0.5]
		}
	},
	"groups": [
		{
			"name": "guitar_body",
			"origin": [12, 25, 14],
			"children": [0, 1, 2, 3, 4, 5, 6,
				{
					"name": "strings",
					"origin": [15, 15, 14],
					"children": [7, 8, 9, 10, 11, 12, 13, 14]
				}, 15, 16, 17, 18, 19, 20,
				{
					"name": "neck",
					"origin": [8, 8, 8],
					"children": [21, 22, 23, 24, 25,
						{
							"name": "tuning_pegs",
							"origin": [8, 8, 8],
							"children": [26, 27, 28, 29, 30, 31, 32, 33, 34, 35, 36, 37, 38, 39, 40, 41]
						}
					]
				}
			]
		}
	]
}