{
 "parent": "item/generated",
 "textures": {
  "layer0": "item/item_frame"
 },
 "overrides": [
 { "predicate": {"custom_model_data": 100}, "model": "item/cherry_leaves"},
 { "predicate": {"custom_model_data": 101}, "model": "item/chair"},
 { "predicate": {"custom_model_data": 103}, "model": "item/lamp"},
 { "predicate": {"custom_model_data": 104}, "model": "item/table"},
 { "predicate": {"custom_model_data": 107}, "model": "item/olympian_generator"},
 { "predicate": {"custom_model_data": 109}, "model": "item/cherry_sapling"},
 { "predicate": {"custom_model_data": 110}, "model": "item/spruce_chair"},
 { "predicate": {"custom_model_data": 111}, "model": "item/birch_chair"},
 { "predicate": {"custom_model_data": 112}, "model": "item/dark_oak_chair"},
 { "predicate": {"custom_model_data": 113}, "model": "item/jungle_chair"},
 { "predicate": {"custom_model_data": 114}, "model": "item/acacia_chair"},
 { "predicate": {"custom_model_data": 115}, "model": "item/crimson_chair"},
 { "predicate": {"custom_model_data": 116}, "model": "item/warped_chair"},
 { "predicate": {"custom_model_data": 117}, "model": "item/spruce_table"},
 { "predicate": {"custom_model_data": 118}, "model": "item/birch_table"},
 { "predicate": {"custom_model_data": 119}, "model": "item/dark_oak_table"},
 { "predicate": {"custom_model_data": 120}, "model": "item/jungle_table"},
 { "predicate": {"custom_model_data": 121}, "model": "item/acacia_table"},
 { "predicate": {"custom_model_data": 122}, "model": "item/crimson_table"},
 { "predicate": {"custom_model_data": 123}, "model": "item/warped_table"},
 { "predicate": {"custom_model_data": 124}, "model": "item/oak_sapling_pot"}
 ]
}