{
	"credit": "Made with Blockbench",
	"ambientocclusion": false,
	"textures": {
		"0": "custom/leaves_oak_sapling",
		"1": "block/oak_log",
		"2": "block/dirt",
		"3": "block/terracotta",
		"particle": "custom/leaves_oak_sapling"
	},
	"elements": [
		{
			"from": [1.6, 0, 1.6],
			"to": [2.4, 11.2, 14.4],
			"faces": {
				"north": {"uv": [0, 0, 1, 14], "texture": "#3"},
				"east": {"uv": [0, 0, 16, 14], "texture": "#3"},
				"south": {"uv": [0, 0, 1, 14], "texture": "#3"},
				"west": {"uv": [0, 2, 16, 16], "texture": "#3"},
				"up": {"uv": [0, 0, 1, 16], "texture": "#3"},
				"down": {"uv": [0, 0, 1, 16], "texture": "#3"}
			}
		},
		{
			"from": [13.6, 0, 1.6],
			"to": [14.4, 11.2, 14.4],
			"faces": {
				"north": {"uv": [0, 0, 1, 14], "texture": "#3"},
				"east": {"uv": [0, 2, 16, 16], "texture": "#3"},
				"south": {"uv": [0, 0, 1, 14], "texture": "#3"},
				"west": {"uv": [0, 2, 16, 16], "texture": "#3"},
				"up": {"uv": [0, 0, 1, 16], "texture": "#3"},
				"down": {"uv": [0, 0, 1, 16], "texture": "#3"}
			}
		},
		{
			"from": [2.4, 0, 1.6],
			"to": [13.6, 11.2, 2.4],
			"rotation": {"angle": 0, "axis": "y", "origin": [8.8, 6.4, 8]},
			"faces": {
				"north": {"uv": [1, 2, 15, 16], "texture": "#3"},
				"south": {"uv": [1, 2, 15, 16], "texture": "#3"},
				"up": {"uv": [0, 0, 14, 1], "texture": "#3"},
				"down": {"uv": [1, 15, 15, 16], "rotation": 180, "texture": "#3"}
			}
		},
		{
			"from": [2.4, 0, 13.6],
			"to": [13.6, 11.2, 14.4],
			"rotation": {"angle": 0, "axis": "y", "origin": [8.8, 6.4, 20]},
			"faces": {
				"north": {"uv": [1, 2, 15, 16], "texture": "#3"},
				"south": {"uv": [1, 2, 15, 16], "texture": "#3"},
				"up": {"uv": [0, 0, 14, 1], "texture": "#3"},
				"down": {"uv": [1, 0, 15, 1], "rotation": 180, "texture": "#3"}
			}
		},
		{
			"from": [2.8, 11.2, 13.2],
			"to": [13.2, 12, 14],
			"rotation": {"angle": 0, "axis": "y", "origin": [8.8, 7.2, 20]},
			"faces": {
				"north": {"uv": [1, 1, 14, 2], "texture": "#3"},
				"south": {"uv": [1, 1, 14, 2], "texture": "#3"},
				"up": {"uv": [1, 1, 14, 2], "texture": "#3"},
				"down": {"uv": [0, 0, 13, 1], "rotation": 270, "texture": "#3"}
			}
		},
		{
			"from": [2.8, 11.2, 2],
			"to": [13.2, 12, 2.8],
			"rotation": {"angle": 0, "axis": "y", "origin": [8.8, 7.2, 8.8]},
			"faces": {
				"north": {"uv": [1, 1, 14, 2], "texture": "#3"},
				"south": {"uv": [0, 0, 13, 1], "texture": "#3"},
				"up": {"uv": [1, 1, 14, 2], "texture": "#3"},
				"down": {"uv": [0, 0, 13, 1], "rotation": 270, "texture": "#3"}
			}
		},
		{
			"from": [2, 11.2, 2],
			"to": [2.8, 12, 14],
			"rotation": {"angle": 0, "axis": "y", "origin": [8.8, 7.2, 6.4]},
			"faces": {
				"north": {"uv": [0, 0, 1, 1], "rotation": 180, "texture": "#3"},
				"east": {"uv": [0, 0, 15, 1], "rotation": 180, "texture": "#3"},
				"south": {"uv": [0, 0, 1, 1], "rotation": 180, "texture": "#3"},
				"west": {"uv": [0, 1, 15, 2], "rotation": 180, "texture": "#3"},
				"up": {"uv": [0, 0, 1, 15], "rotation": 180, "texture": "#3"},
				"down": {"uv": [0, 0, 1, 15], "rotation": 180, "texture": "#3"}
			}
		},
		{
			"from": [13.2, 11.2, 2],
			"to": [14, 12, 14],
			"rotation": {"angle": 0, "axis": "y", "origin": [20, 7.2, 6.4]},
			"faces": {
				"north": {"uv": [0, 0, 1, 1], "rotation": 180, "texture": "#3"},
				"east": {"uv": [0, 1, 15, 2], "rotation": 180, "texture": "#3"},
				"south": {"uv": [0, 0, 1, 1], "rotation": 180, "texture": "#3"},
				"west": {"uv": [0, 1, 15, 2], "rotation": 180, "texture": "#3"},
				"up": {"uv": [0, 0, 1, 15], "rotation": 180, "texture": "#3"},
				"down": {"uv": [0, 0, 1, 15], "rotation": 180, "texture": "#3"}
			}
		},
		{
			"from": [1.6, 12, 1.6],
			"to": [2.4, 12.8, 14.4],
			"faces": {
				"north": {"uv": [0, 0, 1, 1], "texture": "#3"},
				"east": {"uv": [0, 0, 16, 1], "texture": "#3"},
				"south": {"uv": [0, 0, 1, 1], "texture": "#3"},
				"west": {"uv": [0, 0, 16, 1], "texture": "#3"},
				"up": {"uv": [0, 0, 1, 16], "texture": "#3"},
				"down": {"uv": [0, 0, 1, 16], "texture": "#3"}
			}
		},
		{
			"from": [13.6, 12, 1.6],
			"to": [14.4, 12.8, 14.4],
			"faces": {
				"north": {"uv": [0, 0, 1, 1], "texture": "#3"},
				"east": {"uv": [0, 0, 16, 1], "texture": "#3"},
				"south": {"uv": [0, 0, 1, 1], "texture": "#3"},
				"west": {"uv": [0, 0, 16, 1], "texture": "#3"},
				"up": {"uv": [0, 0, 1, 16], "texture": "#3"},
				"down": {"uv": [0, 0, 1, 16], "texture": "#3"}
			}
		},
		{
			"from": [2.4, 12, 1.6],
			"to": [13.6, 12.8, 2.4],
			"rotation": {"angle": 0, "axis": "y", "origin": [8.8, 8, 8]},
			"faces": {
				"north": {"uv": [1, 0, 15, 1], "texture": "#3"},
				"south": {"uv": [0, 0, 14, 1], "texture": "#3"},
				"up": {"uv": [0, 0, 14, 1], "texture": "#3"},
				"down": {"uv": [0, 0, 14, 1], "rotation": 270, "texture": "#3"}
			}
		},
		{
			"from": [2.4, 12, 13.6],
			"to": [13.6, 12.8, 14.4],
			"rotation": {"angle": 0, "axis": "y", "origin": [8.8, 8, 20]},
			"faces": {
				"north": {"uv": [1, 0, 15, 1], "texture": "#3"},
				"south": {"uv": [0, 0, 14, 1], "texture": "#3"},
				"up": {"uv": [1, 0, 15, 1], "texture": "#3"},
				"down": {"uv": [0, 0, 14, 1], "rotation": 270, "texture": "#3"}
			}
		},
		{
			"from": [2.4, 0, 2.4],
			"to": [13.6, 10.4, 13.6],
			"faces": {
				"up": {"uv": [1, 1, 15, 15], "texture": "#2"},
				"down": {"uv": [1, 1, 15, 15], "texture": "#3"}
			}
		},
		{
			"from": [7, 10.4, 7],
			"to": [9, 20.4, 9],
			"faces": {
				"north": {"uv": [0, 0, 2, 9], "texture": "#1"},
				"east": {"uv": [0, 0, 2, 9], "texture": "#1"},
				"south": {"uv": [0, 0, 2, 9], "texture": "#1"},
				"west": {"uv": [0, 0, 2, 9], "texture": "#1"},
				"up": {"uv": [0, 0, 2, 2], "texture": "#1"}
			}
		},
		{
			"from": [7.5, 20.4, 7.5],
			"to": [8.5, 28.4, 8.5],
			"faces": {
				"north": {"uv": [0, 0, 1, 8], "texture": "#1"},
				"east": {"uv": [0, 0, 1, 8], "texture": "#1"},
				"south": {"uv": [0, 0, 1, 8], "texture": "#1"},
				"west": {"uv": [0, 0, 1, 8], "texture": "#1"},
				"up": {"uv": [0, 0, 1, 1], "texture": "#1"},
				"down": {"uv": [0, 0, 1, 1], "texture": "#1"}
			}
		},
		{
			"from": [7.03125, 20.4, -1.78125],
			"to": [8.03125, 26.4, -0.78125],
			"rotation": {"angle": 45, "axis": "x", "origin": [7.53125, 6.4, -1.28125]},
			"faces": {
				"north": {"uv": [0, 0, 1, 6], "texture": "#1"},
				"east": {"uv": [0, 0, 1, 6], "texture": "#1"},
				"south": {"uv": [0, 0, 1, 6], "texture": "#1"},
				"west": {"uv": [0, 0, 1, 6], "texture": "#1"},
				"up": {"uv": [0, 0, 1, 1], "texture": "#1"},
				"down": {"uv": [0, 0, 1, 1], "texture": "#1"}
			}
		},
		{
			"from": [17.03125, 24.4, 12.5],
			"to": [17.53125, 28.4, 13],
			"rotation": {"angle": 45, "axis": "z", "origin": [17.53125, 10.4, 13]},
			"faces": {
				"north": {"uv": [0, 0, 0.5, 4], "texture": "#1"},
				"east": {"uv": [0, 0, 0.5, 4], "texture": "#1"},
				"south": {"uv": [0, 0, 0.5, 4], "texture": "#1"},
				"west": {"uv": [0, 0, 0.5, 4], "texture": "#1"},
				"up": {"uv": [0, 0, 0.5, 0.5], "texture": "#1"},
				"down": {"uv": [0, 0, 0.5, 0.5], "texture": "#1"}
			}
		},
		{
			"from": [7.8125, 18.4, 10.5],
			"to": [8.3125, 22.4, 11],
			"rotation": {"angle": 0, "axis": "x", "origin": [8.3125, 4.4, 11]},
			"faces": {
				"north": {"uv": [0, 0, 0.5, 4], "texture": "#1"},
				"east": {"uv": [0, 0, 0.5, 4], "texture": "#1"},
				"south": {"uv": [0, 0, 0.5, 4], "texture": "#1"},
				"west": {"uv": [0, 0, 0.5, 4], "texture": "#1"},
				"up": {"uv": [0, 0, 0.5, 0.5], "texture": "#1"},
				"down": {"uv": [0, 0, 0.5, 0.5], "texture": "#1"}
			}
		},
		{
			"from": [2.40625, 23.0875, 10.46875],
			"to": [2.90625, 27.0875, 10.96875],
			"rotation": {"angle": -22.5, "axis": "z", "origin": [2.90625, 9.0875, 10.96875]},
			"faces": {
				"north": {"uv": [0, 0, 0.5, 4], "texture": "#1"},
				"east": {"uv": [0, 0, 0.5, 4], "texture": "#1"},
				"south": {"uv": [0, 0, 0.5, 4], "texture": "#1"},
				"west": {"uv": [0, 0, 0.5, 4], "texture": "#1"},
				"up": {"uv": [0, 0, 0.5, 0.5], "texture": "#1"},
				"down": {"uv": [0, 0, 0.5, 0.5], "texture": "#1"}
			}
		},
		{
			"from": [7.40625, 21.0875, 7.15625],
			"to": [7.90625, 25.0875, 7.65625],
			"rotation": {"angle": 22.5, "axis": "x", "origin": [7.90625, 7.0875, 7.65625]},
			"faces": {
				"north": {"uv": [0, 0, 0.5, 4], "texture": "#1"},
				"east": {"uv": [0, 0, 0.5, 4], "texture": "#1"},
				"south": {"uv": [0, 0, 0.5, 4], "texture": "#1"},
				"west": {"uv": [0, 0, 0.5, 4], "texture": "#1"},
				"up": {"uv": [0, 0, 0.5, 0.5], "texture": "#1"},
				"down": {"uv": [0, 0, 0.5, 0.5], "texture": "#1"}
			}
		},
		{
			"from": [9.40625, 21.0875, 7.46875],
			"to": [9.90625, 25.0875, 7.96875],
			"rotation": {"angle": -45, "axis": "z", "origin": [9.65625, 23.0875, 7.71875]},
			"faces": {
				"north": {"uv": [0, 0, 0.5, 4], "texture": "#1"},
				"east": {"uv": [0, 0, 0.5, 4], "texture": "#1"},
				"south": {"uv": [0, 0, 0.5, 4], "texture": "#1"},
				"west": {"uv": [0, 0, 0.5, 4], "texture": "#1"},
				"up": {"uv": [0, 0, 0.5, 0.5], "texture": "#1"},
				"down": {"uv": [0, 0, 0.5, 0.5], "texture": "#1"}
			}
		},
		{
			"from": [10.71875, 23.74375, 6.1875],
			"to": [11.21875, 26.74375, 6.6875],
			"rotation": {"angle": -45, "axis": "x", "origin": [10.96875, 25.74375, 6.4375]},
			"faces": {
				"north": {"uv": [0, 0, 0.5, 3], "texture": "#1"},
				"east": {"uv": [0, 0, 0.5, 3], "texture": "#1"},
				"south": {"uv": [0, 0, 0.5, 3], "texture": "#1"},
				"west": {"uv": [0, 0, 0.5, 3], "texture": "#1"},
				"up": {"uv": [0, 0, 0.5, 0.5], "texture": "#1"},
				"down": {"uv": [0, 0, 0.5, 0.5], "texture": "#1"}
			}
		},
		{
			"from": [8.80625, 24.0875, 7.96875],
			"to": [9.30625, 27.0875, 8.46875],
			"rotation": {"angle": -22.5, "axis": "z", "origin": [9.05625, 26.0875, 8.21875]},
			"faces": {
				"north": {"uv": [0, 0, 0.5, 3], "texture": "#1"},
				"east": {"uv": [0, 0, 0.5, 3], "texture": "#1"},
				"south": {"uv": [0, 0, 0.5, 3], "texture": "#1"},
				"west": {"uv": [0, 0, 0.5, 3], "texture": "#1"},
				"up": {"uv": [0, 0, 0.5, 0.5], "texture": "#1"},
				"down": {"uv": [0, 0, 0.5, 0.5], "texture": "#1"}
			}
		},
		{
			"from": [8.80625, 27.4, 7.96875],
			"to": [9.30625, 30.4, 8.46875],
			"rotation": {"angle": -22.5, "axis": "z", "origin": [9.05625, 29.4, 8.21875]},
			"faces": {
				"north": {"uv": [0, 0, 0.5, 3], "texture": "#1"},
				"east": {"uv": [0, 0, 0.5, 3], "texture": "#1"},
				"south": {"uv": [0, 0, 0.5, 3], "texture": "#1"},
				"west": {"uv": [0, 0, 0.5, 3], "texture": "#1"},
				"up": {"uv": [0, 0, 0.5, 0.5], "texture": "#1"},
				"down": {"uv": [0, 0, 0.5, 0.5], "texture": "#1"}
			}
		},
		{
			"from": [7.43125, 27.4, 5.96875],
			"to": [7.93125, 30.4, 6.46875],
			"rotation": {"angle": -45, "axis": "x", "origin": [7.68125, 29.4, 6.21875]},
			"faces": {
				"north": {"uv": [0, 0, 0.5, 3], "texture": "#1"},
				"east": {"uv": [0, 0, 0.5, 3], "texture": "#1"},
				"south": {"uv": [0, 0, 0.5, 3], "texture": "#1"},
				"west": {"uv": [0, 0, 0.5, 3], "texture": "#1"},
				"up": {"uv": [0, 0, 0.5, 0.5], "texture": "#1"},
				"down": {"uv": [0, 0, 0.5, 0.5], "texture": "#1"}
			}
		},
		{
			"from": [7.03125, 13.2125, 5.8125],
			"to": [8.03125, 19.2125, 6.8125],
			"rotation": {"angle": -22.5, "axis": "x", "origin": [7.53125, 16.2125, 6.3125]},
			"faces": {
				"north": {"uv": [0, 0, 1, 6], "texture": "#1"},
				"east": {"uv": [0, 0, 1, 6], "texture": "#1"},
				"south": {"uv": [0, 0, 1, 6], "texture": "#1"},
				"west": {"uv": [0, 0, 1, 6], "texture": "#1"},
				"up": {"uv": [0, 0, 1, 1], "texture": "#1"},
				"down": {"uv": [0, 0, 1, 1], "texture": "#1"}
			}
		},
		{
			"from": [7.40625, 18.775, 3.9375],
			"to": [7.90625, 22.775, 4.4375],
			"rotation": {"angle": -22.5, "axis": "x", "origin": [7.65625, 20.775, 4.1875]},
			"faces": {
				"north": {"uv": [0, 0, 0.5, 4], "texture": "#1"},
				"east": {"uv": [0, 0, 0.5, 4], "texture": "#1"},
				"south": {"uv": [0, 0, 0.5, 4], "texture": "#1"},
				"west": {"uv": [0, 0, 0.5, 4], "texture": "#1"},
				"up": {"uv": [0, 0, 0.5, 0.5], "texture": "#1"},
				"down": {"uv": [0, 0, 0.5, 0.5], "texture": "#1"}
			}
		},
		{
			"from": [3.65625, 19.8375, 7.46875],
			"to": [7.65625, 20.3375, 7.96875],
			"rotation": {"angle": -22.5, "axis": "z", "origin": [5.65625, 20.0875, 7.71875]},
			"faces": {
				"north": {"uv": [0, 0, 0.5, 4], "rotation": 90, "texture": "#1"},
				"east": {"uv": [0, 0, 0.5, 0.5], "rotation": 270, "texture": "#1"},
				"south": {"uv": [0, 0, 0.5, 4], "rotation": 270, "texture": "#1"},
				"west": {"uv": [0, 0, 0.5, 0.5], "rotation": 270, "texture": "#1"},
				"up": {"uv": [0, 0, 0.5, 4], "rotation": 270, "texture": "#1"},
				"down": {"uv": [0, 0, 0.5, 4], "rotation": 270, "texture": "#1"}
			}
		},
		{
			"from": [1.65625, 21.8375, 7.46875],
			"to": [4.65625, 22.3375, 7.96875],
			"rotation": {"angle": -45, "axis": "z", "origin": [2.65625, 22.0875, 7.71875]},
			"faces": {
				"north": {"uv": [0, 0, 0.5, 3], "rotation": 90, "texture": "#1"},
				"east": {"uv": [0, 0, 0.5, 0.5], "rotation": 270, "texture": "#1"},
				"south": {"uv": [0, 0, 0.5, 3], "rotation": 270, "texture": "#1"},
				"west": {"uv": [0, 0, 0.5, 0.5], "rotation": 270, "texture": "#1"},
				"up": {"uv": [0, 0, 0.5, 3], "rotation": 270, "texture": "#1"},
				"down": {"uv": [0, 0, 3, 0.5], "rotation": 270, "texture": "#1"}
			}
		},
		{
			"from": [1.0625, 22.43125, 7.46875],
			"to": [1.5625, 24.43125, 7.96875],
			"rotation": {"angle": 22.5, "axis": "z", "origin": [1.3125, 24.43125, 7.71875]},
			"faces": {
				"north": {"uv": [0, 0, 0.5, 2], "texture": "#1"},
				"east": {"uv": [0, 0, 0.5, 2], "texture": "#1"},
				"south": {"uv": [0, 0, 0.5, 2], "texture": "#1"},
				"west": {"uv": [0, 0, 0.5, 2], "texture": "#1"},
				"up": {"uv": [0, 0, 0.5, 0.5], "texture": "#1"},
				"down": {"uv": [0, 0, 0.5, 0.5], "texture": "#1"}
			}
		},
		{
			"from": [2.84375, 21.43125, 8.46875],
			"to": [3.34375, 23.43125, 8.96875],
			"rotation": {"angle": 22.5, "axis": "x", "origin": [3.09375, 23.43125, 8.71875]},
			"faces": {
				"north": {"uv": [0, 0, 0.5, 2], "texture": "#1"},
				"east": {"uv": [0, 0, 0.5, 2], "texture": "#1"},
				"south": {"uv": [0, 0, 0.5, 2], "texture": "#1"},
				"west": {"uv": [0, 0, 0.5, 2], "texture": "#1"},
				"up": {"uv": [0, 0, 0.5, 0.5], "texture": "#1"},
				"down": {"uv": [0, 0, 0.5, 0.5], "texture": "#1"}
			}
		},
		{
			"from": [3.84375, 20.15, 5.96875],
			"to": [4.34375, 22.15, 6.46875],
			"rotation": {"angle": -45, "axis": "x", "origin": [4.09375, 22.15, 6.21875]},
			"faces": {
				"north": {"uv": [0, 0, 0.5, 2], "texture": "#1"},
				"east": {"uv": [0, 0, 0.5, 2], "texture": "#1"},
				"south": {"uv": [0, 0, 0.5, 2], "texture": "#1"},
				"west": {"uv": [0, 0, 0.5, 2], "texture": "#1"},
				"up": {"uv": [0, 0, 0.5, 0.5], "texture": "#1"},
				"down": {"uv": [0, 0, 0.5, 0.5], "texture": "#1"}
			}
		},
		{
			"from": [6, 19.4, 8],
			"to": [12, 27.4, 14],
			"rotation": {"angle": -22.5, "axis": "x", "origin": [8, 5.4, 12]},
			"faces": {
				"north": {"uv": [0, 0, 6, 8], "texture": "#0"},
				"east": {"uv": [0, 0, 6, 8], "texture": "#0"},
				"south": {"uv": [0, 0, 6, 8], "texture": "#0"},
				"west": {"uv": [0, 0, 6, 8], "texture": "#0"},
				"up": {"uv": [0, 0, 6, 8], "texture": "#0"},
				"down": {"uv": [0, 0, 6, 8], "texture": "#0"}
			}
		},
		{
			"from": [8, 19.4, 6],
			"to": [14, 26.4, 12],
			"rotation": {"angle": 22.5, "axis": "y", "origin": [10, 5.4, 10]},
			"faces": {
				"north": {"uv": [0, 0, 6, 7], "texture": "#0"},
				"east": {"uv": [0, 0, 6, 8], "texture": "#0"},
				"south": {"uv": [0, 0, 6, 8], "texture": "#0"},
				"west": {"uv": [0, 0, 6, 8], "texture": "#0"},
				"up": {"uv": [0, 0, 6, 8], "texture": "#0"},
				"down": {"uv": [0, 0, 6, 8], "texture": "#0"}
			}
		},
		{
			"from": [4, 22.4, -1],
			"to": [11, 29.4, 6],
			"rotation": {"angle": 45, "axis": "x", "origin": [6, 8.4, 3]},
			"faces": {
				"north": {"uv": [0, 0, 7, 7], "texture": "#0"},
				"east": {"uv": [0, 0, 6, 8], "texture": "#0"},
				"south": {"uv": [0, 0, 6, 8], "texture": "#0"},
				"west": {"uv": [0, 0, 6, 8], "texture": "#0"},
				"up": {"uv": [0, 0, 6, 8], "texture": "#0"},
				"down": {"uv": [0, 0, 6, 8], "texture": "#0"}
			}
		},
		{
			"from": [6, 20.4, 4],
			"to": [12, 26.4, 11],
			"rotation": {"angle": 22.5, "axis": "z", "origin": [8, 6.4, 8]},
			"faces": {
				"north": {"uv": [0, 0, 6, 6], "texture": "#0"},
				"east": {"uv": [0, 0, 6, 8], "texture": "#0"},
				"south": {"uv": [0, 0, 6, 8], "texture": "#0"},
				"west": {"uv": [0, 0, 6, 8], "texture": "#0"},
				"up": {"uv": [0, 0, 6, 8], "texture": "#0"},
				"down": {"uv": [0, 0, 6, 8], "texture": "#0"}
			}
		},
		{
			"from": [4, 23.4, 3],
			"to": [11, 30.4, 10],
			"rotation": {"angle": -22.5, "axis": "y", "origin": [6, 9.4, 7]},
			"faces": {
				"north": {"uv": [0, 0, 7, 7], "texture": "#0"},
				"east": {"uv": [0, 0, 7, 7], "texture": "#0"},
				"south": {"uv": [0, 0, 7, 7], "texture": "#0"},
				"west": {"uv": [0, 0, 7, 7], "texture": "#0"},
				"up": {"uv": [0, 0, 7, 7], "texture": "#0"},
				"down": {"uv": [0, 0, 7, 7], "texture": "#0"}
			}
		},
		{
			"from": [12, 19.4, 8],
			"to": [6, 27.4, 14],
			"rotation": {"angle": -22.5, "axis": "x", "origin": [14, 5.4, 12]},
			"faces": {
				"north": {"uv": [0, 0, 6, 8], "texture": "#0"},
				"east": {"uv": [0, 0, 6, 8], "texture": "#0"},
				"south": {"uv": [0, 0, 6, 8], "texture": "#0"},
				"west": {"uv": [0, 0, 6, 8], "texture": "#0"},
				"up": {"uv": [0, 0, 6, 8], "texture": "#0"},
				"down": {"uv": [0, 0, 6, 8], "texture": "#0"}
			}
		},
		{
			"from": [12, 20.4, 4],
			"to": [6, 26.4, 11],
			"rotation": {"angle": 22.5, "axis": "z", "origin": [8, 6.4, 8]},
			"faces": {
				"north": {"uv": [0, 0, 6, 6], "texture": "#0"},
				"east": {"uv": [0, 0, 6, 8], "texture": "#0"},
				"south": {"uv": [0, 0, 6, 8], "texture": "#0"},
				"west": {"uv": [0, 0, 6, 8], "texture": "#0"},
				"up": {"uv": [0, 0, 6, 8], "texture": "#0"},
				"down": {"uv": [0, 0, 6, 8], "texture": "#0"}
			}
		},
		{
			"from": [11, 22.4, -1],
			"to": [4, 29.4, 6],
			"rotation": {"angle": 45, "axis": "x", "origin": [6, 8.4, 3]},
			"faces": {
				"north": {"uv": [0, 0, 7, 7], "texture": "#0"},
				"east": {"uv": [0, 0, 6, 8], "texture": "#0"},
				"south": {"uv": [0, 0, 6, 8], "texture": "#0"},
				"west": {"uv": [0, 0, 6, 8], "texture": "#0"},
				"up": {"uv": [0, 0, 6, 8], "texture": "#0"},
				"down": {"uv": [0, 0, 6, 8], "texture": "#0"}
			}
		},
		{
			"from": [14, 19.4, 6],
			"to": [8, 26.4, 12],
			"rotation": {"angle": 22.5, "axis": "y", "origin": [10, 5.4, 10]},
			"faces": {
				"north": {"uv": [0, 0, 6, 7], "texture": "#0"},
				"east": {"uv": [0, 0, 6, 8], "texture": "#0"},
				"south": {"uv": [0, 0, 6, 8], "texture": "#0"},
				"west": {"uv": [0, 0, 6, 8], "texture": "#0"},
				"up": {"uv": [0, 0, 6, 8], "texture": "#0"},
				"down": {"uv": [0, 0, 6, 8], "texture": "#0"}
			}
		},
		{
			"from": [11, 23.4, 3],
			"to": [4, 30.4, 10],
			"rotation": {"angle": -22.5, "axis": "y", "origin": [6, 9.4, 7]},
			"faces": {
				"north": {"uv": [0, 0, 7, 7], "texture": "#0"},
				"east": {"uv": [0, 0, 7, 7], "texture": "#0"},
				"south": {"uv": [0, 0, 7, 7], "texture": "#0"},
				"west": {"uv": [0, 0, 7, 7], "texture": "#0"},
				"up": {"uv": [0, 0, 7, 7], "texture": "#0"},
				"down": {"uv": [0, 0, 7, 7], "texture": "#0"}
			}
		},
		{
			"from": [4, 20.4, 6],
			"to": [10, 27.4, 12],
			"rotation": {"angle": -22.5, "axis": "z", "origin": [10, 5.4, 10]},
			"faces": {
				"north": {"uv": [0, 0, 6, 7], "texture": "#0"},
				"east": {"uv": [0, 0, 6, 8], "texture": "#0"},
				"south": {"uv": [0, 0, 6, 8], "texture": "#0"},
				"west": {"uv": [0, 0, 6, 8], "texture": "#0"},
				"up": {"uv": [0, 0, 6, 8], "texture": "#0"},
				"down": {"uv": [0, 0, 6, 8], "texture": "#0"}
			}
		},
		{
			"from": [10, 20.4, 6],
			"to": [4, 27.4, 12],
			"rotation": {"angle": -22.5, "axis": "z", "origin": [10, 5.4, 10]},
			"faces": {
				"north": {"uv": [0, 0, 6, 7], "texture": "#0"},
				"east": {"uv": [0, 0, 6, 8], "texture": "#0"},
				"south": {"uv": [0, 0, 6, 8], "texture": "#0"},
				"west": {"uv": [0, 0, 6, 8], "texture": "#0"},
				"up": {"uv": [0, 0, 6, 8], "texture": "#0"},
				"down": {"uv": [0, 0, 6, 8], "texture": "#0"}
			}
		},
		{
			"from": [8, 20.4, 12],
			"to": [2, 27.4, 18],
			"rotation": {"angle": -22.5, "axis": "y", "origin": [10, 5.4, 10]},
			"faces": {
				"north": {"uv": [0, 0, 6, 7], "texture": "#0"},
				"east": {"uv": [0, 0, 6, 8], "texture": "#0"},
				"south": {"uv": [0, 0, 6, 8], "texture": "#0"},
				"west": {"uv": [0, 0, 6, 8], "texture": "#0"},
				"up": {"uv": [0, 0, 6, 8], "texture": "#0"},
				"down": {"uv": [0, 0, 6, 8], "texture": "#0"}
			}
		},
		{
			"from": [2, 20.4, 12],
			"to": [8, 27.4, 18],
			"rotation": {"angle": -22.5, "axis": "y", "origin": [10, 5.4, 10]},
			"faces": {
				"north": {"uv": [0, 0, 6, 7], "texture": "#0"},
				"east": {"uv": [0, 0, 6, 8], "texture": "#0"},
				"south": {"uv": [0, 0, 6, 8], "texture": "#0"},
				"west": {"uv": [0, 0, 6, 8], "texture": "#0"},
				"up": {"uv": [0, 0, 6, 8], "texture": "#0"},
				"down": {"uv": [0, 0, 6, 8], "texture": "#0"}
			}
		}
	],
	"display": {
		"thirdperson_righthand": {
			"translation": [0, 0.25, 0],
			"scale": [0.4, 0.4, 0.4]
		},
		"thirdperson_lefthand": {
			"translation": [0, 0.25, 0],
			"scale": [0.4, 0.4, 0.4]
		},
		"firstperson_righthand": {
			"scale": [0.4, 0.4, 0.4]
		},
		"firstperson_lefthand": {
			"scale": [0.4, 0.4, 0.4]
		},
		"ground": {
			"scale": [0.4, 0.4, 0.4]
		},
		"gui": {
			"rotation": [30, 45, 0],
			"translation": [0, -2, 0],
			"scale": [0.4, 0.4, 0.4]
		},
		"head": {
			"translation": [0, 3.25, 0],
			"scale": [1.01, 1.02, 1.01]
		},
		"fixed": {
			"rotation": [-90, 0, 0],
			"translation": [0, 0, -14],
			"scale": [2, 2, 2]
		}
	}
}