{"credit":"Made with Blockbench","textures":{"0":"custom/owl_staff","particle":"custom/owl_staff"},"elements":[{"from":[7.5,0.66667,7.5],"to":[8.5,16.66667,8.5],"rotation":{"angle":0,"axis":"y","origin":[15.5,8.66667,15.5]},"faces":{"north":{"uv":[12,0,13,16],"texture":"#0"},"east":{"uv":[15,0,16,16],"texture":"#0"},"south":{"uv":[14,0,15,16],"texture":"#0"},"west":{"uv":[13,0,14,16],"texture":"#0"}}},{"from":[6.5,16.66667,7],"to":[9.5,20.66667,9],"rotation":{"angle":0,"axis":"y","origin":[16.5,12.66667,15]},"faces":{"north":{"uv":[0,2,3,6],"texture":"#0"},"east":{"uv":[8,2,10,6],"texture":"#0"},"south":{"uv":[5,2,8,6],"texture":"#0"},"west":{"uv":[3,2,5,6],"texture":"#0"},"up":{"uv":[2,0,5,2],"texture":"#0"},"down":{"uv":[5,0,8,2],"texture":"#0"}}},{"from":[7.5,17.91667,6.75],"to":[8.5,18.91667,7.75],"rotation":{"angle":45,"axis":"x","origin":[8,18.41667,7.25]},"faces":{"north":{"uv":[5,15,6,16],"texture":"#0"},"east":{"uv":[4,15,5,16],"texture":"#0"},"south":{"uv":[7,15,8,16],"texture":"#0"},"west":{"uv":[6,15,7,16],"texture":"#0"},"up":{"uv":[5,14,6,15],"texture":"#0"},"down":{"uv":[6,14,7,15],"texture":"#0"}}},{"from":[7.5,-7.33333,7.5],"to":[8.5,0.66667,8.5],"rotation":{"angle":0,"axis":"y","origin":[15.5,0.66667,15.5]},"faces":{"north":{"uv":[0,8,1,16],"texture":"#0"},"east":{"uv":[3,8,4,16],"texture":"#0"},"south":{"uv":[2,8,3,16],"texture":"#0"},"west":{"uv":[1,8,2,16],"texture":"#0"},"down":{"uv":[11,0,12,1],"texture":"#0"}}}],"display":{"thirdperson_righthand":{"rotation":[0,90,0],"translation":[0,1.75,1.5]},"thirdperson_lefthand":{"rotation":[0,90,0],"translation":[0,1.75,1.5]},"firstperson_righthand":{"rotation":[0,103,0],"translation":[1.75,-1.75,0]},"firstperson_lefthand":{"rotation":[0,103,0],"translation":[1.75,-1.75,0]},"ground":{"rotation":[82,0,0]},"gui":{"rotation":[-122.5,39.25,-158],"translation":[-0.25,0,0],"scale":[1.42,1.42,1.42]},"fixed":{"rotation":[0,0,45],"scale":[0.85,0.85,0.85]}}}